# caller_addr	callee_addr (direct bl only; virtual/indirect calls not resolved)
800063c8	8003a924
800063c8	800396d0
800063c8	8003bd44
80013d00	803e6828
80013d00	803e744c
80013d00	803e6ca8
80013d00	803e9bd8
80013d00	803ef1f4
80013d00	803ee728
80013d00	803ecc40
80013e34	8005d978
80013e34	8005da50
80013e34	803e98d0
80013e34	803e8230
80013e34	803e6a74
80013e34	803e8300
80013e34	8005db28
80013e34	803e6a8c
80013e34	803eaba4
80013e34	8005fefc
80013e34	8005ffa4
80013e34	803e9da0
80013e34	803e9df4
80013e34	803e9e30
80013e34	8005db4c
8001408c	803e6888
800140f8	803e6828
800140f8	8005f134
800140f8	803e9bd8
800140f8	803ef1f4
800140f8	803ee728
800140f8	803ecc40
80014220	8005d978
80014220	8005da50
80014220	803e98d0
80014220	803e8230
80014220	803e6a74
80014220	803e8300
80014220	8005db28
80014220	803e6a8c
80014220	803ea514
80014220	803eaba4
80014220	8005fefc
80014220	8005ffa4
80014220	803e9da0
80014220	803e9df4
80014220	803e9e30
80014220	8005f134
80014220	803e9b8c
80014220	8005db4c
80014220	803e744c
80014220	803e6ca8
800145e0	803e6888
8001464c	803e6828
8001464c	803e9d74
8001464c	803e8300
8001464c	803e82c4
8001464c	803eacdc
8001464c	8005ffc4
8001464c	803e89f8
8001464c	803e88e0
8001464c	803ecc40
8001464c	803e744c
8001464c	803e6ca8
8001464c	803e9bd8
8001464c	803ef1f4
8001464c	803ee728
8001487c	8005d978
8001487c	8005da50
8001487c	803e98d0
8001487c	803e8230
8001487c	803e6a74
8001487c	803e82c4
8001487c	803e8300
8001487c	8005db28
8001487c	803e6a8c
8001487c	803eaba4
8001487c	8005fefc
8001487c	8005ffa4
8001487c	803e7398
8001487c	803e7408
8001487c	803e73e0
8001487c	8005f1f8
8001487c	803e9db4
8001487c	803e9e10
8001487c	803e9e30
8001487c	8005db4c
80014b88	803e6888
80014bf4	803e6828
80014bf4	803f3d60
80014bf4	803ecc40
80014bf4	803e744c
80014bf4	803e7430
80014bf4	803e6ca8
80014bf4	803e88e0
80014bf4	803e9bd8
80014bf4	803ef1f4
80014d98	8005d978
80014d98	8005da50
80014d98	803e98d0
80014d98	803e8230
80014d98	803e6a74
80014d98	803e82c4
80014d98	803e8300
80014d98	8005db28
80014d98	803e6a8c
80014d98	803ef6a0
80014d98	803e88e0
80014d98	803ecc40
80014d98	803e7398
80014d98	803e7408
80014d98	803e73e0
80014d98	8005f1f8
80014d98	803e89f8
80014d98	803e9b8c
80014d98	803e9dd4
80014d98	803e9df4
80014d98	803e9db4
80014d98	803e9e10
80014d98	803e9e30
80014d98	803e9da0
80015060	803e6888
800150cc	803e6828
800150cc	803f3ca4
800150cc	803ecc40
800150cc	803e744c
800150cc	803e6ca8
800150cc	803e9bd8
800150cc	803ef1f4
80015208	80035688
80015208	8005d978
80015208	8005da50
80015208	803e98d0
80015208	803e8230
80015208	803e6a74
80015208	803e8300
80015208	8005db28
80015208	803e6a8c
80015208	803e9da0
80015208	803e9df4
80015208	803e9e30
80015208	8005f1f8
80015208	803e9b8c
80015208	803e9db4
80015208	803e9dd4
80015208	803e9e10
80015208	8005db4c
80015208	800356d4
800154a8	803e6888
80015514	803e6828
80015514	803f3ca4
80015514	803ecc40
80015514	803e744c
80015514	803e6ca8
80015514	803e9bd8
80015514	803ef1f4
80015650	80035688
80015650	8005d978
80015650	8005da50
80015650	803e98d0
80015650	803e8230
80015650	803e6a74
80015650	803e8300
80015650	8005db28
80015650	803e6a8c
80015650	803e9da0
80015650	803e9df4
80015650	803e9e30
80015650	8005f1f8
80015650	803e9b8c
80015650	803e9db4
80015650	803e9dd4
80015650	803e9e10
80015650	8005db4c
80015650	800356d4
800158f0	803e6888
8001595c	803e6828
8001595c	803f3d60
8001595c	803ecc40
8001595c	803e744c
8001595c	803e7430
8001595c	803e6ca8
8001595c	803e88e0
8001595c	803e9bd8
8001595c	803ef1f4
80015b00	8005d978
80015b00	8005da50
80015b00	803e98d0
80015b00	803e8230
80015b00	803e6a74
80015b00	803e82c4
80015b00	803e8300
80015b00	8005db28
80015b00	803e6a8c
80015b00	803ef6a0
80015b00	803e88e0
80015b00	803ecc40
80015b00	803e7398
80015b00	803e7408
80015b00	803e73e0
80015b00	8005f1f8
80015b00	803e89f8
80015b00	803e9b8c
80015b00	803e9dd4
80015b00	803e9df4
80015b00	803e9db4
80015b00	803e9e10
80015b00	803e9e30
80015b00	803e9da0
80015dc8	803e6888
80015e34	803e6828
80015e34	803f3d60
80015e34	803ecc40
80015e34	803e744c
80015e34	803e6ca8
80015e34	803e88e0
80015e34	803e9bd8
80015e34	803ef1f4
80015fbc	8005d978
80015fbc	8005da50
80015fbc	803e98d0
80015fbc	803e8230
80015fbc	803e6a74
80015fbc	803e82c4
80015fbc	803e8300
80015fbc	8005db28
80015fbc	803e6a8c
80015fbc	803ef6a0
80015fbc	803e88e0
80015fbc	803ecc40
80015fbc	803e7398
80015fbc	803e7408
80015fbc	803e73e0
80015fbc	8005f1f8
80015fbc	803e89f8
80015fbc	803e9b8c
80015fbc	803e9dd4
80015fbc	803e9df4
80015fbc	803e9db4
80015fbc	803e9e10
80015fbc	803e9e30
80015fbc	803e9da0
80016284	803e6888
800162f0	803e6828
800162f0	803e744c
800162f0	803e6ca8
800162f0	803e9bd8
800162f0	803ef1f4
800162f0	803ee728
800162f0	803ecc40
80016424	8005d978
80016424	8005da50
80016424	803e98d0
80016424	803e8230
80016424	803e6a74
80016424	803e8300
80016424	8005db28
80016424	803e6a8c
80016424	803eaba4
80016424	8005fefc
80016424	8005ffa4
80016424	803e9da0
80016424	803e9df4
80016424	803e9e30
80016424	8005f1f8
80016424	803e9b8c
80016424	803e9db4
80016424	803e9dd4
80016424	803e9e10
80016424	8005db4c
80016740	803e6888
800167ac	803e6828
800167ac	803f3ca4
800167ac	803ecc40
800167ac	803e744c
800167ac	803e6ca8
800167ac	803e9bd8
800167ac	803ef1f4
800168e8	80035688
800168e8	8005d978
800168e8	8005da50
800168e8	803e98d0
800168e8	803e8230
800168e8	803e6a74
800168e8	803e8300
800168e8	8005db28
800168e8	803e6a8c
800168e8	803e9da0
800168e8	803e9df4
800168e8	803e9e30
800168e8	8005f1f8
800168e8	803e9b8c
800168e8	803e9db4
800168e8	803e9dd4
800168e8	803e9e10
800168e8	8005db4c
800168e8	800356d4
80016ba0	803e6888
80016c0c	803e6828
80016c0c	803e9d74
80016c0c	803e89f8
80016c0c	803e88e0
80016c0c	803ecc40
80016c0c	803e744c
80016c0c	803e7430
80016c0c	803e6ca8
80016c0c	803e9bd8
80016c0c	803ef1f4
80016c0c	803ee728
80016dcc	8005d978
80016dcc	8005da50
80016dcc	803e98d0
80016dcc	803e8230
80016dcc	803e6a74
80016dcc	803e82c4
80016dcc	803e8300
80016dcc	8005db28
80016dcc	803e6a8c
80016dcc	803eaba4
80016dcc	8005fefc
80016dcc	8005ffa4
80016dcc	803e7398
80016dcc	803e7408
80016dcc	803e73e0
80016dcc	8005f1f8
80016dcc	803e9db4
80016dcc	803e9e10
80016dcc	803e9e30
80016dcc	8005db4c
800170d8	803e6888
80017144	803e6828
80017144	803e89f8
80017144	803e88e0
80017144	803ecc40
80017144	803e9d74
80017144	803e744c
80017144	803e7430
80017144	803e6ca8
80017144	803e9bd8
80017144	803ef1f4
80017144	803ee728
80017348	8005d978
80017348	8005da50
80017348	803e98d0
80017348	803e8230
80017348	803e6a74
80017348	803e82c4
80017348	803e8300
80017348	8005db28
80017348	803e6a8c
80017348	803eaba4
80017348	8005fefc
80017348	8005ffa4
80017348	8005db4c
80017348	803e7398
80017348	803e7408
80017348	803e73e0
80017348	8005f1f8
80017348	803e9b8c
80017348	803e9dd4
80017348	803e9df4
80017348	803e9db4
80017348	803e9e10
80017348	803e9e30
80017348	803e9da0
800176a4	803e6888
80017710	803e6828
80017710	803e89f8
80017710	803e88e0
80017710	803ecc40
80017710	803e9d74
80017710	803e744c
80017710	803e7430
80017710	803e6ca8
80017710	803e9bd8
80017710	803ef1f4
80017710	803ee728
8001796c	8005d978
8001796c	8005da50
8001796c	803e98d0
8001796c	803e8230
8001796c	803e6a74
8001796c	803e82c4
8001796c	803e8300
8001796c	8005db28
8001796c	803e6a8c
8001796c	803eaba4
8001796c	8005fefc
8001796c	8005ffa4
8001796c	8005db4c
8001796c	803e7398
8001796c	803e7408
8001796c	803e73e0
8001796c	8005f1f8
8001796c	803e9b8c
8001796c	803e9da0
8001796c	803e9dd4
8001796c	803e9df4
8001796c	803e9e10
8001796c	803e9e30
8001796c	803e9db4
80017dc4	803e6888
80017e30	803e6828
80017e30	803e89f8
80017e30	803e88e0
80017e30	803ecc40
80017e30	803e9d74
80017e30	803e744c
80017e30	803e7430
80017e30	803e6ca8
80017e30	803e9bd8
80017e30	803ef1f4
80017e30	803ee728
8001808c	8005d978
8001808c	8005da50
8001808c	803e98d0
8001808c	803e8230
8001808c	803e6a74
8001808c	803e82c4
8001808c	803e8300
8001808c	8005db28
8001808c	803e6a8c
8001808c	803eaba4
8001808c	8005fefc
8001808c	8005ffa4
8001808c	803e7398
8001808c	803e7408
8001808c	803e73e0
8001808c	8005f1f8
8001808c	803e9b8c
8001808c	803e9dd4
8001808c	803e9df4
8001808c	803e9e10
8001808c	803e9da0
8001808c	803e9e30
8001808c	803e9dc4
8001808c	803e9db4
8001808c	803eacdc
8001808c	80045530
8001808c	80045198
8001808c	8005ffc4
8001808c	803e88e0
8001808c	803ecc40
8001808c	8005db4c
800186d4	803e6888
80018740	803e6828
80018740	803e89f8
80018740	803e88e0
80018740	803ecc40
80018740	803e9d74
80018740	803e744c
80018740	803e7430
80018740	803e6ca8
80018740	803e9bd8
80018740	803ef1f4
80018740	803ee728
80018944	8005d978
80018944	8005da50
80018944	803e98d0
80018944	803e8230
80018944	803e6a74
80018944	803e82c4
80018944	803e8300
80018944	8005db28
80018944	803e6a8c
80018944	803eaba4
80018944	8005fefc
80018944	8005ffa4
80018944	803e7398
80018944	803e7408
80018944	803e73e0
80018944	8005f1f8
80018944	803e89f8
80018944	803e9b8c
80018944	803e9dc4
80018944	803e9dd4
80018944	803e9df4
80018944	803e9e10
80018944	803e9da0
80018944	803e9db4
80018944	803e9e30
80018944	803eacdc
80018944	80045530
80018944	80045198
80018944	8005ffc4
80018944	803e88e0
80018944	803ecc40
80018944	8005db4c
80018ea4	803e6888
80018f10	803e6828
80018f10	803e9d74
80018f10	803e89f8
80018f10	803e88e0
80018f10	803ecc40
80018f10	803e744c
80018f10	803e6ca8
80018f10	803e9bd8
80018f10	803ef1f4
80018f10	803ee728
800190b4	8005d978
800190b4	8005da50
800190b4	803e98d0
800190b4	803e8230
800190b4	803e6a74
800190b4	803e82c4
800190b4	803e8300
800190b4	8005db28
800190b4	803e6a8c
800190b4	803eaba4
800190b4	8005fefc
800190b4	8005ffa4
800190b4	803e7398
800190b4	803e7408
800190b4	803e73e0
800190b4	8005f1f8
800190b4	803e9db4
800190b4	803e9e10
800190b4	803e9e30
800190b4	8005db4c
800193c0	803e6888
8001942c	803e6828
8001942c	803e744c
8001942c	803e6ca8
8001942c	803e89f8
8001942c	803e88e0
8001942c	803ecc40
8001942c	803e9bd8
8001942c	803ef1f4
8001942c	803ee728
800195b8	8005d978
800195b8	8005da50
800195b8	803e98d0
800195b8	803e8230
800195b8	803e6a74
800195b8	803e82c4
800195b8	803e8300
800195b8	8005db28
800195b8	803e6a8c
800195b8	803eaba4
800195b8	8005fefc
800195b8	8005ffa4
800195b8	803e7398
800195b8	803e7408
800195b8	803e73e0
800195b8	8005f1f8
800195b8	803e89f8
800195b8	803e9b8c
800195b8	803e9dc4
800195b8	803e9dd4
800195b8	803e9df4
800195b8	803e9e10
800195b8	803e9da0
800195b8	803e9db4
800195b8	803e9e30
800195b8	803eacdc
800195b8	80045530
800195b8	80045198
800195b8	8005ffc4
800195b8	803e88e0
800195b8	803ecc40
800195b8	8005db4c
80019afc	803e6888
80019b68	803e6828
80019b68	803e744c
80019b68	803e6ca8
80019b68	803e89f8
80019b68	803e88e0
80019b68	803ecc40
80019b68	803e9bd8
80019b68	803ef1f4
80019b68	803ee728
80019cf4	8005d978
80019cf4	8005da50
80019cf4	803e98d0
80019cf4	803e8230
80019cf4	803e6a74
80019cf4	803e82c4
80019cf4	803e8300
80019cf4	8005db28
80019cf4	803e6a8c
80019cf4	803eaba4
80019cf4	8005fefc
80019cf4	8005ffa4
80019cf4	803e7398
80019cf4	803e7408
80019cf4	803e73e0
80019cf4	8005f1f8
80019cf4	803e89f8
80019cf4	803e9b8c
80019cf4	803e9dd4
80019cf4	803e9dc4
80019cf4	803e9df4
80019cf4	803e9e10
80019cf4	803e9da0
80019cf4	803e9db4
80019cf4	803e9e30
80019cf4	803eacdc
80019cf4	80045530
80019cf4	80045198
80019cf4	8005ffc4
80019cf4	803e88e0
80019cf4	803ecc40
80019cf4	8005db4c
8001a254	803e6888
8001a2c0	803e6828
8001a2c0	803e744c
8001a2c0	803e7430
8001a2c0	803e6ca8
8001a2c0	803e89f8
8001a2c0	803e88e0
8001a2c0	803ecc40
8001a2c0	803e9bd8
8001a2c0	803ef1f4
8001a2c0	803ee728
8001a468	8005d978
8001a468	8005da50
8001a468	803e98d0
8001a468	803e8230
8001a468	803e6a74
8001a468	803e82c4
8001a468	803e8300
8001a468	8005db28
8001a468	803e6a8c
8001a468	803eaba4
8001a468	8005fefc
8001a468	8005ffa4
8001a468	803e7398
8001a468	803e7408
8001a468	803e73e0
8001a468	8005f1f8
8001a468	803e89f8
8001a468	803e9b8c
8001a468	803e9dd4
8001a468	803e9dc4
8001a468	803e9df4
8001a468	803e9e10
8001a468	803e9da0
8001a468	803e9db4
8001a468	803e9e30
8001a468	803eacdc
8001a468	80045530
8001a468	80045198
8001a468	8005ffc4
8001a468	803e88e0
8001a468	803ecc40
8001a468	8005db4c
8001a9c8	803e6888
8001aa34	803e6828
8001aa34	803e9d74
8001aa34	803e744c
8001aa34	803e7430
8001aa34	803e6ca8
8001aa34	803e89f8
8001aa34	803e88e0
8001aa34	803ecc40
8001aa34	803e9bd8
8001aa34	803ef1f4
8001aa34	803ee728
8001ac4c	8005d978
8001ac4c	8005da50
8001ac4c	803e98d0
8001ac4c	803e8230
8001ac4c	803e6a74
8001ac4c	803e82c4
8001ac4c	803e8300
8001ac4c	8005db28
8001ac4c	803e6a8c
8001ac4c	803eaba4
8001ac4c	8005fefc
8001ac4c	8005ffa4
8001ac4c	803e7398
8001ac4c	803e7408
8001ac4c	803e73e0
8001ac4c	8005f1f8
8001ac4c	803e89f8
8001ac4c	803e9b8c
8001ac4c	803e9dc4
8001ac4c	803e9dd4
8001ac4c	803e9df4
8001ac4c	803e9e10
8001ac4c	803e9da0
8001ac4c	803e9db4
8001ac4c	803e9e30
8001ac4c	803eacdc
8001ac4c	80045530
8001ac4c	80045198
8001ac4c	8005ffc4
8001ac4c	803e88e0
8001ac4c	803ecc40
8001ac4c	8005db4c
8001b2f8	803e6888
8001b364	803e6828
8001b364	803f3ca4
8001b364	803ecc40
8001b364	803e744c
8001b364	803e6ca8
8001b364	803e9d74
8001b364	803e89f8
8001b364	803e88e0
8001b364	803e9bd8
8001b364	803ef1f4
8001b510	8005d978
8001b510	8005da50
8001b510	803e98d0
8001b510	803e8230
8001b510	803e6a74
8001b510	803e82c4
8001b510	803e8300
8001b510	8005db28
8001b510	803e6a8c
8001b510	803e7398
8001b510	803e7408
8001b510	803e73e0
8001b510	8005f1f8
8001b510	803e9db4
8001b510	803e9e10
8001b510	803e9e30
8001b510	8005db4c
8001b7a4	803e6888
8001b810	803e6828
8001b810	803e744c
8001b810	803e6ca8
8001b810	803e88e0
8001b810	803ecc40
8001b810	803e9bd8
8001b810	803ef1f4
8001b970	8005d978
8001b970	8005da50
8001b970	803e98d0
8001b970	803e8230
8001b970	803e6a74
8001b970	803e82c4
8001b970	803e8300
8001b970	8005db28
8001b970	803e6a8c
8001b970	803eaba4
8001b970	8005fefc
8001b970	8005ffa4
8001b970	8005ff4c
8001b970	803e88e0
8001b970	803ecc40
8001b970	803e7398
8001b970	803e7408
8001b970	803e73e0
8001b970	8005f1f8
8001b970	803e89f8
8001b970	803e9b8c
8001b970	803e9dd4
8001b970	803e9df4
8001b970	803e9db4
8001b970	803e9e10
8001b970	803e9e30
8001b970	803e9da0
8001b970	80045508
8001b970	80045488
8001b970	80045198
8001b970	8005ffc4
8001b970	803ef6a0
8001bda0	803e6888
8001be0c	803e6828
8001be0c	803f3d60
8001be0c	803ecc40
8001be0c	803e744c
8001be0c	803e6ca8
8001be0c	803e88e0
8001be0c	803e9bd8
8001be0c	803ef1f4
8001bf94	8005d978
8001bf94	8005da50
8001bf94	803e98d0
8001bf94	803e8230
8001bf94	803e6a74
8001bf94	803e82c4
8001bf94	803e8300
8001bf94	8005db28
8001bf94	803e6a8c
8001bf94	803ef6a0
8001bf94	803e88e0
8001bf94	803ecc40
8001bf94	803e7398
8001bf94	803e7408
8001bf94	803e73e0
8001bf94	8005f1f8
8001bf94	803e89f8
8001bf94	803e9b8c
8001bf94	803e9dd4
8001bf94	803e9df4
8001bf94	803e9db4
8001bf94	803e9e10
8001bf94	803e9e30
8001bf94	803e9da0
8001c274	803e6888
8001c2e0	803e6828
8001c2e0	803e744c
8001c2e0	803e6ca8
8001c2e0	803e89f8
8001c2e0	803e88e0
8001c2e0	803ecc40
8001c2e0	803e9bd8
8001c2e0	803ef1f4
8001c2e0	803ee728
8001c480	8005d978
8001c480	8005da50
8001c480	803e98d0
8001c480	803e8230
8001c480	803e6a74
8001c480	803e82c4
8001c480	803e8300
8001c480	8005db28
8001c480	803e6a8c
8001c480	803eaba4
8001c480	8005fefc
8001c480	8005ffa4
8001c480	8005ff4c
8001c480	803e7398
8001c480	803e7408
8001c480	803e89f8
8001c480	803eacdc
8001c480	8005ffc4
8001c480	803e9b8c
8001c480	803e9dd4
8001c480	803e9df4
8001c480	803e9e10
8001c480	803e9e30
8001c480	8005f1f8
8001c480	803e9da0
8001c480	803e9dc4
8001c480	803e88e0
8001c480	803ecc40
8001c480	803ef6a0
8001cae8	803e6888
8001cb54	803e6828
8001cb54	803e8a5c
8001cb54	80410e28
8001cb54	803e8300
8001cb54	803e82c4
8001cb54	8005f1f8
8001cb54	803e9b8c
8001cb54	803e9dc4
8001cb54	803e9dd4
8001cb54	803e9df4
8001cb54	803e9e10
8001cb54	803e9e30
8001cb54	803e9da0
8001cb54	8005f134
8001cb54	803e88e0
8001cb54	803ecc40
8001cb54	803e9bd8
8001cb54	803ef1f4
8001cb54	803ee728
8001d0bc	8005d978
8001d0bc	8005da50
8001d0bc	803e98d0
8001d0bc	803e8230
8001d0bc	803e6a74
8001d0bc	803e8300
8001d0bc	8005db28
8001d0bc	803e6a8c
8001d0bc	803ea514
8001d0bc	803eaba4
8001d0bc	8005fefc
8001d0bc	8005ffa4
8001d0bc	8005f134
8001d0bc	8005db4c
8001d0bc	803e744c
8001d0bc	803e6ca8
8001d3f0	803ea514
8001d3f0	803eaba4
8001d3f0	8005ffc4
8001d478	803e6888
80252380	803cf6a0
802523e4	80252454
80252454	80035688
80252454	80255908
80252454	8041af48
80252454	80043c74
80252454	80043d30
80252454	800356d4
80252578	80035688
80252578	8004b228
80252578	802559a8
80252578	8041b590
80252578	800356d4
802525e4	80413d58
8025261c	80035688
8025261c	8004a06c
8025261c	80255be0
8025261c	80255c88
8025261c	80255d30
8025261c	80255dd4
8025261c	802561ac
8025261c	8041bb00
8025261c	800356d4
802527c8	8041b38c
802527c8	80252ab4
80252818	8041b38c
80252818	80252ab4
80252868	8041b38c
80252868	80252ab4
802528b8	8041b38c
802528b8	80252ab4
80252908	80035684
80252908	8025300c
80252908	8041af48
80252908	8025373c
80252908	800356d0
802529a0	8024d144
802529a0	8024d480
802529a0	8002aaa0
802529a0	80024444
802529a0	80250c44
802529a0	8041afe4
802529a0	80250cb0
802529a0	80250dc8
80252b00	8024d144
80252b00	8024d480
80252b00	8002aaa0
80252b00	80024444
80252b00	80250c44
80252b00	8041afe4
80252b00	80250cb0
80252b00	80250dc8
80252bf0	80035684
80252bf0	802538e0
80252bf0	8024d144
80252bf0	8024d480
80252bf0	8002aaa0
80252bf0	80024444
80252bf0	80250c44
80252bf0	8041afe4
80252bf0	80250cb0
80252bf0	80250dc8
80252bf0	800356d0
80252d14	80035688
80252d14	8024d144
80252d14	8024d480
80252d14	8002aaa0
80252d14	8002ab7c
80252d14	80024444
80252d14	80250c44
80252d14	8041afe4
80252d14	80250cb0
80252d14	80250dc8
80252d14	800356d4
80252e68	80024444
80252e68	80250c44
80252e68	8041afe4
80252e68	80250cb0
80252e68	80251060
80252f44	80024444
80252f44	80250c44
80252f44	8041afe4
80252f44	80250cb0
80252f44	80251060
802530c4	8003567c
802530c4	80413d44
802530c4	80252f44
802530c4	800356c8
802531e0	8003567c
802531e0	80252f44
802531e0	80252e68
802531e0	802529a0
802531e0	80256c28
802531e0	800356c8
80253338	80252f44
80253338	80252b00
80253414	80035678
80253414	80252f44
80253414	80252bf0
80253414	800356c4
80253650	80035680
80253650	80253c1c
80253650	80252d14
80253650	80252e68
80253650	80253c68
80253650	800356cc
8025373c	80035688
8025373c	80068928
8025373c	802530c4
8025373c	80253650
8025373c	80253414
8025373c	80253338
8025373c	802531e0
8025373c	800356d4
802537e8	80035684
802537e8	8025261c
802537e8	80413d64
802537e8	80253b3c
802537e8	800356d0
80253878	802537e8
80253878	8025373c
802538e0	8024d144
802538e0	8024d480
8025396c	80253878
80253994	80413d64
80253994	80053718
80253994	800533e8
80253994	8004f034
80253994	80051190
80253994	8004eeac
80253994	8004df28
802539f0	80253994
80253a38	8041b38c
80253a38	8041af54
80253a8c	8041af48
80253a8c	8041b38c
80253a8c	8004a660
80253a8c	8041bb00
80253b3c	8025543c
80253b3c	80253994
80253b3c	80253a8c
80253b3c	80041350
80253b3c	800413dc
80253b3c	802539f0
80253b3c	8004118c
80253c68	80035684
80253c68	80253c1c
80253c68	80256c28
80253c68	800356d0
80296240	8029650c
802962b8	8029634c
80296558	803cf6a0
80296598	80296224
80296598	80035028
80296600	80035688
80296600	80410c9c
80296600	800356d4
802966b0	803cf6a0
802966fc	802966b0
802966fc	803cf6a0
80296754	80410eb8
80296754	802966fc
802967e8	80296874
802967e8	8029cc34
802967e8	802a46ec
80296880	802966b0
80296880	803cf6a0
802968dc	80035688
802968dc	802969ec
802968dc	802a6b84
802968dc	802a4768
802968dc	80296880
802968dc	800356d4
80296a30	80035674
80296a30	80296490
80296a30	80296cf8
80296a30	80296600
80296a30	802a653c
80296a30	802a6610
80296a30	802964e4
80296a30	802965e0
80296a30	802971a0
80296a30	802a6990
80296a30	80296e04
80296a30	800356c0
80296d78	802969ec
80296d78	80296ddc
80296e04	80035688
80296e04	80296ec8
80296e04	802a6990
80296e04	802a674c
80296e04	800356d4
80296ec8	802969ec
80296ec8	80296ddc
80296ec8	8041abdc
80296f5c	802967e8
80296fac	803cf6a0
80297108	80297150
80297108	80035028
802971e4	80035688
802971e4	8041afe4
802971e4	800356d4
802972b4	802966b0
802972b4	803cf6a0
8029730c	802972b4
802973b0	80297400
8029740c	802966b0
8029740c	803cf6a0
80297468	80035688
80297468	802969ec
80297468	8029740c
80297468	800356d4
802975bc	80035660
802975bc	802978f4
802975bc	80297914
802975bc	802971e4
802975bc	802971c4
802975bc	80297af4
802975bc	8029806c
802975bc	80297b88
802975bc	80298420
802975bc	800356ac
802cc578	8041c54c
802cc5d4	8041af48
802cc660	802cc9c4
802cc660	802cc8f8
802cc6b0	80035680
802cc6b0	802cc9c4
802cc6b0	802cc93c
802cc6b0	802d19c8
802cc6b0	802cca44
802cc6b0	800356cc
802cc8bc	802cc8f8
802cc8bc	802cd0f8
802cc8f8	802cd164
802cc9c4	802cd1d8
802cca44	8003566c
802cca44	802e97f0
802cca44	802ec6f8
802cce1c	803cfa08
802cce1c	802cce60
802cce60	803d56c8
802cce60	803cfa08
802cce60	802d2578
802cce60	802d0a18
802cce60	802d1704
802cce60	803d5760
802ccf4c	802d0df8
802ccf4c	802d17dc
802ccf4c	803d5830
802ccf4c	803d56f4
802ccf4c	803cfa04
802cd06c	803d58f4
802cd0f8	80035688
802cd0f8	803d5894
802cd0f8	802d1870
802cd0f8	802d2c9c
802cd0f8	800356d4
802cd164	802d2ce4
802cd164	803d58f4
802cd1d8	803d58f4
802cd250	80035688
802cd250	803b2138
802cd250	800356d4
802cd2cc	803cf6a0
802cd30c	803cf6a0
802cd34c	802cd30c
802cd34c	803cf6a0
802cd3a8	802cd34c
802cd3e8	802cc578
802cd450	80035688
802cd450	803b2138
802cd450	802cd4cc
802cd450	802cd4e8
802cd450	800356d4
802cd534	80035688
802cd534	802cd594
802cd534	800356d4
802cd594	802cd4cc
802cd594	802cd4e8
802cd62c	802cd250
802cd680	802cd34c
802cd6e8	80035688
802cd6e8	803e1108
802cd6e8	802cd4cc
802cd6e8	802cc578
802cd6e8	800356d4
802cd7a4	80035684
802cd7a4	802cd3e8
802cd7a4	802cd8dc
802cd7a4	803b2138
802cd7a4	802cd4cc
802cd7a4	802cd534
802cd7a4	800356d0
802cd8dc	802cd9ac
802cd9ac	8002f288
802cd9f0	802cd250
802cda7c	802cd34c
802cdae4	802ce250
802cdb18	802d1d38
802cdbf0	80035678
802cdbf0	802cc8b0
802cdbf0	802cc88c
802cdbf0	802d11f4
802cdbf0	802d1298
802cdbf0	802cd5e8
802cdbf0	803b2138
802cdbf0	802d0284
802cdbf0	802cd608
802cdbf0	802d014c
802cdbf0	802ce330
802cdbf0	802cd9ac
802ce250	802d0828
802ce250	802cd3e8
802ce250	802ce2d8
802ce250	802cfe20
802ce2d8	802cc578
802ce330	80035680
802ce330	802ec6d0
802ce330	802ccda8
802ce330	8002f288
802ce4ec	80035660
802ce4ec	802ccda8
802ce4ec	803b2178
802ce4ec	803b2138
802ce4ec	802cd4e8
802ce4ec	803b21bc
802ce4ec	802cd4cc
802ce9a4	802cc578
802ce9a4	802cd5e8
802cea08	803b2138
802cea08	802cd4cc
802cea08	803b224c
802cea08	802cd534
802ceaa4	802cd9f0
802ceaec	802cda7c
802ceb28	80035688
802ceb28	802d0928
802ceb28	802d06b0
802ceb28	802cc578
802ceb28	800356d4
802cebcc	80035688
802cebcc	802d0928
802cebcc	802cfc50
802cebcc	802d014c
802cebcc	802cd5e8
802cebcc	800356d4
802cec6c	802cd9f0
802cecb0	802cda7c
802ced04	802cfc50
802ced04	802d014c
802ced04	802cd4e8
802cedac	802cd250
802cedfc	802cd34c
802cee64	802ee84c
802cee64	802ee8c8
802ceec8	803c8cd4
802ceec8	802cd5e8
802cefb4	802cd250
802cefb4	803b2138
802cf024	802cd34c
802cf070	802cd534
802cf134	80035688
802cf134	802cd594
802cf134	800356d4
802cf218	802ccd8c
802cf218	802cf2b8
802cf2cc	803b5c00
802cf328	803b5c80
802cf328	803cfa04
802cf3d8	802cc5d4
802cf3d8	802cf2cc
802cf3d8	802cc8bc
802cf428	802cc8f8
802cf428	802cf328
802cf428	802cc660
802cf484	803d5894
802cf484	802cd62c
802cf504	802ccd8c
802cf504	802cf544
802cf558	802cc5d4
802cf5a4	802cc660
802cf5e0	802cc9c4
802cf634	802ee84c
802cf634	802ee8c8
802cf634	803d5894
802cf634	802cedac
802cf6c4	802ccd8c
802cf6c4	802cf544
802cf704	80035680
802cf704	802cf914
802cf704	80035248
802cf704	802d05b8
802cf704	802d072c
802cf704	802d082c
802cf704	802d0994
802cf704	802d0634
802cf704	802d06b0
802cf704	802d08a4
802cf704	802cfdac
802cf704	800356cc
802cf914	803b2138
802cf950	80035340
802cf9dc	802d0634
802cf9dc	802d08a4
802cfb5c	802d0634
802cfb5c	802d08a4
802cfb5c	802ec73c
802cfbf4	802d0634
802cfbf4	802cc578
802cfc50	802d0634
802cfc50	802cc578
802cfcc4	802d0634
802cfcc4	802cc578
802cfd38	802d0634
802cfd38	802cc578
802cfdac	802d0634
802cfdac	802cc578
802cfe20	802d0634
802cfe20	802cc578
802cfe94	802d0634
802cfe94	802cc578
802cff08	802d0634
802cff08	802cc578
802cff7c	803b2138
802cff7c	802d0634
802cff7c	802cd594
802cff7c	802ec704
802cff7c	802d00d4
802cff7c	802d0120
802cff7c	802d013c
802d00d4	802cd4cc
802d00d4	803b224c
802d014c	802d0634
802d014c	803b2138
802d014c	802d04e8
802d014c	802cd594
802d014c	802d03f8
802d014c	802d013c
802d0284	80035688
802d0284	802cff7c
802d0284	802cd4e8
802d0284	802d014c
802d0284	802ccda8
802d0284	803b2178
802d0284	803b2138
802d0284	800356d4
802d03f8	80035688
802d03f8	803b2138
802d03f8	802d04e8
802d03f8	802d047c
802d03f8	803b32e0
802d03f8	800356d4
802d047c	80035688
802d047c	803b2138
802d047c	802cd594
802d047c	800356d4
802d04e8	802d0634
802d04e8	802cd594
802d04e8	802d0120
802d04e8	802d00d4
802d04e8	802ec704
802d05b8	80035684
802d05b8	802f4794
802d05b8	802f5244
802d05b8	802f4900
802d05b8	800356d0
802d0634	80035684
802d0634	802f4794
802d0634	802f4d44
802d0634	802f4900
802d0634	800356d0
802d06b0	80035684
802d06b0	802f4794
802d06b0	802f4e40
802d06b0	802f4900
802d06b0	800356d0
802d072c	80035684
802d072c	802f4794
802d072c	802f5134
802d072c	802f4900
802d072c	800356d0
802d07b0	80035684
802d07b0	802f4794
802d07b0	802f4a94
802d07b0	802f4900
802d07b0	800356d0
802d082c	80035680
802d082c	802f4794
802d082c	802f547c
802d082c	802f4900
802d082c	800356cc
802d08a4	80035684
802d08a4	802f4794
802d08a4	802f5d34
802d08a4	802f4900
802d08a4	800356d0
802d0928	802d07b0
802d0928	803ccc78
802d0928	803c9260
802d0928	803cce94
802d0994	802d013c
802d0a18	80035680
802d0a18	802f45e4
802d0a18	8002451c
802d0a18	800356cc
802d0e04	80035688
802d0e04	802f4794
802d0e04	802f4d44
802d0e04	802f4900
802d0e04	800356d4
802d0e74	80035688
802d0e74	802f4794
802d0e74	802f4d44
802d0e74	802f4900
802d0e74	800356d4
802d0ee4	802cf704
802d0f20	802cf950
802d0f5c	802cf704
802d0f98	802cf950
802d0ffc	80035680
802d0ffc	802d1470
802d0ffc	802d14e8
802d0ffc	802d16e8
802d0ffc	802d1570
802d0ffc	802d166c
802d0ffc	802d15f0
802d0ffc	800356cc
802d1168	80035688
802d1168	802d04d0
802d1168	800356d4
802d11f4	80035684
802d11f4	802d04d0
802d11f4	800356d0
802d1298	80035678
802d1298	803b2138
802d1298	802d04d0
802d1298	802ec704
802d1298	802d014c
802d1470	80035684
802d1470	802f4794
802d1470	802f5e60
802d1470	802f4900
802d1470	800356d0
802d14e8	80035680
802d14e8	802f4794
802d14e8	802f5d34
802d14e8	802f4900
802d14e8	800356cc
802d1570	80035680
802d1570	802f4794
802d1570	802f5244
802d1570	802f4900
802d1570	800356cc
802d15f0	80035684
802d15f0	802f4794
802d15f0	802f5244
802d15f0	802f4900
802d15f0	800356d0
802d166c	80035684
802d166c	802f4794
802d166c	802f4e40
802d166c	802f4900
802d166c	800356d0
802d1704	802f45e4
802d17e8	80035688
802d17e8	802f4794
802d17e8	802f4d44
802d17e8	802f4900
802d17e8	800356d4
802d1870	80035248
802d1870	803e14e4
802d1870	802d2d44
802d1870	802d05b8
802d1960	802d2084
802d1960	80035340
802d19c8	80035684
802d19c8	802d1eec
802d19c8	802d1ca8
802d19c8	802d0634
802d19c8	802d2084
802d19c8	802d05b8
802d19c8	802d1f48
802d19c8	802d229c
802d19c8	802d2410
802d19c8	802d1dfc
802d19c8	800356d0
802d1b40	802d2410
802d1b40	802cc93c
802d1b90	80035684
802d1b90	802d1f98
802d1b90	802d229c
802d1b90	802cfab8
802d1b90	802cf9dc
802d1b90	800356d0
802d1ca8	802d2084
802d1ca8	802cfb5c
802d1ca8	802d1ff8
802d1d38	802d211c
802d1d38	802d2084
802d1d38	802d1ca8
802d1d38	802d1ff8
802d1db0	802cfcc4
802d1dfc	80035680
802d1dfc	803d5894
802d1dfc	802ceaa4
802d1dfc	802ceb28
802d1dfc	802cec6c
802d1dfc	802cecec
802d1dfc	800356cc
802d1eec	80035684
802d1eec	802d2524
802d1eec	800356d0
802d1ff8	802d2100
802d1ff8	802cfbf4
802d1ff8	802d229c
802d1ff8	802cfe94
802d1ff8	802cff08
802d2084	802d2100
802d2084	802d1db0
802d2084	802cfd38
802d2084	802cfbd8
802d211c	80035688
802d211c	802d0828
802d211c	802d2d24
802d211c	802cc578
802d211c	802d06b0
802d211c	802d2100
802d211c	802d1b90
802d211c	800356d4
802d229c	80035684
802d229c	802d05b8
802d229c	802cff7c
802d229c	8002f288
802d2410	802d05b8
802d24e4	803cfa04
802d2578	803d56c8
802d2578	8041af48
802d2578	803d5760
802d2628	802d2b8c
802d2628	803d5830
802d2628	803d56f4
802d2628	803cfa04
802d26b0	8003564c
802d26b0	802cf99c
802d26b0	803cf6e4
802d26b0	8041af48
802d26b0	802d04d0
802d26b0	802d1168
802d26b0	802ec6f8
802d26b0	802d1b40
802d26b0	802cc578
802d26b0	802d06b0
802d26b0	802d1db0
802d26b0	802d1b90
802d26b0	8041afe4
802d26b0	802d3078
802d26b0	802d3144
802d26b0	802d1ca8
802d26b0	802d3240
802d26b0	803cf6a4
802d26b0	80035698
802d2a44	80035678
802d2a44	802f45ec
802d2a44	802f45e4
802d2a44	802d3704
802d2a44	802d2da0
802d2a44	802d37d4
802d2a44	802d2f24
802d2a44	802d2fe4
802d2a44	800356c4
802d2b8c	8003567c
802d2b8c	803d58f4
802d2b8c	800356c8
802d2c9c	802d1c94
802d2ce4	802d1c94
802d2da0	80035684
802d2da0	802d0e74
802d2da0	802d0e04
802d2da0	803d5894
802d2da0	802d0ee4
802d2da0	802d0f5c
802d2da0	802d05b8
802d2da0	800356d0
802d2f24	80035680
802d2f24	802d08a4
802d2f24	802d2d44
802d2f24	800356cc
802d2fe4	80035688
802d2fe4	802d17e8
802d2fe4	803d5894
802d2fe4	802d0ffc
802d2fe4	800356d4
802d3078	802d3078
802d32b0	802cc5d4
802d32b0	803b2138
802d3318	802cc660
802d33e4	803d5894
802d33e4	802cefb4
802d33e4	802cf134
802d33e4	802cf184
802d347c	802ccd8c
802d347c	802cf544
802d3540	802d35d0
802d3540	802d36d0
802d35d0	80035678
802d35d0	802d36a8
802d35d0	800356c4
802d3714	802d36d0
802d37d4	802d35d0
802d37d4	802d36d0
802d37d4	802d3714
802d3848	8003567c
802d3848	802f43dc
802d3848	802da204
802d3848	802f43b0
802d3848	802d3910
802d3848	800356c8
802d3910	80035674
802d3910	802d35b4
802d3910	802d36a8
802d3910	802d39f8
802d3910	802f43dc
802d3910	800356c0
802d39f8	80035684
802d39f8	802d3b38
802d39f8	802d3848
802d39f8	800356d0
802d3b60	80035688
802d3b60	802d9c28
802d3b60	802d6c10
802d3b60	802d4b4c
802d3b60	802f43dc
802d3b60	802da1c0
802d3b60	800356d4
802d3cb4	802d39f8
802d3cb4	802d3b38
802d3cb4	802d3848
802d3d28	80035688
802d3d28	802d35d0
802d3d28	802d36d0
802d3d28	802d3e28
802d3d28	800356d4
802d4020	802d4084
802d40a4	802da1c0
802d40a4	802f43dc
802d4120	802d4190
802d4120	802d41b8
802d41b8	80035660
802d41b8	802da204
802d41b8	802da1c0
802d41b8	802f43b0
802d41b8	802d4378
802d41b8	80035b1c
802d41b8	80035af8
802d41b8	802d43c0
802d41b8	802d4464
802d41b8	802d44a4
802d41b8	802d44e8
802d41b8	800356ac
802d43c0	80035680
802d43c0	802d4398
802d43c0	800356cc
802d44e8	802da1c0
802d44e8	802f43dc
802d4540	802d44e8
802d4540	802da1c0
802d4540	802f43dc
802d45bc	80035658
802d45bc	802d4120
802d45bc	802d5cb8
802d45bc	802d9c18
802d45bc	802d3cb4
802d45bc	802d34cc
802d45bc	802d3534
802d45bc	802d5fdc
802d45bc	802d4910
802d45bc	80035b1c
802d45bc	80035af8
802d45bc	802d4398
802d45bc	802d4f7c
802d45bc	802d4c60
802d45bc	802d5fb8
802d45bc	802d4a9c
802d45bc	802d5050
802d45bc	800356a4
802d4910	80035664
802d4910	802d4190
802d4910	802d41b8
802d4910	80035b1c
802d4910	80035af8
802d4910	802d43c0
802d4910	802d5fdc
802d4910	802d44a4
802d4910	800356b0
802d4b4c	802d3d28
802d4b4c	802d34e0
802d4b4c	802d4c20
802d4b4c	802d554c
802d4b4c	802d9c28
802d4b4c	802d40a4
802d4b4c	802d4540
802d4b4c	802da1c0
802d4b4c	802f43dc
802d4c60	80035680
802d4c60	802d4d10
802d4c60	800356cc
802d4d10	802d4d70
802d4d10	802d4b18
802d4d70	80035678
802d4d70	80035b1c
802d4d70	80035af8
802d4d70	802d4398
802d4d70	800356c4
802d4e74	80035684
802d4e74	802d4c60
802d4e74	802da3a0
802d4e74	802da364
802d4e74	802da37c
802d4e74	802da404
802d4e74	800356d0
802d4f7c	802d4fe8
802d4fe8	802d4adc
802d4fe8	802d4b18
802d4fe8	802d4398
802d5050	80035680
802d5050	802d4d70
802d5050	802d4b18
802d5050	802d4fe8
802d5050	800356cc
802d5140	8003567c
802d5140	802d5fb8
802d5140	802d4084
802d5140	802da1c0
802d5140	802f43dc
802d5140	800356c8
802d5230	80035678
802d5230	802d4f2c
802d5230	80035b1c
802d5230	80035af8
802d5230	802d5348
802d5230	800356c4
802d5348	80035660
802d5348	802d4464
802d5348	802d4398
802d5348	80035b1c
802d5348	80035af8
802d5348	800356ac
802d554c	8003567c
802d554c	802d4adc
802d554c	802d4b18
802d554c	802d5fb8
802d554c	802d5230
802d554c	802d582c
802d554c	800356c8
802d562c	80035674
802d562c	802d5920
802d562c	802d4c60
802d562c	802d5fb8
802d562c	802d4a9c
802d562c	802d4020
802d562c	802d4f2c
802d562c	802d5978
802d562c	802d5fdc
802d562c	800356c0
802d582c	80035684
802d582c	802d4020
802d582c	802d5140
802d582c	802da1c0
802d582c	802f43dc
802d582c	800356d0
802d5920	802d4f7c
802d5978	802d5050
802d59f0	802da1c0
802d59f0	802f43b0
802d59f0	802d9068
802d59f0	802d90e4
802d59f0	802d9148
802d5b1c	802d9028
802d5b1c	802da1c0
802d5b1c	802f43dc
802d5b88	802d9028
802d5b88	802da1c0
802d5b88	802f43dc
802d5bf4	802d9028
802d5bf4	802da1c0
802d5bf4	802f43dc
802d5c60	802da1c0
802d5c60	802f43dc
802d5cb8	802d5d50
802d5cb8	802d5e50
802d5d50	80035678
802d5d50	802d5e28
802d5d50	800356c4
802d5e84	802d5e50
802d5f44	802d5d50
802d5f44	802d5e50
802d5f44	802d5e84
802d5fdc	803e28c0
802d5fdc	802d6070
802d5fdc	802d60f4
802d60fc	80035684
802d60fc	803e2938
802d60fc	803e28c0
802d60fc	800356d0
802d6160	8003567c
802d6160	80024204
802d6160	8002aef8
802d6160	803cf6a8
802d6160	802d83bc
802d6160	802d827c
802d6160	802d831c
802d6160	802d8410
802d6160	800356c8
802d6504	802d65b0
802d6504	802d65a4
802d6504	802d65bc
802d65bc	80035684
802d65bc	803cf6a8
802d65bc	80024204
802d65bc	8002aef8
802d65bc	802d8470
802d65bc	800356d0
802d6680	802d672c
802d6680	802d6720
802d6680	802d65bc
802d6738	80035688
802d6738	802d65a4
802d6738	802d5918
802d6738	802d688c
802d6738	802d65b0
802d6738	802d6720
802d6738	802d3520
802d6738	802d3b60
802d6738	802d672c
802d6738	800356d4
802d688c	802d819c
802d688c	803cf6a0
802d68e0	802d6954
802d68e0	802d6be8
802d68e0	802d6a94
802d6954	80035684
802d6954	802d6be8
802d6954	802d6a94
802d6954	800356d0
802d6a94	8003566c
802d6a94	802f43dc
802d6a94	802da204
802d6a94	802f43b0
802d6a94	802d5d34
802d6a94	802d5e28
802d6a94	802d6954
802d6a94	800356b8
802d6c10	802d5d50
802d6c10	802d5e50
802d6c10	802d6cec
802d6eec	80035674
802d6eec	802d5e84
802d6eec	802d5cb8
802d6eec	802d3704
802d6eec	802d3534
802d6eec	802d562c
802d6eec	802d6fe0
802d6eec	802d6504
802d6eec	802d37d4
802d6eec	802d5f44
802d6eec	800356c0
802d7010	80035678
802d7010	802d5e84
802d7010	802d5cb8
802d7010	802d3704
802d7010	802d3534
802d7010	802d562c
802d7010	802d37d4
802d7010	802d5f44
802d7010	800356c4
802d70ec	80035678
802d70ec	802d5e84
802d70ec	802d5cb8
802d70ec	802d3704
802d70ec	802d3534
802d70ec	802d37d4
802d70ec	802d5f44
802d70ec	800356c4
802d71d4	802d5cb8
802d71d4	802d3534
802d71d4	802da1c0
802d71d4	802f43b0
802d71d4	802d45bc
802d726c	80035680
802d726c	802d5e84
802d726c	802d5cb8
802d726c	802d6fe0
802d726c	802d6680
802d726c	802d5f44
802d726c	800356cc
802d7328	80035684
802d7328	802d5e84
802d7328	802d5cb8
802d7328	802d5f44
802d7328	800356d0
802d73cc	80035660
802d73cc	802d5cb8
802d73cc	803e28b8
802d73cc	80005fb4
802d73cc	802da1c0
802d73cc	802f43b0
802d73cc	802d34bc
802d73cc	802d41b8
802d73cc	802d3848
802d73cc	802d9c18
802d73cc	802d6be8
802d73cc	80035b1c
802d73cc	80035af8
802d73cc	802d43c0
802d73cc	802d5fdc
802d73cc	802d44a4
802d73cc	802d68e0
802d73cc	800356ac
802d76a0	80035688
802d76a0	802d6738
802d76a0	802da0e4
802d76a0	802d9c28
802d76a0	800356d4
802d7710	802da140
802d7710	802da198
802d7778	80035670
802d7778	802da1c0
802d7778	802f43b0
802d7778	802d6a94
802d7778	802d7cc0
802d7778	80024204
802d7778	8002aef8
802d7778	802d85e0
802d7778	80005fb4
802d7778	800060b8
802d7778	802d84e4
802d7778	802d84d0
802d7778	8002f28c
802d7778	803e28ac
802d7778	802d6160
802d7778	802d7ef8
802d7778	802d60fc
802d7778	80034f44
802d7778	802d9c18
802d7778	802da05c
802d7778	800356bc
802d7a38	802f43dc
802d7a38	803cf6a0
802d7abc	802d7a38
802d7abc	802da1c0
802d7abc	802f43dc
802d7b28	8002f28c
802d7b28	803cf6a0
802d7b84	802d7b28
802d7b84	802da1c0
802d7b84	802f43dc
802d7bf4	802d81b8
802d7bf4	803cf6a0
802d7c50	802d7bf4
802d7c50	802da1c0
802d7c50	802f43dc
802d7cd8	80035684
802d7cd8	802d819c
802d7cd8	803cf6a0
802d7cd8	800356d0
802d7d68	802d7cd8
802d7d68	803cf6a0
802d7dc4	802d7d68
802d7dc4	802da1c0
802d7dc4	802f43dc
802d7e30	802d7cd8
802d7e30	803cf6a0
802d7e8c	802d7e30
802d7e8c	802da1c0
802d7e8c	802f43dc
802d7ef8	80035680
802d7ef8	802d84f8
802d7ef8	80024204
802d7ef8	8002aef8
802d7ef8	802d85e0
802d7ef8	80005fb4
802d7ef8	800060b8
802d7ef8	802d84e4
802d7ef8	802d84d0
802d7ef8	8002f2fc
802d7ef8	800356cc
802d80b0	802d8218
802d80b0	802d818c
802d80b0	802d7e8c
802d80b0	802d7dc4
802d80b0	802d7c50
802d80b0	802d7b84
802d80b0	802d7abc
802d80b0	802da1c0
802d80b0	802f43dc
802d81b8	802d8218
802d81b8	803cf6a0
802d8218	802d8218
802d8218	803cf6a0
802d827c	802d83fc
802d827c	802d83e4
802d831c	802d83fc
802d831c	802d83e4
802d8410	803cf6a0
802d8470	803cf6a0
802d84f8	80024204
802d84f8	8002aef8
802d85e0	803cf6a8
802d85e0	80024204
802d85e0	8002aef8
802d863c	802ccd8c
802d863c	802d8fe4
802d86b0	80035670
802d86b0	800356bc
802d8dd4	80034f44
802d8dd4	802d86b0
802d8ea0	802d4c20
802d8ea0	802da1c0
802d8ea0	802f43dc
802d8f1c	80035688
802d8f1c	802d4e74
802d8f1c	802da364
802d8f1c	802da37c
802d8f1c	802da404
802d8f1c	800356d4
802d8fe8	803cf6a0
802d9028	803cf6a0
802d9068	80035684
802d9068	802da1c0
802d9068	802f43b0
802d9068	800356d0
802d90e4	802d912c
802d9148	802d9180
802d9180	80035674
802d9180	802d9594
802d9180	802d9180
802d9180	800356c0
802d9594	80035684
802d9594	802d912c
802d9594	800356d0
802d95e0	802d9654
802d9710	802d9654
802d978c	80035684
802d978c	800356d0
802d9800	80035674
802d9800	802d95e0
802d9800	802da1c0
802d9800	802f43b0
802d9800	802d9b10
802d9800	800356c0
802d9b28	80035684
802d9b28	802d9f40
802d9b28	802da1c0
802d9b28	802f43dc
802d9b28	800356d0
802d9c28	802d9b28
802d9d00	80035678
802d9d00	802da140
802d9d00	802d95e0
802d9d00	802d9eb4
802d9d00	800356c4
802d9f40	80035684
802d9f40	802d978c
802d9f40	802d96b8
802d9f40	802d96e0
802d9f40	802d6738
802d9f40	802d9eb4
802d9f40	800356d0
802da05c	80035684
802da05c	802d9710
802da05c	802d9b10
802da05c	800356d0
802da0e4	802da140
802da0e4	802d9b10
802da248	802da2c0
802da2c0	802d4c20
802da30c	803cf6a0
802da3a0	802d4f2c
802da404	802da1c0
802da404	802f43dc
802da45c	802d4a9c
802da4c8	802d4a9c
802da4c8	802d4020
802da4c8	802d4f2c
802da56c	80272c98
802da56c	80272e30
802da858	803cf6a0
802da8c0	803cfa04
802da8c0	803cf6a4
802da94c	802da828
802da9a0	802da858
802da9a0	803cf6a0
802daa14	802734e0
802daa14	802da8c0
802daa68	802da828
802daab4	802da858
802daab4	803cf6a0
802dab28	80275fd4
802dab28	802da8c0
802dabac	802da94c
802dabac	802daa68
802dad5c	80272ca4
802dad5c	80272e3c
802db2c0	802daab4
802db2c0	802da9a0
802db2c0	803cf6a0
802db418	803cf6d0
802db418	802dabac
802db46c	803cfa08
802db46c	802776d0
802db46c	802e098c
802db46c	802e09e0
802db46c	802e0614
802db46c	802e0e7c
802db46c	802db774
802db53c	802db6d8
802db53c	802dbbdc
802db53c	80277884
802db53c	803cfa04
802db618	802e098c
802db618	802e09f0
802db6d8	802dbbdc
802db6d8	802db774
802db774	80035688
802db774	802e0614
802db774	802e098c
802db774	802e0e7c
802db774	8027305c
802db774	80273768
802db774	800356d4
802dbbdc	802738ac
802dbbdc	802730cc
802dbe70	80035688
802dbe70	803b2344
802dbe70	800356d4
802dbf58	80273be4
802dc130	8027305c
802dc130	80273768
802dc1a0	802738ac
802dc1a0	802730cc
802dc20c	80273768
802dc20c	802dc640
802dc20c	802dc6a0
802dc20c	8027305c
802dc20c	802dc700
802dc20c	802dc75c
802dc20c	802dc7b8
802dc20c	802dc818
802dc20c	802dc878
802dc20c	802dc8d8
802dc20c	802dc938
802dc20c	802dc998
802dc20c	802dc9f8
802dc20c	802dca58
802dc640	802738ac
802dc640	802730cc
802dc6a0	802738ac
802dc6a0	802730cc
802dc700	80273768
802dc75c	80273768
802dc7b8	802738ac
802dc7b8	802730cc
802dc818	802738ac
802dc818	802730cc
802dc878	802738ac
802dc878	802730cc
802dc8d8	802738ac
802dc8d8	802730cc
802dc938	802738ac
802dc938	802730cc
802dc998	802738ac
802dc998	802730cc
802dc9f8	802738ac
802dc9f8	802730cc
802dca58	802738ac
802dca58	802730cc
802dcab8	80035680
802dcab8	80025f14
802dcab8	802dc20c
802dcab8	800356cc
802dcb48	80035688
802dcb48	80273768
802dcb48	802dddd8
802dcb48	802dde38
802dcb48	802ddecc
802dcb48	803b2344
802dcb48	802ddf2c
802dcb48	802ddf8c
802dcb48	802ddfec
802dcb48	802de04c
802dcb48	802de0ac
802dcb48	802de10c
802dcb48	802de16c
802dcb48	802de1f0
802dcb48	802de250
802dcb48	802de2d4
802dcb48	802de334
802dcb48	802de394
802dcb48	802de3f4
802dcb48	802de498
802dcb48	802de4f8
802dcb48	802de57c
802dcb48	802de5dc
802dcb48	802de63c
802dcb48	802de69c
802dcb48	802de740
802dcb48	802de7a0
802dcb48	802de844
802dcb48	802de8a4
802dcb48	802de904
802dcb48	802de988
802dcb48	802de9e8
802dcb48	802dea6c
802dcb48	802deacc
802dcb48	802deb50
802dcb48	802debb0
802dcb48	802dec34
802dcb48	802dec94
802dcb48	802decf4
802dcb48	802ded78
802dcb48	802dedd8
802dcb48	802dee38
802dcb48	802deebc
802dcb48	802def1c
802dcb48	802defa0
802dcb48	802df000
802dcb48	802df060
802dcb48	802df0c0
802dcb48	802df144
802dcb48	802df1a4
802dcb48	802df228
802dcb48	800356d4
802dddd8	802738ac
802dddd8	802730cc
802dde38	802ddea0
802dde38	80273768
802ddecc	802738ac
802ddecc	802730cc
802ddf2c	802738ac
802ddf2c	802730cc
802ddf8c	802738ac
802ddf8c	802730cc
802ddfec	802738ac
802ddfec	802730cc
802de04c	802738ac
802de04c	802730cc
802de0ac	802738ac
802de0ac	802730cc
802de10c	802738ac
802de10c	802730cc
802de16c	80273768
802de1f0	802738ac
802de1f0	802730cc
802de250	80273768
802de2d4	802738ac
802de2d4	802730cc
802de334	802738ac
802de334	802730cc
802de394	802738ac
802de394	802730cc
802de3f4	80273768
802de498	802738ac
802de498	802730cc
802de4f8	80273768
802de57c	802738ac
802de57c	802730cc
802de5dc	802738ac
802de5dc	802730cc
802de63c	802738ac
802de63c	802730cc
802de69c	80273768
802de740	802738ac
802de740	802730cc
802de7a0	80273768
802de844	802738ac
802de844	802730cc
802de8a4	802738ac
802de8a4	802730cc
802de904	80273768
802de988	802738ac
802de988	802730cc
802de9e8	80273768
802dea6c	802738ac
802dea6c	802730cc
802deacc	80273768
802deb50	802738ac
802deb50	802730cc
802debb0	80273768
802dec34	802738ac
802dec34	802730cc
802dec94	802738ac
802dec94	802730cc
802decf4	80273768
802ded78	802738ac
802ded78	802730cc
802dedd8	802738ac
802dedd8	802730cc
802dee38	80273768
802deebc	802738ac
802deebc	802730cc
802def1c	80273768
802defa0	802738ac
802defa0	802730cc
802df000	802738ac
802df000	802730cc
802df060	802738ac
802df060	802730cc
802df0c0	80273768
802df144	802738ac
802df144	802730cc
802df1a4	80273768
802df228	802738ac
802df228	802730cc
802df288	80035684
802df288	802ddecc
802df288	8027305c
802df288	802dde38
802df288	802df808
802df288	802df868
802df288	802df894
802df288	802df8b8
802df288	80273768
802df288	802df8dc
802df288	802df93c
802df288	802df968
802df288	802df98c
802df288	802df9b0
802df288	802dfa10
802df288	802dfa3c
802df288	802dfa60
802df288	802dfa84
802df288	802dfae4
802df288	802dfb10
802df288	802dfb34
802df288	802dfb58
802df288	802dfbb8
802df288	802dfbe4
802df288	802dfc44
802df288	802dfc68
802df288	803b2344
802df288	802dfcc8
802df288	802dfcf4
802df288	802dfd18
802df288	802dfd78
802df288	802dfdd8
802df288	800356d0
802df808	802738ac
802df808	802730cc
802df8dc	802738ac
802df8dc	802730cc
802df9b0	802738ac
802df9b0	802730cc
802dfa84	802738ac
802dfa84	802730cc
802dfb58	802738ac
802dfb58	802730cc
802dfbe4	802738ac
802dfbe4	802730cc
802dfc68	802738ac
802dfc68	802730cc
802dfd18	802738ac
802dfd18	802730cc
802dfd78	802738ac
802dfd78	802730cc
802dfdd8	80273768
802dfe5c	802ddecc
802dfe5c	802df808
802dfe5c	802df8dc
802dfe5c	802df9b0
802dfe5c	802dfa84
802dfe5c	802dfb58
802dfe5c	802dfbe4
802dfe5c	802dfc68
802dfe5c	802e0088
802dfe5c	802dfd18
802dfe5c	802dfd78
802e0088	802738ac
802e0088	802730cc
802e00e8	80035680
802e00e8	802e0088
802e00e8	802dfe5c
802e00e8	800356cc
802e0178	80035688
802e0178	802ddea0
802e0178	802739c8
802e0178	802df868
802e0178	802df894
802e0178	802df8b8
802e0178	802df93c
802e0178	802df968
802e0178	802df98c
802e0178	802dfa10
802e0178	802dfa3c
802e0178	802dfa60
802e0178	802dfae4
802e0178	802dfb10
802e0178	802dfb34
802e0178	802dfbb8
802e0178	802dfc44
802e0178	802dfcc8
802e0178	802dfcf4
802e0178	800356d4
802e0614	80035684
802e0614	802e098c
802e0614	802e0ce8
802e0614	800356d0
802e0694	803cf6e4
802e0694	80035088
802e07b4	802e0840
802e07b4	803cf6a4
802e07b4	803cf6a0
802e0840	80035688
802e0840	8041afe4
802e0840	800356d4
802e0930	802e07b4
802e0930	803cf6a0
802e098c	803cf6d0
802e098c	802e0694
802e09f0	802e0840
802e09f0	803cfa08
802e09f0	80276a7c
802e09f0	804159a0
802e09f0	803cfa34
802e09f0	80415608
802e09f0	80415c74
802e09f0	802764dc
802e09f0	80273360
802e09f0	80276bbc
802e09f0	804156c4
802e0ce8	80035678
802e0ce8	80034f44
802e0ce8	803cf6e4
802e0ce8	8002451c
802e0ce8	800356c4
802e0e7c	802e09f0
802e0e7c	8041b6ac
802e0e7c	802e0ecc
802e0f04	803cfa34
802e0f78	803cf6a0
802e0fb8	803cf6d0
802e0fb8	802e0f68
802e10e4	803cf6a0
802e1124	803cf6d0
802e1124	802e10a0
802e1178	80035688
802e1178	802e0fb8
802e1178	80273020
802e1178	8027312c
802e1178	8028066c
802e1178	8027f608
802e1178	8027e7a8
802e1178	8027ea90
802e1178	8027e9c0
802e1178	8027eb90
802e1178	8027e864
802e1178	8027ec10
802e1178	8027edf0
802e1178	8027a7f4
802e1178	8007442c
802e1178	8027e94c
802e1178	8028a300
802e1178	803cfa08
802e1178	8027321c
802e1178	802e100c
802e1178	8027ed70
802e1178	803cfa04
802e1178	8027ec58
802e1178	802db418
802e1178	802db46c
802e1178	802e26e0
802e1178	802e2734
802e1178	802e3b5c
802e1178	802e3bb0
802e1178	802e6708
802e1178	802e675c
802e1178	802e6fe8
802e1178	802e703c
802e1178	803ad024
802e1178	802e152c
802e1178	800356d4
802e13a8	802e152c
802e13a8	802e26e0
802e13a8	802e2744
802e13a8	802db418
802e13a8	802db53c
802e13a8	802e3b5c
802e13a8	802e3c50
802e13a8	802e6708
802e13a8	802e6a20
802e13a8	802e6fe8
802e13a8	802e7158
802e13a8	8027ed44
802e13a8	803cfa04
802e13a8	8027321c
802e13a8	802e0fb8
802e13a8	802e100c
802e1458	80035688
802e1458	802db418
802e1458	802db618
802e1458	802e26e0
802e1458	802e27b4
802e1458	802e3b5c
802e1458	802e3cd4
802e1458	802e6708
802e1458	802e6b58
802e1458	802e6fe8
802e1458	802e7254
802e1458	803b5104
802e1458	802e1124
802e1458	802e723c
802e1458	800356d4
802e152c	802e18a4
802e152c	802db418
802e152c	802db6d8
802e152c	802e26e0
802e152c	802e2bb4
802e152c	802e3b5c
802e152c	802e3fc4
802e152c	802e6708
802e152c	802e6ba8
802e152c	802e6fe8
802e152c	802e7258
802e15e0	802db418
802e15e0	802db774
802e15e0	802e6fe8
802e15e0	802e725c
802e162c	802db418
802e162c	802dbbdc
802e162c	802e6fe8
802e162c	802e7320
802e1678	802db418
802e1678	802dbe70
802e16a8	802db418
802e16a8	802dbf58
802e16f8	80035680
802e16f8	802e3b5c
802e16f8	802e4044
802e16f8	802db418
802e16f8	802dc130
802e16f8	802e6fe8
802e16f8	802e7384
802e16f8	8004354c
802e16f8	8041b6ac
802e16f8	800356cc
802e17a8	80035680
802e17a8	802e3b5c
802e17a8	802e408c
802e17a8	802db418
802e17a8	802dc1a0
802e17a8	802e6fe8
802e17a8	802e739c
802e17a8	8004354c
802e17a8	8041b6ac
802e17a8	800356cc
802e1858	802e3b5c
802e1858	802e4044
802e1858	802db418
802e1858	802dc130
802e1858	802e6fe8
802e1858	802e7384
802e18a4	802e3b5c
802e18a4	802e408c
802e18a4	802db418
802e18a4	802dc1a0
802e18a4	802e6fe8
802e18a4	802e739c
802e190c	80035688
802e190c	802db418
802e190c	802dc20c
802e190c	800356d4
802e1964	802db418
802e1964	802dcab8
802e19a4	80035688
802e19a4	802db418
802e19a4	802dcb48
802e19a4	800356d4
802e19fc	80035688
802e19fc	802db418
802e19fc	802df288
802e19fc	800356d4
802e1a54	802db418
802e1a54	802dfe5c
802e1a94	802db418
802e1a94	802e00e8
802e1ad4	80035684
802e1ad4	802db418
802e1ad4	802e0178
802e1ad4	800356d0
802e1b34	802db418
802e1b34	802e0494
802e1bc4	80035688
802e1bc4	802e6fe8
802e1bc4	802e73b4
802e1bc4	800356d4
802e1c1c	80035688
802e1c1c	802e6fe8
802e1c1c	802e7574
802e1c1c	800356d4
802e1c74	802e6fe8
802e1c74	802e7688
802e1cc4	802e6fe8
802e1cc4	802e76f4
802e1d04	802e6fe8
802e1d04	802e7754
802e1d58	802e26e0
802e1d58	802e2be4
802e1d88	802e26e0
802e1d88	802e2bf8
802e1db8	802e26e0
802e1db8	802e2c0c
802e1de8	802e26e0
802e1de8	802e2e50
802e1e18	802e26e0
802e1e18	802e306c
802e1e58	802e26e0
802e1e58	802e3178
802e1e98	802e26e0
802e1e98	802e322c
802e1efc	802e26e0
802e1efc	802e32d0
802e1f3c	802e3b5c
802e1f3c	802e3fc8
802e1f6c	802e3b5c
802e1f6c	802e3fe8
802e1f9c	802e3b5c
802e1f9c	802e4028
802e1fd0	802e3b5c
802e1fd0	802e40d4
802e2010	802e3b5c
802e2010	802e4108
802e2040	802e3b5c
802e2040	802e4164
802e2080	802e3b5c
802e2080	802e418c
802e20b0	80035688
802e20b0	802e6708
802e20b0	802e6bac
802e20b0	800356d4
802e2108	80035688
802e2108	803be57c
802e2108	803be594
802e2108	802e3880
802e2108	800356d4
802e232c	802e23b4
802e23b4	80035688
802e23b4	803cf6e4
802e23b4	80035088
802e23b4	800356d4
802e24fc	802e2588
802e24fc	803cf6a4
802e24fc	803cf6a0
802e2588	80035688
802e2588	8041afe4
802e2588	800356d4
802e2678	802e24fc
802e2678	803cf6a0
802e26e0	803cf6d0
802e26e0	802e232c
802e2744	802e2bb4
802e27b4	80035674
802e27b4	802ec6d0
802e27b4	802cd9ac
802e2c0c	803e27ac
802e2c0c	8027305c
802e2c0c	80273768
802e2e50	802738ac
802e2e50	802730cc
802e306c	803cf6d0
802e306c	802e4880
802e306c	802e30f4
802e3178	80035688
802e3178	802e2588
802e3178	800356d4
802e322c	80035688
802e322c	803cf6d0
802e322c	802e639c
802e322c	802e30f4
802e322c	800356d4
802e32d0	80035688
802e32d0	802e2588
802e32d0	800356d4
802e3388	80035688
802e3388	803cf6d0
802e3388	802e43b0
802e3388	802e30f4
802e3388	800356d4
802e344c	80035680
802e344c	803e27b4
802e344c	802f46bc
802e344c	802f5de8
802e344c	802f52f0
802e344c	802e3388
802e344c	802f4900
802e344c	803e27ac
802e344c	800356cc
802e37c0	80035688
802e37c0	802e2588
802e37c0	800356d4
802e3880	802e3a0c
802e3880	802e3a28
802e3880	802e3a38
802e3880	803b2320
802e3a38	8002f288
802e3b1c	803cf6a0
802e3b5c	803cf6d0
802e3b5c	802e3ad0
802e3bb0	8027e114
802e3bb0	8027bcf4
802e3bb0	803cfa08
802e3bb0	8027d5f8
802e3c50	8027d604
802e3c50	803cfa04
802e3cd4	8027c3d8
802e3cd4	8027e43c
802e3cd4	8027c414
802e3cd4	80024444
802e3cd4	8027d6c8
802e3cd4	803e27ac
802e3cd4	802e41cc
802e3cd4	8027de6c
802e3cd4	8027d6d0
802e3cd4	8027e178
802e3fe8	802e4108
802e4044	8027c3d8
802e4044	8027e178
802e4044	8027c414
802e408c	8027c3d8
802e408c	8027e178
802e408c	8027c414
802e4108	8027c3d8
802e4108	8027dbcc
802e4108	8027c414
802e41cc	8027c3d8
802e41cc	8027e58c
802e41cc	8027c414
802e4260	8027c3d8
802e4260	8027dbcc
802e4260	8027c414
802e4370	803cf6a0
802e43b0	802e4340
802e43fc	803cf6a0
802e4464	80035684
802e4464	8027305c
802e4464	802e45bc
802e4464	802e45e8
802e4464	80273768
802e4464	802e460c
802e4464	802e4638
802e4464	802e465c
802e4464	802e4688
802e4464	800356d0
802e46ac	80035688
802e46ac	802e45bc
802e46ac	802e45e8
802e46ac	802739c8
802e46ac	802e460c
802e46ac	802e4638
802e46ac	802e465c
802e46ac	802e4688
802e46ac	800356d4
802e478c	802738ac
802e478c	802730cc
802e4880	802e4340
802e491c	803cf6a0
802e498c	80035680
802e498c	802e5880
802e498c	8027305c
802e498c	802e58e0
802e498c	802e59b0
802e498c	802e5a10
802e498c	802e5ae0
802e498c	80273768
802e498c	802e5b40
802e498c	802e5ba0
802e498c	802e5bfc
802e498c	802e5c5c
802e498c	802e5ce0
802e498c	802e5d40
802e498c	802e5dc4
802e498c	802e5e24
802e498c	802e5ea8
802e498c	802e2108
802e498c	802e5f08
802e498c	800356cc
802e5880	802738ac
802e5880	802730cc
802e58e0	802e5960
802e58e0	802e598c
802e58e0	80273768
802e59b0	802738ac
802e59b0	802730cc
802e5a10	802e5a90
802e5a10	802e5abc
802e5a10	80273768
802e5ae0	802738ac
802e5ae0	802730cc
802e5b40	802738ac
802e5b40	802730cc
802e5ba0	80273768
802e5bfc	802738ac
802e5bfc	802730cc
802e5c5c	80273768
802e5ce0	802738ac
802e5ce0	802730cc
802e5d40	80273768
802e5dc4	802738ac
802e5dc4	802730cc
802e5e24	80273768
802e5ea8	802738ac
802e5ea8	802730cc
802e5f08	80273768
802e5f8c	80035684
802e5f8c	802e5960
802e5f8c	802e598c
802e5f8c	802739c8
802e5f8c	802e5a90
802e5f8c	802e5abc
802e5f8c	800356d0
802e60c0	802e5880
802e60c0	802e59b0
802e60c0	802e5ae0
802e60c0	802e5b40
802e60c0	802e5ce0
802e60c0	802e5bfc
802e60c0	802e5dc4
802e60c0	802e5ea8
802e6244	80035680
802e6244	802d0120
802e6244	802cd9ac
802e6244	802e3880
802e6244	800356cc
802e639c	802e4340
802e63e0	803cf6a0
802e6448	80035688
802e6448	802e5880
802e6448	8027305c
802e6448	802e58e0
802e6448	800356d4
802e64c8	802e5960
802e64c8	802e598c
802e64c8	802739c8
802e6534	802e5880
802e658c	80035688
802e658c	802d0120
802e658c	802cd9ac
802e658c	802e3880
802e658c	800356d4
802e66c8	803cf6a0
802e6708	803cf6d0
802e6708	802e6658
802e675c	8003567c
802e675c	8027e114
802e675c	8027bcf4
802e675c	803cfa08
802e675c	8027d5f8
802e675c	802929c0
802e675c	8041c54c
802e675c	80292a58
802e675c	80292abc
802e675c	80291530
802e675c	80291538
802e675c	80294f5c
802e675c	80024444
802e675c	803d4900
802e675c	80273360
802e675c	8029494c
802e675c	80416370
802e675c	8041625c
802e675c	80291a44
802e675c	803cfa04
802e675c	800356c8
802e6a20	80035678
802e6a20	802917b0
802e6a20	80292b8c
802e6a20	803cfa04
802e6a20	8027d604
802e6a20	800356c4
802e6b58	8027c3d8
802e6b58	8027e43c
802e6b58	8027c414
802e6b58	802926a8
802e6bac	80291c4c
802e6dfc	80024444
802e6dfc	8027d6c8
802e6fa8	803cf6a0
802e6fe8	803cf6d0
802e6fe8	802e6f24
802e703c	80035684
802e703c	8027a814
802e703c	8028da00
802e703c	8027a848
802e703c	8027a920
802e703c	8028db20
802e703c	80024444
802e703c	803d4900
802e703c	8027873c
802e703c	800356d0
802e7158	80035680
802e7158	8028db74
802e7158	8027a8f8
802e7158	8028daf8
802e7158	802792f4
802e7158	803cfa04
802e7158	800356cc
802e725c	80024444
802e725c	803d4900
802e725c	8027873c
802e7320	802792f4
802e7320	803cfa04
802e73b4	80035680
802e73b4	803b2344
802e73b4	8027bcf4
802e73b4	8027c3d8
802e73b4	80279248
802e73b4	8027991c
802e73b4	8027c414
802e73b4	800356cc
802e7574	80035680
802e7574	802e7688
802e7574	8027bcf4
802e7574	8027c3d8
802e7574	80279248
802e7574	8027991c
802e7574	8027c414
802e7574	800356cc
802e7688	8027c3d8
802e7688	8027e070
802e7688	8027c414
802e76f4	80035688
802e76f4	802e7688
802e76f4	800356d4
802e77e4	802e7954
802e7828	80035680
802e7828	802ed600
802e7828	802cc6b0
802e7828	802e796c
802e7828	802e799c
802e7828	802cc874
802e7828	802e7af0
802e7828	800356cc
802e7910	802e7954
802e799c	80035688
802e799c	802e7c9c
802e7b48	80035688
802e7b48	802e7c9c
802e7cc0	80035688
802e7cc0	802ed6a8
802e7cc0	803c8b70
802e7d78	80035688
802e7d78	802ed600
802e7d78	802ed6a8
802e7d78	802e7ed4
802e7d78	803c8b70
802e7d78	800356d4
802e7ed4	802cc578
802e7f4c	80035684
802e7f4c	802edf8c
802e7f4c	80035248
802e7f4c	802e8134
802e7f4c	803b2344
802e7f4c	800356d0
802e8180	803ccc08
802e81b0	803cce94
802e81b0	803cf6a0
802e8208	802e864c
802e8208	80035340
802e8208	802ee0ac
802e8208	803cfa04
802e82bc	80035680
802e82bc	803cfa08
802e82bc	802f0248
802e82bc	802f0384
802e82bc	802f0ba8
802e82bc	802f0c98
802e82bc	802ed524
802e82bc	802ea718
802e82bc	802ea78c
802e82bc	803cf6d0
802e82bc	802ead00
802e82bc	803c815c
802e82bc	802e3a28
802e82bc	802ee124
802e82bc	802ee864
802e82bc	802ef7d8
802e82bc	802e887c
802e82bc	803ba8f4
802e82bc	803b5d3c
802e82bc	803bd2f0
802e82bc	803c817c
802e82bc	802ea01c
802e82bc	800356cc
802e864c	802ea9d0
802e864c	802ed5b8
802e864c	802ea744
802e864c	803c8164
802e864c	802e979c
802e864c	802e9e14
802e864c	802f7a24
802e8814	803bd3ac
802e8814	803bf490
802e8814	803cf6a0
802e887c	80035684
802e887c	802ef884
802e887c	803b189c
802e887c	803afe18
802e887c	800356d0
802e8a50	80035674
802e8a50	802ee690
802e8a50	802e9efc
802e8a50	803d78b8
802e8a50	8041c400
802e8a50	802e927c
802e8a50	8041c6c0
802e8a50	802e9308
802e8a50	803c1930
802e8a50	8041c004
802e8a50	803be5c4
802e8a50	803d7c1c
802e8a50	802e9560
802e8a50	802edea4
802e8a50	802eb00c
802e8a50	803c851c
802e8a50	803bd4bc
802e8a50	802e9718
802e8a50	802ee84c
802e8a50	802ee8c8
802e8a50	802ed784
802e8a50	802ea8e4
802e8a50	802ea9d0
802e8a50	802eaa64
802e8a50	802e3a28
802e8a50	802f012c
802e8a50	802f7bf4
802e8a50	802f6c34
802e8a50	802ea19c
802e8a50	802ee864
802e8a50	802ec6d0
802e8a50	802ccda8
802e9560	8041c6c0
802e95f0	803c4bf8
802e9664	80035688
802e9664	802e9e14
802e9664	803c4c28
802e9664	800356d4
802e9734	802ed61c
802e9734	802ef794
802e9734	802ef77c
802e979c	802ef7a4
802e979c	802ef77c
802e983c	80035658
802e983c	803c8d28
802e983c	803ccc78
802e983c	803cd454
802e983c	803cd38c
802e983c	803cce94
802e983c	803ccd84
802e983c	803cce0c
802e983c	802e9e14
802e983c	803ccd20
802e983c	802e9bd4
802e983c	803c8d14
802e983c	802e9308
802e983c	803d78b8
802e983c	802e9560
802e983c	800356a4
802e9bd4	80035678
802e9bd4	803ccd20
802e9bd4	803ccfd0
802e9bd4	803cd454
802e9bd4	803cb934
802e9bd4	803cb930
802e9bd4	803e3440
802e9bd4	803cfa08
802e9bd4	803bd5d0
802e9bd4	803bd664
802e9bd4	803c4bf8
802e9bd4	803ccd84
802e9bd4	803cce94
802e9bd4	800356c4
802e9e14	80035680
802e9e14	803cce0c
802e9e14	803bd5f4
802e9e14	803c4c28
802e9e14	800356cc
802e9efc	803b816c
802ea01c	803cd38c
802ea01c	803ccc08
802ea01c	802ea0cc
802ea01c	802ea12c
802ea01c	803cd454
802ea01c	802f78a4
802ea01c	803cce94
802ea0cc	80035688
802ea0cc	803ccd84
802ea0cc	802e3a28
802ea0cc	800356d4
802ea12c	802e954c
802ea12c	8041c004
802ea12c	802e3a28
802ea19c	803cd38c
802ea19c	803ccc08
802ea19c	802ea0cc
802ea19c	802ea12c
802ea19c	802e3a28
802ea19c	802f7bf4
802ea19c	802f6c34
802ea19c	803cce94
802ea280	8003567c
802ea280	803c8d28
802ea280	803cd38c
802ea280	803cce94
802ea280	800356c8
802ea394	802f78a4
802ea394	802f7a24
802ea420	803b2344
802ea47c	803b2138
802ea4cc	80035688
802ea4cc	802f105c
802ea4cc	802f1324
802ea4cc	803cfa04
802ea4cc	800356d4
802ea534	80035674
802ea534	802ec6d0
802ea534	802ec704
802ea534	802ee858
802ea534	802ef77c
802ea534	802ee790
802ea534	802ee89c
802ea534	802f0f3c
802ea534	802f105c
802ea534	802f1440
802ea534	800356c0
802ea744	803cfa04
802ea78c	80035688
802ea78c	802ea838
802ea78c	800356d4
802ea838	80035684
802ea838	8002451c
802ea838	800356d0
802ea8e4	80035680
802ea8e4	802f77e0
802ea8e4	802f7718
802ea8e4	800356cc
802ea9d0	80035680
802ea9d0	802f7a24
802ea9d0	800356cc
802eaa64	80035664
802eaa64	802f7bf4
802eaa64	803c8280
802eaa64	802f6c34
802eaa64	802f7abc
802eaa64	80025f14
802eaa64	803c8308
802eaa64	802f7960
802eaa64	802f78a4
802eaa64	802f7c20
802eaa64	802cd4cc
802eaa64	800356b0
802ead50	803cf6a0
802eadac	80035684
802eadac	803b2178
802eadac	803b2138
802eadac	802cd4e8
802eb00c	80035670
802eb3ac	80035674
802eb3ac	803fca44
802eb3ac	803fc9d4
802eb3ac	803f3fe0
802eb3ac	802eb59c
802eb3ac	802eb630
802eb3ac	802eb61c
802eb3ac	803f6f68
802eb3ac	800356c0
802eb59c	8041c400
802eb6cc	802ccd8c
802eb6cc	802ccd98
802eb730	803cd38c
802eb730	802e1124
802eb730	802e19a4
802eb730	802e1b78
802eb878	803cd38c
802eb878	802e1124
802eb878	802e1b78
802eb8d4	803d56c8
802eb8d4	803cf6d0
802eb8d4	803c7054
802eb97c	80035684
802eb97c	802ebdb4
802eb97c	803c7060
802eb97c	803cfa04
802eb97c	800353b8
802eb97c	803d56f4
802eb97c	800356d0
802eba64	803cce94
802eba64	80035340
802eba64	803cf6a0
802ebad8	803cce94
802ebad8	803cf6a0
802ebb30	80035678
802ebb30	803d5760
802ebb30	802ece6c
802ebb30	802ecd1c
802ebb30	803d4c64
802ebb30	803d4c98
802ebb30	803cf6e4
802ebb30	80035088
802ebb30	803cfa34
802ebb30	803ccc78
802ebb30	803c70a8
802ebb30	803cce94
802ebb30	800356c4
802ebd34	80035248
802ebd34	803ccc08
802ebd84	803ccc08
802ebdb4	802ebeec
802ebdb4	803c718c
802ebdb4	802ececc
802ebdb4	802ecdd8
802ebdb4	803d5830
802ebe14	80035688
802ebe14	802ebb30
802ebe14	803d5894
802ebe14	802ee8f0
802ebe14	800356d4
802ebeec	80035680
802ebeec	802ed36c
802ebeec	803bf424
802ebeec	802e9664
802ebeec	803e0ebc
802ebeec	803d58f4
802ebeec	803c7e8c
802ebeec	802e864c
802ebeec	802e8208
802ebeec	802ed280
802ebeec	800356cc
802ec044	8003567c
802ec044	803cfa34
802ec044	800356c8
802ec100	80035684
802ec100	803cfa04
802ec100	800356d0
802ec19c	80035684
802ec19c	802e8a50
802ec19c	802e9664
802ec19c	802ec864
802ec19c	800356d0
802ec238	803cfa08
802ec238	8041af54
802ec238	803cfa04
802ec29c	803cfa08
802ec29c	8041af54
802ec29c	803cfa04
802ec308	8003565c
802ec308	802f472c
802ec308	802f4a54
802ec308	802f4cf4
802ec308	802f4df0
802ec308	802f4900
802ec308	802ed3d0
802ec308	803cfa08
802ec308	803c7da8
802ec308	802ece3c
802ec308	803c7fa0
802ec308	802ec6a0
802ec308	802e7f4c
802ec308	802e82bc
802ec308	802e95f0
802ec308	803d5894
802ec308	802e77a4
802ec308	803c8080
802ec308	802eca4c
802ec308	802e979c
802ec308	802e1124
802ec308	802e1e18
802ec308	800356a8
802ec78c	802ec7b8
802ec7b8	80035684
802ec7b8	802ecb5c
802ec7b8	802e7910
802ec7b8	803bf424
802ec7b8	802e9664
802ec7b8	802ec864
802ec7b8	800356d0
802ec864	80035680
802ec864	802e1124
802ec864	802e1e58
802ec864	803ccd20
802ec864	803e0ebc
802ec864	803d58f4
802ec864	803c7e8c
802ec864	802e864c
802ec864	802e8208
802ec864	803cd454
802ec864	803cd38c
802ec864	802ed280
802ec864	803cce94
802ec864	800356cc
802ec9dc	80035680
802ec9dc	802e9800
802ec9dc	800356cc
802eca4c	80035684
802eca4c	802ecafc
802eca4c	802ecb5c
802eca4c	802e9734
802eca4c	800356d0
802ecafc	802e979c
802ecb5c	80035684
802ecb5c	802ecafc
802ecb5c	800356d0
802ecbd0	8002f288
802ecc0c	803b2138
802ecc0c	802cd4e8
802ecd1c	80035688
802ecd1c	803d4ad8
802ecd1c	803cfa08
802ecd1c	803d4a04
802ecd1c	803cb20c
802ecd1c	803cb940
802ecd1c	803c7a7c
802ecd1c	803c7c18
802ecd1c	800356d4
802ecdd8	803c7d20
802ecdd8	803cadf8
802ecdd8	803cb02c
802ecdd8	803cfa04
802ece6c	803d4b98
802ece6c	803ca3e8
802ececc	803d4b14
802ececc	803cac4c
802ecf34	8003566c
802ecf34	803ccc78
802ecf34	802ed23c
802ecf34	803cce94
802ecf34	803cd454
802ecf34	803d4a04
802ecf34	803cb20c
802ecf34	803ccfd0
802ecf34	803cb934
802ecf34	803ca620
802ecf34	803cce0c
802ecf34	803cb930
802ecf34	803ccd84
802ecf34	800356b8
802ed23c	803ccd20
802ed23c	803ccf44
802ed280	8003567c
802ed280	803cce0c
802ed280	803cb708
802ed280	800356c8
802ed36c	803d58f4
802ed3d0	8003567c
802ed3d0	803cd38c
802ed3d0	802ecf34
802ed3d0	800356c8
802ed4c0	802ccd8c
802ed4c0	802ed504
802ed4c0	802ed514
802ed524	803b2138
802ed5b8	803cfa04
802ed61c	8003567c
802ed61c	802cd4cc
802ed61c	800356c8
802ed6d0	802ed720
802ed720	803c8b70
802ed784	80035684
802edd84	803bf490
802edd84	803cfa04
802ede08	803bf490
802ede08	803cfa04
802edf8c	803ccc08
802edf8c	803b2138
802edf8c	803cfa08
802edf8c	802ea47c
802ee0ac	802ea4cc
802ee0ac	803cce94
802ee0ac	803cf6a0
802ee124	8003567c
802ee124	802f472c
802ee124	802f4a54
802ee124	803cce0c
802ee124	802f52f0
802ee124	802f4cf4
802ee124	802f50e4
802ee124	802f4df0
802ee124	802f51f4
802ee124	803ccc78
802ee124	803cd454
802ee124	80025d98
802ee124	803c9260
802ee124	803cce94
802ee124	803da02c
802ee124	802f4a14
802ee124	802f5de8
802ee124	802f105c
802ee124	802f12a4
802ee124	802f5ec8
802ee124	802f10e8
802ee124	802f0ed4
802ee124	802d6ee4
802ee124	802f5d34
802ee124	802ee598
802ee124	802f4900
802ee124	800356c8
802ee598	80035688
802ee598	802f472c
802ee598	802f4cf4
802ee598	802f4900
802ee598	800356d4
802ee690	802cd4cc
802ee790	8041aa40
802ee8f0	803b2138
802eeb28	80035670
802eeb28	802eaff4
802ef560	8002f288
802ef594	802cd4e8
802ef650	803b2138
802ef650	802cd4e8
802ef6b4	803b2138
802ef6b4	802cd4e8
802ef718	803b224c
802ef718	803b21bc
802ef82c	803bf490
802ef82c	803cfa04
802ef884	80035688
802ef884	802efa5c
802ef884	803b2344
802ef884	803c7214
802ef884	800356d4
802efa94	803d78b8
802efa94	8041c004
802efa94	802e3a28
802efa94	802efb90
802efb90	803eff1c
802efb90	803efde8
802efb90	803efea0
802efb90	803e7408
802efb90	803e7398
802efb90	803e73f4
802efb90	803e73e0
802efb90	803efde4
802efb90	803efea8
802efb90	803efde0
802efb90	802efa5c
802f012c	802efa5c
802f0248	8003567c
802f0248	803bd390
802f0248	800356c8
802f02fc	803e74d0
802f02fc	802e8814
802f02fc	803cfa04
802f0384	802f097c
802f0384	803e7520
802f0384	803e73c4
802f0384	803e7408
802f0384	803e73f4
802f0384	803e73cc
802f0384	803e7398
802f0384	803e741c
802f0384	803e746c
802f0384	803bd434
802f0384	803bd4ac
802f046c	802edee0
802f04b0	8003567c
802f04b0	803c1a5c
802f04b0	800356c8
802f06ac	80035678
802f06ac	802f04b0
802f086c	803e585c
802f086c	803c7904
802f086c	803bd4c4
802f097c	803ccc78
802f097c	8002451c
802f097c	802f0adc
802f097c	803cd454
802f097c	80410d74
802f097c	803e3260
802f097c	803cce94
802f097c	802f0b20
802f0adc	803ccd20
802f0adc	803ccfd0
802f0b20	803f39b0
802f0ba8	80035680
802f0ba8	803bd390
802f0ba8	800356cc
802f0c40	802e8814
802f0c40	803cfa04
802f0c98	803bd434
802f0c98	803bd4ac
802f0ce8	802f0d60
802f0ce8	803bd4c4
802f0d60	803c4f4c
802f0d60	803ec98c
802f0d60	802e9308
802f0e50	803cfa64
802f0e94	803cfa04
802f0f60	802f10e8
802f0f60	802f0ed4
802f0f60	802f2af4
802f0fbc	803cfa08
802f0fbc	802f1064
802f100c	80324388
802f100c	80327158
802f100c	802e1124
802f100c	802e190c
802f1064	802f0e50
802f1064	80035248
802f1064	802f10ec
802f10ec	80035668
802f10ec	803d4900
802f10ec	80416370
802f10ec	804163d0
802f10ec	8041625c
802f10ec	804162e0
802f10ec	80412810
802f10ec	803cfa08
802f10ec	8041280c
802f10ec	8041af54
802f10ec	802f26e0
802f10ec	802f2710
802f10ec	802f2af4
802f10ec	803cfa04
802f10ec	800356b4
802f12a4	802f0f60
802f1324	803cfa64
802f1380	80035670
802f1380	800356bc
802f1440	8003567c
802f1440	803e27ac
802f1440	802f0f3c
802f1440	8032c608
802f1440	8032dc38
802f1440	802d0120
802f1440	803c8b70
802f1440	803156a8
802f1440	80025d98
802f1440	803be1b8
802f1440	802f1380
802f1440	803bea7c
802f1440	803bec68
802f1440	802cd4cc
802f1440	803be1dc
802f1440	800356c8
802f1678	80035688
802f1678	802d0120
802f1678	802ee84c
802f1678	802ea280
802f1678	803b2344
802f1678	803c8b70
802f1678	802f2014
802f1678	802f1fe4
802f1678	802e1124
802f1678	802e20b0
802f1678	800356d4
802f17dc	80035684
802f17dc	802d0120
802f17dc	802ee84c
802f17dc	800356d0
802f1878	802d0120
802f1878	802ee84c
802f18e8	80035680
802f18e8	802d0120
802f18e8	802ee89c
802f18e8	802f1c34
802f18e8	803e1790
802f18e8	802f472c
802f18e8	802f4cf4
802f18e8	802f4900
802f18e8	803b1fcc
802f18e8	803b2344
802f18e8	800356cc
802f1c34	80035684
802f1c34	802f2014
802f1c34	802f1fe4
802f1c34	802e1124
802f1c34	802e20b0
802f1c34	80324388
802f1c34	80327178
802f1c34	802e190c
802f1c34	803c8b70
802f1c34	802ee8bc
802f1c34	802cd4cc
802f1c34	802ee8b0
802f1c34	802ef718
802f1c34	802d0120
802f1c34	802ee858
802f1c34	803be1b8
802f1c34	802f1380
802f1c34	803bea7c
802f1c34	803be1dc
802f1c34	8032c608
802f1c34	8032dc20
802f1c34	800356d0
802f1e10	802ee8bc
802f1e10	802cd4cc
802f1e10	802ee8b0
802f1e10	802ef718
802f1e10	803be1b8
802f1e10	802f1380
802f1e10	803bea7c
802f1e10	803be1dc
802f1e10	802d0120
802f1e10	802ee858
802f1e10	803c8b70
802f1f74	80035688
802f1f74	802f2014
802f1f74	802f1fe4
802f1f74	802e1124
802f1f74	802e20b0
802f1f74	800356d4
802f2070	802ccd8c
802f2070	802f2120
802f215c	80035688
802f215c	80324388
802f215c	803ae8c4
802f215c	8002abb4
802f215c	800356d4
802f21b4	80035688
802f21b4	80324388
802f21b4	803ae8c4
802f21b4	803d59c4
802f21b4	800356d4
802f2230	803cf6a4
802f2230	803cfa04
802f22a8	80035688
802f22a8	802f2a30
802f22a8	802f29e4
802f22a8	802f294c
802f22a8	803cf6e4
802f22a8	800356d4
802f2374	803cf6a4
802f2374	803cfa04
802f23e4	80035688
802f23e4	802f2a30
802f23e4	802f29e4
802f23e4	802f294c
802f23e4	803cf6bc
802f23e4	800356d4
802f24a0	803cfa04
802f24e0	80035688
802f24e0	803d5980
802f24e0	80324388
802f24e0	803ae8c4
802f24e0	8002abb4
802f24e0	800356d4
802f256c	80035688
802f256c	80025e58
802f256c	80324388
802f256c	803ae8c4
802f256c	803d59c4
802f256c	800356d4
802f25f8	802f2a30
802f25f8	802f29e4
802f25f8	802f294c
802f2710	80035684
802f2710	802f294c
802f2710	802f2a7c
802f2710	803cfa08
802f2710	80035088
802f2710	800356d0
802f29e4	802f2964
802f2a30	802f2964
802f2a7c	80035684
802f2a7c	80025e58
802f2a7c	800356d0
802f2b3c	80035680
802f2b3c	802f3204
802f2b3c	802f32d8
802f2b3c	800356cc
802f2c0c	80035684
802f2c0c	802f2b3c
802f2c0c	8002886c
802f2c0c	800356d0
802f2c84	80035248
802f2c84	802f2d58
802f2cf0	80035340
802f2cf0	803cf6a0
802f2d58	80035688
802f2d58	802f3118
802f2d58	802f2b3c
802f2d58	803cce0c
802f2d58	800356d4
802f2e00	802f3118
802f2eb0	8003567c
802f2eb0	803cd38c
802f2eb0	802f2b3c
802f2eb0	803cce0c
802f2eb0	800356c8
802f2f80	8003567c
802f2f80	803cd38c
802f2f80	802f2b3c
802f2f80	80027d60
802f2f80	800356c8
802f3054	8003567c
802f3054	803cd38c
802f3054	802f2c0c
802f3054	800356c8
802f3118	80035684
802f3118	802f3204
802f3118	802f336c
802f3118	800356d0
802f3204	80005fb4
802f33e4	80035688
802f33e4	802d8fe0
802f33e4	802f349c
802f33e4	802f3528
802f33e4	802f3544
802f33e4	800356d4
802f3544	80035678
802f3544	80024204
802f3544	8002aef8
802f3544	803cf6a8
802f3544	802f3528
802f3544	802f3bb0
802f3544	802f3df8
802f3544	800356c4
802f3720	80035670
802f3720	802d8fe0
802f3720	802f3b20
802f3720	802f3ba4
802f3720	802f3528
802f3720	802f3544
802f3720	802da1c0
802f3720	802f43b0
802f3720	802d59f0
802f3720	802d9800
802f3720	802d9c68
802f3720	802d9c80
802f3720	802d9c18
802f3720	802d9ca4
802f3720	802f349c
802f3720	802d9d00
802f3720	80024204
802f3720	8002aef8
802f3720	803cf6a8
802f3720	802f3bb0
802f3720	802f3d98
802f3720	800356bc
802f3bb0	802d83bc
802f3bb0	802d827c
802f3bb0	802d831c
802f3bb0	802f3d8c
802f3d98	803cf6a0
802f3df8	803cf6a0
802f3e58	802ccd8c
802f3e58	802f3ef0
802f3e58	80035028
802f3e58	802f4018
802f3e58	802f4140
802f3f08	802f42ec
802f3f08	803cf6a0
802f3f64	802f3f08
802f3f64	803cf6a0
802f3fc0	802f3f64
802f3fc0	803cf6a0
802f4030	802f4228
802f4030	803cf6a0
802f408c	802f4030
802f408c	803cf6a0
802f40e8	802f408c
802f40e8	803cf6a0
802f4150	802d8fe8
802f4150	803cf6a0
802f41a8	802f349c
802f41a8	802d9c28
802f41a8	803cfa04
802f4228	802f4288
802f4228	803cf6a0
802f4288	802f4288
802f4288	803cf6a0
802f42ec	802f434c
802f42ec	803cf6a0
802f434c	802f434c
802f434c	803cf6a0
802f43f4	802d8ea0
802f43f4	803cf6a0
802f4460	80035680
802f4460	8002451c
802f4460	803d4900
802f4460	802f33e4
802f4460	802f3720
802f4460	800356cc
802f456c	803cfa08
802f45a8	803cfa04
802f45f4	802d6ee4
802f45f4	802d5cb8
802f4634	80035688
802f4634	802d3534
802f4634	802da1ec
802f4634	802d6ee4
802f4634	800356d4
802f46bc	80035688
802f46bc	802d6ee4
802f46bc	802d5cb8
802f46bc	802f483c
802f46bc	800356d4
802f472c	80035684
802f472c	802d6ee4
802f472c	802d5cb8
802f472c	802f483c
802f472c	800356d0
802f4794	80035688
802f4794	802d5cb8
802f4794	802f483c
802f4794	800356d4
802f47ec	802d6ee4
802f47ec	802f483c
802f483c	802d3534
802f483c	803cf6d0
802f483c	802f43e0
802f483c	802da1c0
802f483c	802f43b0
802f483c	802d8e54
802f4900	802f4944
802f4900	802f4950
802f4900	802f43f4
802f4950	803cf6a0
802f4994	802d8f1c
802f4994	802f49e8
802f4994	802da404
802f4a14	802d6ee4
802f4a14	802f4994
802f4a54	802d6ee4
802f4a54	802f4a94
802f4a94	802d8f1c
802f4a94	802f49e8
802f4a94	802da404
802f4af8	802d6ee4
802f4af8	802f4b48
802f4b48	80035684
802f4b48	802f5e60
802f4b48	802d8f1c
802f4b48	802f49e8
802f4b48	802da404
802f4b48	800356d0
802f4bf8	802d6ee4
802f4bf8	802f4c48
802f4c48	80035684
802f4c48	802f5e60
802f4c48	802d8f1c
802f4c48	802f49e8
802f4c48	802da404
802f4c48	800356d0
802f4cf4	802d6ee4
802f4cf4	802f4d44
802f4d44	80035684
802f4d44	802f5e60
802f4d44	802d8f1c
802f4d44	802f49e8
802f4d44	802da404
802f4d44	800356d0
802f4df0	802d6ee4
802f4df0	802f4e40
802f4e40	80035684
802f4e40	802f5e60
802f4e40	802d8f1c
802f4e40	802f49e8
802f4e40	802da404
802f4e40	800356d0
802f4eec	802d6ee4
802f4eec	802f4f3c
802f4f3c	80035684
802f4f3c	802f5e60
802f4f3c	802d8f1c
802f4f3c	802f49e8
802f4f3c	802da404
802f4f3c	800356d0
802f4fe8	802d6ee4
802f4fe8	802f5038
802f5038	80035684
802f5038	802f5e60
802f5038	802d8f1c
802f5038	802f49e8
802f5038	802da404
802f5038	800356d0
802f50e4	802d6ee4
802f50e4	802f5134
802f5134	80035684
802f5134	802f5e60
802f5134	802d8f1c
802f5134	802f49e8
802f5134	802da404
802f5134	800356d0
802f51f4	802d6ee4
802f51f4	802f5244
802f5244	80035684
802f5244	802f5e60
802f5244	802d8f1c
802f5244	802f49e8
802f5244	802da404
802f5244	800356d0
802f52f0	80035688
802f52f0	802d6ee4
802f52f0	802f5348
802f52f0	800356d4
802f5348	80035680
802f5348	802f5e60
802f5348	802d8f1c
802f5348	802f49e8
802f5348	802da404
802f5348	800356cc
802f5424	80035688
802f5424	802d6ee4
802f5424	802f547c
802f5424	800356d4
802f547c	80035680
802f547c	802f5e60
802f547c	802d8f1c
802f547c	802f49e8
802f547c	802da404
802f547c	800356cc
802f5568	80035688
802f5568	802d6ee4
802f5568	802f55c0
802f5568	800356d4
802f55c0	80035680
802f55c0	802f5e60
802f55c0	802d8f1c
802f55c0	802f49e8
802f55c0	802f5684
802f55c0	802da404
802f55c0	800356cc
802f56b0	80035688
802f56b0	802d6ee4
802f56b0	802f5708
802f56b0	800356d4
802f5708	80035680
802f5708	802f5e60
802f5708	802d8f1c
802f5708	802f49e8
802f5708	802f57cc
802f5708	802da404
802f5708	800356cc
802f57f8	80035688
802f57f8	802d6ee4
802f57f8	802f5850
802f57f8	800356d4
802f5850	80035680
802f5850	802f5e60
802f5850	802d8f1c
802f5850	802f49e8
802f5850	802f5914
802f5850	802da404
802f5850	800356cc
802f5938	80035688
802f5938	802d6ee4
802f5938	802f5990
802f5938	800356d4
802f5990	80035680
802f5990	802f5e60
802f5990	802d8f1c
802f5990	802f49e8
802f5990	802da404
802f5990	800356cc
802f5a7c	80035688
802f5a7c	802d6ee4
802f5a7c	802f5ad4
802f5a7c	800356d4
802f5ad4	80035680
802f5ad4	802f5e60
802f5ad4	802d8f1c
802f5ad4	802f49e8
802f5ad4	802da404
802f5ad4	800356cc
802f5ba0	80035684
802f5ba0	802f5c58
802f5ba0	802d8f1c
802f5ba0	802f5ce8
802f5ba0	802da404
802f5ba0	802f5c74
802f5ba0	800356d0
802f5c74	802da2c0
802f5c74	802da1c0
802f5c74	803cfa04
802f5ce8	802f49e8
802f5ce8	802da248
802f5d34	80035684
802f5d34	802f5c58
802f5d34	802d8f1c
802f5d34	802f5ce8
802f5d34	802da404
802f5d34	802f5c74
802f5d34	800356d0
802f5de8	802d6ee4
802f5de8	802d8f1c
802f5de8	802da37c
802f5de8	802da404
802f5de8	802da45c
802f5e60	802d8f1c
802f5e60	802da37c
802f5e60	802da404
802f5e60	802da45c
802f5ec8	802d6ee4
802f5ec8	802d8f1c
802f5ec8	802f49e8
802f5ec8	802da404
802f5f3c	80035688
802f5f3c	802d6ee4
802f5f3c	802f5f94
802f5f3c	800356d4
802f5f94	80035680
802f5f94	802f5e60
802f5f94	802d8f1c
802f5f94	802f49e8
802f5f94	802f6058
802f5f94	802da404
802f5f94	800356cc
802f6074	80035688
802f6074	802d6ee4
802f6074	802f60cc
802f6074	800356d4
802f60cc	80035680
802f60cc	802f5e60
802f60cc	802d8f1c
802f60cc	802f49e8
802f60cc	802f6190
802f60cc	802da404
802f60cc	800356cc
802f61ac	80035688
802f61ac	802d6ee4
802f61ac	802f6204
802f61ac	800356d4
802f6204	80035680
802f6204	802f5e60
802f6204	802d8f1c
802f6204	802f49e8
802f6204	802f62c8
802f6204	802da404
802f6204	800356cc
802f631c	803cf6a0
802f6364	80035684
802f6364	802f6494
802f6364	802f64ac
802f6364	802e3a28
802f6364	802fdb1c
802f6364	802fdb58
802f6364	802fdb88
802f6364	802fdb48
802f6364	802fdb78
802f6364	802fdbb4
802f6364	802fdcdc
802f6364	800356d0
802f64ac	802f653c
802f64ac	802f6550
802f6564	803cf6a0
802f65a4	80035680
802f65a4	802ccd98
802f65a4	8041ccb4
802f65a4	802f6494
802f65a4	802f64ac
802f65a4	802e3a38
802f65a4	802f653c
802f65a4	802f6550
802f65a4	802f686c
802f65a4	802f67e8
802f65a4	802e3a28
802f65a4	802fdb1c
802f65a4	802fdb58
802f65a4	802fdb88
802f65a4	802fdb48
802f65a4	802fdb78
802f65a4	802fdbb4
802f65a4	802fdcdc
802f65a4	800356cc
802f67e8	802f6848
802f686c	802f67e8
802f6930	802fdd0c
802f6930	802fdb2c
802f6930	802fdb68
802f6930	802fdb98
802f69b4	802e3a28
802f69b4	802f6b34
802f6b34	802fdbb4
802f6b88	802fdbb4
802f6c00	802fdb78
802f6c34	802e3a28
802f6c34	802f6494
802f6c34	802f653c
802f6c34	802f6550
802f6c34	802f64ac
802f6c34	802f686c
802f6c34	802f67e8
802f6c34	802fdb48
802f6d7c	802ccd98
802f6d7c	8041ccb4
802f6d7c	802f6494
802f6d7c	802f64ac
802f6d7c	802e3a38
802f6d7c	802f653c
802f6d7c	802f6550
802f6d7c	802f686c
802f6d7c	802f67e8
802f6d7c	802fdb48
802f6f88	803cf6a0
802f6ffc	80035248
802f7098	80035340
802f7098	803bf490
802f7098	803cfa04
802f7124	803cfa08
802f7124	803cf4d8
802f7124	803cf6d0
802f7124	8030a988
802f7124	8030acc0
802f7124	802fd914
802f7124	802f74f8
802f723c	802fd9f8
802f723c	8030ad94
802f723c	803cf6a0
802f72d8	80035684
802f72d8	802f6930
802f72d8	802f69b4
802f72d8	802fda44
802f72d8	800356d0
802f73a8	80035678
802f73a8	802f6f04
802f73a8	802fdd1c
802f73a8	802fda6c
802f73a8	800356c4
802f74c4	802f76a8
802f74c4	802f74f8
802f74f8	80035678
802f74f8	80415b1c
802f74f8	802f2c84
802f74f8	803ccc08
802f74f8	802f2eb0
802f74f8	803cd454
802f74f8	802f6fd0
802f74f8	803ccc78
802f74f8	802ed23c
802f74f8	802f0adc
802f74f8	803ccd84
802f74f8	803cce94
802f74f8	8002451c
802f74f8	803d4900
802f74f8	802fdc10
802f74f8	803cfa04
802f74f8	802f6fdc
802f74f8	802f2e00
802f74f8	80411a94
802f74f8	802f2cf0
802f74f8	800356c4
802f76a8	80035684
802f76a8	802fdccc
802f76a8	800356d0
802f7718	80035684
802f7718	802ec6a0
802f7718	802f6364
802f7718	800356d0
802f77e0	80035680
802f77e0	802ec6a0
802f77e0	802f65a4
802f77e0	800356cc
802f78a4	80035684
802f78a4	802f7b74
802f78a4	802ec6a0
802f78a4	802f6364
802f78a4	800356d0
802f7960	80035680
802f7960	802f7b74
802f7960	802ec6a0
802f7960	802f65a4
802f7960	800356cc
802f7a24	80035688
802f7a24	802f7c9c
802f7a24	802f6930
802f7a24	802f6994
802f7a24	800356d4
802f7abc	802f7c9c
802f7abc	802f6994
802f7b08	80035688
802f7b08	802f7c9c
802f7b08	802f6b88
802f7b08	802f6994
802f7b08	800356d4
802f7b74	8003567c
802f7b74	80025f14
802f7b74	800356c8
802f7bf4	802f7c9c
802f7c20	80035680
802f7c20	80025f14
802f7c20	800356cc
802f7cd4	802ccd8c
802f7cd4	802f77d4
802f7d48	803cfa04
802f7d94	80035668
802f7d94	802f45f4
802f7d94	802d3704
802f7d94	802f45e4
802f7d94	802d37d4
802f7d94	802f47e8
802f7d94	802f52f0
802f7d94	802f4cf4
802f7d94	802f78a4
802f7d94	802f4900
802f7d94	800356b4
802f7fb8	80035684
802f7fb8	802f7bf4
802f7fb8	800356d0
802f80e8	80035678
802f80e8	802f8290
802f80e8	800356c4
802f83c0	80035688
802f87f8	80035688
802f87f8	802f8880
802f87f8	802f891c
802f87f8	802f89a8
802f87f8	800356d4
802f8c70	80035684
802f8fd4	802f91b0
802f8fd4	802f91c0
802f8fd4	802f91d8
802f8fd4	802f653c
802f8fd4	802f9200
802f8fd4	802f9214
802f8fd4	802f922c
802f8fd4	802f9240
802f8fd4	802f9254
802f8fd4	802f9268
802f8fd4	802f9280
802f8fd4	802f9294
802f8fd4	802f92a8
802f8fd4	802f92bc
802f8fd4	802f92d4
802f8fd4	802f92e8
802f9378	80035688
802f9378	802f9db0
802f9378	802f9f9c
802f9378	800356d4
802f93d4	802fdf88
802f93d4	80305c90
802f93d4	80305a88
802f93d4	80313ea4
802f93d4	80313498
802f93d4	80313a80
802f93d4	80312ef4
802f954c	802fdfd4
802f954c	80305c3c
802f954c	80305a34
802f954c	80313f40
802f954c	80313590
802f954c	80313b1c
802f954c	80312fa0
802f96d8	80035688
802f96d8	80301578
802f96d8	800356d4
802f98d4	8003567c
802f98d4	80301578
802f98d4	802feb44
802f98d4	80034f44
802f98d4	802fe938
802f98d4	80025d98
802f98d4	80311a60
802f98d4	80005fb4
802f98d4	802fab00
802f98d4	802fab44
802f98d4	8030240c
802f98d4	80308c4c
802f98d4	800356c8
802f9cf0	80311aa0
802f9db0	80035688
802f9db0	802f9db0
802f9db0	802f9f9c
802f9db0	800356d4
802f9ee0	80035688
802f9ee0	802f9e14
802f9ee0	800356d4
802f9f9c	802f9e7c
802f9f9c	802f9e30
802f9ff4	80035680
802f9ff4	802fab00
802f9ff4	80311aa0
802f9ff4	802f9ee0
802f9ff4	802fe134
802f9ff4	802fddf8
802f9ff4	80305ad4
802f9ff4	803057c4
802f9ff4	80305cdc
802f9ff4	8030d0e4
802f9ff4	803037e8
802f9ff4	80310064
802f9ff4	8030fa48
802f9ff4	8030fd2c
802f9ff4	8030f0a4
802f9ff4	8030e86c
802f9ff4	8030ed74
802f9ff4	8030d6d0
802f9ff4	8030cffc
802f9ff4	8030d364
802f9ff4	80313060
802f9ff4	80312bbc
802f9ff4	80313bb4
802f9ff4	803137a8
802f9ff4	803129c4
802f9ff4	803126d8
802f9ff4	802f9e4c
802f9ff4	802fab44
802f9ff4	800356cc
802fa57c	80035688
802fa57c	802fab00
802fa57c	802fe194
802fa57c	802fded8
802fa57c	80305b98
802fa57c	80305964
802fa57c	80305df8
802fa57c	8030d200
802fa57c	803038ec
802fa57c	80310130
802fa57c	8030fabc
802fa57c	8030fe28
802fa57c	8030d79c
802fa57c	8030d070
802fa57c	8030d460
802fa57c	8030f178
802fa57c	8030e93c
802fa57c	8030ee54
802fa57c	8031331c
802fa57c	80312d78
802fa57c	80313d28
802fa57c	80313904
802fa57c	80312a90
802fa57c	80312780
802fa57c	802f9f9c
802fa57c	802fab44
802fa57c	800356d4
802fab00	802fab88
802fab00	802fcf44
802fab44	802fab88
802fab44	802fcfcc
802fab88	80035688
802fab88	802fab88
802fab88	800356d4
802fac5c	80035684
802fac5c	802fac04
802fac5c	800356d0
802fae08	80034f44
802fae08	80025d98
802faf48	802fae08
802faff4	802faf48
802fb034	80035688
802fb034	802faedc
802fb034	800356d4
802fb0e8	802faf48
802fb14c	802fb0e8
802fb1a4	802faedc
802fb228	80035688
802fb228	80034f44
802fb228	80301240
802fb228	8002af6c
802fb228	800356d4
802fb2b8	80035688
802fb2b8	80034f44
802fb2b8	80301240
802fb2b8	8002af6c
802fb2b8	800356d4
802fb348	80034f44
802fb348	80301240
802fb348	8002af6c
802fb3e8	802faf30
802fb43c	80035684
802fb43c	802fb3e8
802fb43c	80025e9c
802fb43c	800356d0
802fb52c	802faff4
802fb608	80034f44
802fb608	80025d98
802fb764	80035680
802fb764	802fb6e4
802fb764	802fb034
802fb764	800356cc
802fb868	80035680
802fb868	802fb52c
802fb868	802fb608
802fb868	802fb5d8
802fb868	800356cc
802fb9ec	80035660
802fb9ec	802fb2b8
802fb9ec	80034f44
802fb9ec	80301240
802fb9ec	8002886c
802fb9ec	8002451c
802fb9ec	802fb0e8
802fb9ec	802fb348
802fb9ec	80027d60
802fb9ec	802fbf60
802fb9ec	802fb1a4
802fb9ec	802fbf74
802fb9ec	80311b44
802fb9ec	802fb228
802fb9ec	802fc5bc
802fb9ec	800356ac
802fbf74	802fbf60
802fc040	80035684
802fc040	802fb228
802fc040	80034f44
802fc040	80301240
802fc040	802fc684
802fc040	800356d0
802fc0f0	80035674
802fc0f0	802fb2b8
802fc0f0	80034f44
802fc0f0	80301240
802fc0f0	8002af6c
802fc0f0	802fb348
802fc0f0	800356c0
802fc23c	8003567c
802fc23c	802fb228
802fc23c	80034f44
802fc23c	80301240
802fc23c	8002451c
802fc23c	802fb1a4
802fc23c	802fb0e8
802fc23c	8002886c
802fc23c	800356c8
802fc408	80035670
802fc408	802fb228
802fc408	80034f44
802fc408	80301240
802fc408	802fc620
802fc408	802fb0e8
802fc408	802fb1a4
802fc408	802fc5bc
802fc408	800356bc
802fc5bc	8002af6c
802fc620	8002af6c
802fc684	8002af6c
802fc6e8	80035688
802fc6e8	802fc74c
802fc6e8	800356d4
802fc74c	8003567c
802fc74c	802fb0e8
802fc74c	802fb14c
802fc74c	80311b44
802fc74c	802fc74c
802fc74c	800356c8
802fc9bc	80035680
802fc9bc	802fb738
802fc9bc	802fac5c
802fc9bc	80301240
802fc9bc	803014f8
802fc9bc	80311aa0
802fc9bc	802fb868
802fc9bc	802fb0e8
802fc9bc	802fac04
802fc9bc	802fc0f0
802fc9bc	802fc040
802fc9bc	802fc408
802fc9bc	802fb9ec
802fc9bc	802fc23c
802fc9bc	802fb52c
802fc9bc	802fc6e8
802fc9bc	802fb43c
802fc9bc	802fb034
802fc9bc	802fb764
802fc9bc	800356cc
802fcb9c	803119fc
802fcbfc	802fe244
802fcbfc	802fe194
802fcbfc	80310250
802fcbfc	80310130
802fcbfc	8030d8bc
802fcbfc	8030d79c
802fcbfc	8030f178
802fcbfc	802fd628
802fcbfc	802fd5a8
802fcd0c	802fe028
802fcdbc	802f80e8
802fce18	802fcb9c
802fced8	802fcbfc
802fcf44	80035684
802fcf44	802fe31c
802fcf44	8030f3ac
802fcf44	800356d0
802fcfcc	80035684
802fcfcc	802fe2a8
802fcfcc	8030f224
802fcfcc	800356d0
802fd050	80035678
802fd050	802f82c8
802fd050	802f8054
802fd050	802fe2a8
802fd050	8030f224
802fd050	800356c4
802fd148	8030f3ac
802fd148	802f8088
802fd148	802fe31c
802fd148	802f8364
802fd498	80035670
802fd498	802fd47c
802fd498	800356bc
802fd68c	80035684
802fd68c	802fd740
802fd68c	802f9330
802fd68c	802fd758
802fd68c	800356d0
802fd78c	80035670
802fd78c	80301c24
802fd78c	802fd498
802fd78c	80301240
802fd78c	803014f8
802fd78c	8002af6c
802fd78c	80301684
802fd78c	800356bc
802fd914	8003567c
802fd914	803090d4
802fd914	802fe898
802fd914	802fcdbc
802fd914	803091f0
802fd914	80309a4c
802fd914	80308cf4
802fd914	8030dd68
802fd914	80310c38
802fd914	8030f6d8
802fd914	802fe870
802fd914	800356c8
802fd9f8	8030ddf4
802fd9f8	80310cdc
802fd9f8	80309318
802fd9f8	802f8210
802fd9f8	802fe8e4
802fda6c	80035684
802fda6c	80309c44
802fda6c	8030d5f8
802fda6c	8030ff10
802fda6c	8030ef10
802fda6c	800356d0
802fdc10	802ff438
802fdd2c	803119fc
802fdd80	80035684
802fdd80	80305570
802fdd80	800356d0
802fddf8	80305504
802fded8	80305570
802fe028	803056f8
802fe0d4	802f80e8
802fe134	80035688
802fe134	802f82c8
802fe134	802fdd2c
802fe134	800356d4
802fe194	802fdd80
802fe194	802f8364
802fe244	8030854c
802fe2a8	80035688
802fe2a8	803082a0
802fe2a8	800356d4
802fe31c	80035684
802fe31c	80308394
802fe31c	800356d0
802fe384	80035674
802fe384	80301c24
802fe384	802fe134
802fe384	80301240
802fe384	803014f8
802fe384	80311aa0
802fe384	80301d08
802fe384	802fddf8
802fe384	802fe598
802fe384	802fe520
802fe384	802fded8
802fe384	800356c0
802fe520	80035684
802fe520	802fe520
802fe520	80305b98
802fe520	800356d0
802fe598	80035668
802fe598	80301240
802fe598	803014f8
802fe598	80311aa0
802fe598	80305ad4
802fe598	802fe598
802fe598	803057c4
802fe598	80305cdc
802fe598	80301684
802fe598	80303e1c
802fe598	80303eec
802fe598	8030240c
802fe598	80311b84
802fe598	803037e8
802fe598	80301d08
802fe598	80308c4c
802fe598	800356b4
802fe898	802fec94
802fe938	802fe98c
802fe938	802fea48
802fe938	802fec94
802fe98c	80035688
802fe98c	802feef0
802fe98c	802ff184
802fe98c	800356d4
802fea48	80035680
802fea48	802feef0
802fea48	802fee54
802fea48	802ff184
802fea48	800356cc
802feb44	802fef74
802feb44	802fefb4
802feb44	802ff040
802feb44	802ff0d0
802fec94	802fed68
802fed68	80035684
802fed68	802ff184
802fed68	802ff0d0
802fed68	800356d0
802fee54	80035688
802fee54	802ff184
802fee54	800356d4
802fefb4	80035688
802fefb4	802feef0
802fefb4	800356d4
802ff040	802feef0
802ff0d0	80035684
802ff0d0	802fee54
802ff0d0	800356d0
802ff1a8	80035674
802ff1a8	80301240
802ff1a8	803014f8
802ff1a8	80311aa0
802ff1a8	802fce18
802ff1a8	80301d08
802ff1a8	802fd78c
802ff1a8	802fd5fc
802ff1a8	8030d940
802ff1a8	8030d848
802ff1a8	8030f4d8
802ff1a8	802fe384
802ff1a8	802fe214
802ff1a8	803102d4
802ff1a8	803101dc
802ff1a8	800356c0
802ff438	80035680
802ff438	80301240
802ff438	803014f8
802ff438	80311aa0
802ff438	8002af6c
802ff438	80301d08
802ff438	8002451c
802ff438	80027d60
802ff438	800356cc
802ff6f8	80035684
802ff6f8	80035558
802ff6f8	802f87f8
802ff6f8	802f89b8
802ff6f8	802f8c70
802ff6f8	802f8fd4
802ff6f8	802f9350
802ff6f8	802f9330
802ff6f8	802f92fc
802ff6f8	80311a60
802ff6f8	80005fb4
802ff6f8	800356d0
80300068	80311a60
80300068	80005fb4
8030025c	80035558
8030025c	80311a60
8030025c	80005fb4
803004f4	80311a60
803004f4	80005fb4
80300bd4	80311b44
80300bd4	8002451c
80300f14	80035678
80300f14	80311aa0
80300f14	8002886c
80300f14	80027d60
80300f14	803119fc
80300f14	802fbf60
80300f14	80301214
80300f14	80301228
80300f14	800356c4
80301240	8003566c
80301240	802ff618
80301240	80301544
80301240	800356b8
80301578	80035680
80301578	803119fc
80301578	8002af6c
80301578	800356cc
8030161c	803119fc
80301684	80035678
80301684	80301578
80301684	80311aa0
80301684	8002886c
80301684	80027d60
80301684	803119fc
80301684	802fbf60
80301684	80301214
80301684	80034f44
80301684	802fe938
80301684	80025d98
80301684	80301228
80301684	800356c4
80301a1c	80035688
80301a1c	802feb44
80301a1c	800356d4
80301aa0	80035684
80301aa0	802ff6f8
80301aa0	800356d0
80301b2c	80035684
80301b2c	80300068
80301b2c	800356d0
80301ba8	80035688
80301ba8	8030025c
80301ba8	800356d4
80301c24	80035674
80301c24	80301240
80301c24	803014f8
80301c24	8002af6c
80301c24	800356c0
80301d08	80035680
80301d08	80301240
80301d08	800356cc
80301db0	802fd740
80301db0	80301228
803023c0	803038ec
8030240c	80035680
8030240c	802f6550
8030240c	803027d8
8030240c	8030281c
8030240c	80302870
8030240c	803028c8
8030240c	80302920
8030240c	80302978
8030240c	80302a58
8030240c	80302bc8
8030240c	80302a44
8030240c	802f6848
8030240c	80301ff0
8030240c	800356cc
8030281c	802f8908
80302870	802f8908
803028c8	802f8908
80302920	802f8908
80302978	802fbf60
80302a58	802f89a8
80302bc8	80302d60
80302bc8	80303c40
80302bc8	80303a40
80302bc8	80301228
80302bc8	802fd758
80302bc8	80302d8c
80302bc8	8002f288
80302bc8	802fcdac
80302d60	80302d8c
80302d60	8002f288
80302dc4	80035678
80302dc4	802f9350
80302dc4	802f9330
80302dc4	802f92fc
80302dc4	802f87f8
80302dc4	802fd3cc
803037e8	80035688
803037e8	803038ec
803037e8	803093c0
803037e8	800356d4
80303a40	802f8fc4
80303a40	802fcdac
80303c40	80035678
80303c40	80303a40
80303c40	800356c4
80303e1c	80035684
80303e1c	80303dc0
80303e1c	80302920
80303e1c	8030240c
80303e1c	800356d0
80303eec	80303dc0
80303eec	8030281c
80303eec	80302870
80303eec	803028c8
80303eec	8030240c
80304028	80035678
80304028	80304168
80304028	803041ec
80304028	802f67e8
80304028	802f91ec
80304028	802f9240
80304028	802f9294
80304028	802f6848
80304028	800356c4
80304168	802f653c
80304168	802f6550
8030422c	8003567c
8030422c	80307f28
8030422c	80304168
8030422c	80308894
8030422c	802f6848
8030422c	80304220
8030422c	803043d4
8030422c	800356c8
803043d4	80035680
803043d4	80304210
803043d4	80306be0
803043d4	80304168
803043d4	803041ec
803043d4	800356cc
8030454c	80304210
803045c0	80035688
803045c0	802f67e8
803045c0	802f653c
803045c0	802f6550
803045c0	803041ec
803045c0	80308894
803045c0	800356d4
80304794	80035680
80304794	8030483c
80304878	80035678
80304878	80303ff8
80304878	800356c4
80304bdc	80035688
80304bdc	80304c78
80304bdc	803052e0
80304bdc	8030538c
80304bdc	800356d4
80304c78	80035688
80304c78	80304e5c
80304c78	800356d4
80304e5c	80035688
80304e5c	8030536c
80304e5c	80305414
80304e5c	800356d4
80304f7c	80304768
80304fd0	80304768
80305048	80304768
803050a4	80304768
80305150	80304768
803051d8	80304768
80305258	80304768
803052e0	80035684
803052e0	803054a0
803052e0	803054c0
803052e0	800356d0
8030538c	80035684
8030538c	80305434
8030538c	80305458
8030538c	800356d0
80305570	80035684
80305570	80305570
80305570	803023c0
80305570	80305d94
80305570	802feb44
80305570	800356d0
803056f8	80302db4
803057c4	80035688
803057c4	80301db0
803057c4	8030240c
803057c4	800356d4
80305964	803023c0
80305ad4	80305504
80305b98	80305570
80305cdc	80308b6c
80305d94	80308bd0
80305df8	80305d94
80305df8	80308bd0
80305e84	80305e84
80305ed8	802fd740
80305f30	80035688
80305f30	80304e5c
80305f30	80305ed8
80305f30	800356d4
80305f8c	80035688
80305f8c	80305e5c
80305f8c	80302dc4
80305f8c	800356d4
80306104	80035680
80306104	802f653c
80306104	802f6550
80306104	80308894
80306104	802f6848
80306104	802f67e8
80306104	802fd68c
80306104	80306be0
80306104	802fd740
80306104	80307de8
80306104	80306350
80306104	800356cc
80306350	80035684
80306350	803065a4
803065e8	8003567c
803065e8	8030483c
803065e8	803065a4
803067f4	8003567c
803067f4	80307f28
803067f4	802f6848
803067f4	8030483c
803067f4	802f9330
803067f4	802fd758
803067f4	80308894
803067f4	802f67e8
803067f4	803041ec
803067f4	80306b08
803067f4	80304028
803067f4	80307e3c
803067f4	80304bdc
803067f4	800356c8
80306b08	803065a4
80306b08	80301228
80306be0	8003567c
80306be0	8030483c
80306be0	803065a4
80307790	80302d8c
80307790	8002f288
8030784c	802f8ed4
8030784c	802f91b0
8030784c	802f91c0
8030784c	802f91d8
8030784c	802f653c
8030784c	802f9200
8030784c	802f9214
8030784c	802f922c
8030784c	802f9240
8030784c	802f9254
8030784c	802f9268
8030784c	802f9280
8030784c	802f9294
8030784c	802f92a8
8030784c	802f92bc
8030784c	802f92d4
8030784c	802f92e8
80307a5c	802f6848
80307b80	8030281c
80307b80	80302870
80307b80	803028c8
80307b80	80302920
80307cbc	802fbf60
80307d98	802f8880
80307de8	80304768
80307e3c	80035680
80307e3c	803085b8
80307e3c	800356cc
80307eb0	80035688
80307eb0	8030454c
80307eb0	803045c0
80307eb0	800356d4
80307f28	80035684
80307f28	80308894
80307f28	802fd68c
80307f28	80306be0
80307f28	80301228
80307f28	8030784c
80307f28	803041ec
80307f28	8030800c
80307f28	800356d0
8030800c	802f67e8
803080a0	80035688
803080a0	80305ed8
803080a0	800356d4
80308220	80035680
80308220	80306104
80308220	8030849c
80308220	800356cc
803082a0	80035688
803082a0	80305ed8
803082a0	800356d4
80308394	8003567c
80308394	80305e84
80308394	8030849c
80308394	800356c8
8030849c	80305f30
8030854c	80035688
8030854c	8030849c
8030854c	800356d4
803085b8	80035684
803085b8	803082a0
803085b8	80307eb0
803085b8	800356d0
80308620	80035680
80308620	802f653c
80308620	802f6550
80308620	802fd740
80308620	80301214
80308620	800356cc
8030871c	80035688
8030871c	802f6848
8030871c	802f89b8
8030871c	802fd740
8030871c	8030483c
80308894	80035688
80308894	8030483c
80308b30	802f82c8
80308b30	80308620
80308bd0	8030a900
80308bd0	802feb44
80308c4c	8030a878
80308cc4	802f82c8
80308cf4	80035684
80308cf4	800356d0
80308dfc	80035670
80308dfc	80305048
80308dfc	803050a4
80308dfc	80304f7c
80308dfc	80304fd0
80308dfc	803051d8
80308dfc	80305124
80308dfc	80311d60
80308dfc	80305150
80308dfc	80305258
80308dfc	800356bc
80309080	80035688
80309080	80311c9c
80309080	800356d4
80309108	803cf6a0
803091f0	80035680
803091f0	80304878
803091f0	803080a0
803091f0	802f80e8
803091f0	80309080
803091f0	8030965c
803091f0	803096c0
803091f0	80309714
803091f0	80309770
803091f0	80309840
803091f0	8030987c
803091f0	802fe0d4
803091f0	800356cc
80309318	80304b28
80309318	803081c8
80309318	802f8210
80309318	802f9378
80309384	802f82c8
80309564	803065a4
80309564	80309404
80309770	80035684
80309770	8002eed0
80309770	800356d0
80309aac	80035674
80309aac	80309c30
80309aac	80308894
80309aac	80308220
80309aac	80308dfc
80309aac	80311cc0
80309aac	800356c0
80309c44	80035678
80309c44	802f67e8
80309c44	802f6848
80309c44	80309e74
80309c44	80304794
80309c44	80304e5c
80309c44	8030a360
80309c44	80311cc0
80309c44	800356c4
80309de8	802f653c
80309de8	802f6550
80309e74	80035654
80309e74	80305f8c
80309e74	8030422c
80309e74	803043d4
80309e74	8030a7ac
80309e74	80308894
80309e74	8030483c
8030a360	80035668
8030a360	802f6848
8030a360	802f9330
8030a360	802fd758
8030a360	8030422c
8030a6e4	80035688
8030a6e4	802f67e8
8030a6e4	802f9350
8030a6e4	802f6848
8030a6e4	80302d8c
8030a6e4	8002f288
8030a7ac	80035674
8030a7ac	802f6848
8030a7ac	802f9350
8030a7ac	80302d8c
8030a7ac	8002f288
8030a7ac	802fd284
8030a7ac	800356c0
8030a988	803e7520
8030a988	803eb164
8030a988	803f0bb4
8030a988	803f02c8
8030a988	803f02b4
8030a988	803f0200
8030aa54	8003567c
8030aa54	80308894
8030aa54	802ccd98
8030aa54	803d7ac4
8030aa54	803c4f4c
8030aa54	803eb460
8030aa54	803bedf4
8030aa54	803be5c4
8030aa54	803d7c1c
8030aa54	8030b0c0
8030aa54	8030b9b8
8030aa54	8030c178
8030aa54	800356c8
8030ac2c	80035680
8030ac2c	8002af6c
8030ac2c	800356cc
8030acc0	80035678
8030acc0	803ca53c
8030acc0	80410f00
8030acc0	803e8b00
8030acc0	8002451c
8030acc0	800356c4
8030ada4	80035688
8030ada4	803f02bc
8030ada4	803e7408
8030ada4	803e741c
8030ada4	803e718c
8030ada4	803f02a0
8030ada4	803e73c4
8030ada4	803e73cc
8030ada4	803e73f4
8030ada4	800356d4
8030b0c0	8003566c
8030b0c0	803f02bc
8030b0c0	803e746c
8030b0c0	803e7444
8030b0c0	803e7398
8030b0c0	803e741c
8030b0c0	803e73f4
8030b0c0	803e718c
8030b0c0	803e7430
8030b0c0	803e73bc
8030b0c0	8030ada4
8030b0c0	803f02b4
8030b0c0	803f0718
8030b0c0	803bedf4
8030b0c0	8030b670
8030b0c0	802f8ed4
8030b0c0	80301228
8030b0c0	8030b700
8030b0c0	802e954c
8030b0c0	802ccd98
8030b0c0	803d7ac4
8030b0c0	8041c004
8030b0c0	80035558
8030b0c0	8030b7a8
8030b0c0	8030b994
8030b0c0	8030b8c0
8030b0c0	8030b908
8030b0c0	8030b91c
8030b0c0	803f02f8
8030b0c0	800356b8
8030b670	8041c6c0
8030b700	802f6848
8030b91c	803e5798
8030b9b8	80035660
8030b9b8	803f02bc
8030b9b8	803e746c
8030b9b8	803e7444
8030b9b8	803e7398
8030b9b8	803e741c
8030b9b8	803e73f4
8030b9b8	803e718c
8030b9b8	803e7430
8030b9b8	803e73bc
8030b9b8	8030ada4
8030b9b8	803f02b4
8030b9b8	803f0718
8030b9b8	80301228
8030b9b8	802f6494
8030b9b8	8030784c
8030b9b8	80307a5c
8030b9b8	802f6848
8030b9b8	802f8ed4
8030b9b8	8030b700
8030b9b8	80308894
8030b9b8	802f6550
8030b9b8	802e954c
8030b9b8	802ccd98
8030b9b8	803d78b8
8030b9b8	8041c004
8030b9b8	80035558
8030b9b8	8030b7a8
8030b9b8	8030b994
8030b9b8	8030b8c0
8030b9b8	8030b908
8030b9b8	8030b91c
8030b9b8	803f02f8
8030b9b8	800356ac
8030c178	80035668
8030c178	8030ada4
8030c178	803f02bc
8030c178	803e746c
8030c178	803e7444
8030c178	803e7398
8030c178	803e741c
8030c178	803e73f4
8030c178	803e718c
8030c178	803e7430
8030c178	803e73bc
8030c178	803f02b4
8030c178	803f0718
8030c178	8030b700
8030c178	802ccd98
8030c178	803d7ac4
8030c178	80301228
8030c178	802f9350
8030c178	802f6848
8030c178	80302d8c
8030c178	80307790
8030c178	803bedf4
8030c178	8030b670
8030c178	803d78b8
8030c178	802f9330
8030c178	802f92fc
8030c178	80307804
8030c178	80307ae0
8030c178	802e954c
8030c178	80035558
8030c178	8030b7a8
8030c178	8030b994
8030c178	8030b8c0
8030c178	8030b908
8030c178	8030b91c
8030c178	803f02f8
8030c178	800356b4
8030c8f4	80035688
8030c8f4	80301aa0
8030c8f4	800356d4
8030c95c	80035688
8030c95c	8030ca6c
8030c95c	802fd740
8030c95c	80301228
8030c95c	800356d4
8030ca6c	803093c0
8030ca6c	802fd740
8030caec	8030d19c
8030cb8c	8030cbf8
8030cbf8	8003567c
8030cbf8	8030483c
8030cdc0	80035684
8030cdc0	8030cb8c
8030cdc0	8030cec4
8030cdc0	802fd740
8030cdc0	80301228
8030cdc0	800356d0
8030cec4	80035688
8030cec4	80306b08
8030cec4	80307804
8030cec4	802f92fc
8030cec4	80309564
8030cec4	80301228
8030cec4	8030775c
8030cec4	800356d4
8030d0e4	80308b6c
8030d19c	80308bd0
8030d200	8030d19c
8030d200	80308bd0
8030d294	803119fc
8030d2ec	80035684
8030d2ec	8030caec
8030d2ec	800356d0
8030d364	80035688
8030d364	8030dcf8
8030d364	8030c95c
8030d364	800356d4
8030d460	8030caec
8030d51c	8030d264
8030d5f8	80035674
8030d5f8	8030cdc0
8030d5f8	800356c0
8030d6d0	80035688
8030d6d0	8030d294
8030d6d0	800356d4
8030d79c	8030d2ec
8030d940	80035660
8030d940	8030d6d0
8030d940	80301240
8030d940	803014f8
8030d940	8002af6c
8030d940	8030dcf8
8030d940	8030d364
8030d940	80301d08
8030d940	8030cffc
8030d940	8030d0e4
8030d940	80301684
8030d940	80308c4c
8030d940	800356ac
8030dcf8	8002af6c
8030dd68	80035688
8030dd68	8030d5cc
8030dd68	8030dc04
8030dd68	800356d4
8030ddf4	8030dc70
8030e640	80301228
8030e640	802fd740
8030e640	803093c0
8030e6b0	80035688
8030e6b0	802f9350
8030e6b0	802f9330
8030e6b0	802f92fc
8030e6b0	802f87f8
8030e6b0	80309900
8030e6b0	800356d4
8030e86c	8030e640
8030e9ac	80035680
8030e9ac	8030483c
8030eafc	80035684
8030eafc	8030e9ac
8030eca4	803119fc
8030ecfc	80035684
8030ecfc	8030e804
8030ecfc	800356d0
8030ed74	8030e7cc
8030ee54	8030e804
8030ef10	80035674
8030ef10	8030eafc
8030ef10	80308894
8030ef10	800356c0
8030f0a4	80035684
8030f0a4	8030eca4
8030f0a4	800356d0
8030f178	8030ecfc
8030f224	8003566c
8030f224	800356b8
8030f3ac	8003566c
8030f3ac	800356b8
8030f4d8	80035668
8030f4d8	8030f0a4
8030f4d8	80301240
8030f4d8	803014f8
8030f4d8	8002af6c
8030f4d8	8030ed74
8030f4d8	80301d08
8030f4d8	8030e86c
8030f4d8	80301684
8030f4d8	800356b4
8030f6f8	80035688
8030f6f8	80301aa0
8030f6f8	800356d4
8030f920	8030cbf8
8030f98c	8030f920
8030fc5c	803119fc
8030fcb4	80035684
8030fcb4	8030f838
8030fcb4	800356d0
8030fd2c	80035688
8030fd2c	80310724
8030fd2c	8030f760
8030fd2c	800356d4
8030fe28	8030f838
8030ff10	8003566c
8030ff10	802f67e8
8030ff10	80310794
8030ff10	8030f98c
8030ff10	80308894
8030ff10	80308860
8030ff10	80302d8c
8030ff10	8002f288
8030ff10	803107bc
8030ff10	80310840
8030ff10	800356b8
80310064	80035688
80310064	8030fc5c
80310064	800356d4
80310130	8030fcb4
803102d4	80035664
803102d4	80310064
803102d4	80301240
803102d4	803014f8
803102d4	8002af6c
803102d4	80310724
803102d4	8030fd2c
803102d4	80301d08
803102d4	8030fa48
803102d4	80301684
803102d4	800356b0
80310518	80310700
803105fc	80310700
80310724	8002af6c
80310840	80035658
80310840	80310ad8
80310840	8030fb30
80310c38	80035688
80310c38	8030fee4
80310c38	80310518
80310c38	800356d4
80310cdc	803105fc
80310d6c	80035248
80310e60	803cf6a0
80311254	802f87f8
80311428	80035688
80311428	802f87f8
80311644	80035248
80311738	803cf6a0
80311aa0	8003567c
80311aa0	803119fc
80311aa0	80025f14
80311aa0	800356c8
80311b84	8003567c
80311b84	803119fc
80311b84	80025f14
80311b84	800356c8
80311c24	80035688
80311c24	803119fc
80311c24	800356d4
80311d74	8003566c
80311d74	80311fd0
80311d74	8031209c
80311d74	800356b8
80311e9c	80035674
80311e9c	80313044
80311e9c	803127d4
80311e9c	800356c0
80311fd0	80035678
80311fd0	800356c4
8031209c	80035658
8031209c	80313640
8031209c	800356a4
80312230	8003565c
80312230	80301240
80312230	803014f8
80312230	8002af6c
80312230	80301c24
80312230	80311e9c
80312230	80312ae8
80312230	803119fc
80312230	80301684
80312230	80311b84
80312230	80311aa0
80312230	803129c4
80312230	803128b4
80312230	803126d8
80312230	80311d74
80312230	8031331c
80312230	800356a8
80312628	80304168
803126d8	803093c0
803127d4	802fd740
803127d4	80313fd8
803128b4	802f6550
803128b4	803027d8
803128b4	802f6848
803129c4	80035688
803129c4	803093c0
803129c4	800356d4
80312ae8	80035684
80312ae8	80312628
80312ae8	800356d0
80312bbc	80035680
80312bbc	80312cf4
80312bbc	80312628
80312bbc	800356cc
80312cf4	802f67e8
80312d78	80035678
80312d78	80312cf4
80312d78	80312684
80312d78	800356c4
80312ef4	80035688
80312ef4	80312f9c
80312ef4	80312cf4
80312ef4	800356d4
80312fa0	80035688
80312fa0	80312f9c
80312fa0	80312cf4
80312fa0	800356d4
80313060	80035680
80313060	80313198
80313060	803127d4
80313060	800356cc
80313198	802f6848
80313198	802f89a8
8031331c	80035678
8031331c	80313198
8031331c	803127d4
8031331c	800356c4
80313498	80035688
80313498	8031354c
80313498	80313198
80313498	80313550
80313498	800356d4
80313550	803cf6a0
80313590	80035688
80313590	8031354c
80313590	80313198
80313590	80313550
80313590	800356d4
80313694	80301a1c
80313700	80035688
80313700	80313694
80313700	80301a1c
80313700	800356d4
803137a8	80035680
803137a8	803138e8
803137a8	80313680
803137a8	800356cc
80313904	80035678
80313904	803138e8
80313904	80313694
80313904	800356c4
80313a80	80035688
80313a80	803138e8
80313a80	800356d4
80313b1c	80035688
80313b1c	803138e8
80313b1c	800356d4
80313bb4	80035680
80313bb4	80313cf4
80313bb4	803136dc
80313bb4	800356cc
80313d28	80035678
80313d28	80313cf4
80313d28	80313700
80313d28	800356c4
80313ea4	80035688
80313ea4	80313cf4
80313ea4	800356d4
80313f40	80035688
80313f40	80313cf4
80313f40	800356d4
8031402c	803cf6a0
8031406c	803cf6a0
803140ac	80035340
803140ac	803cf6a0
8031411c	803cf6a0
80314164	803cf6a0
803141a4	80035340
803141a4	803cf6a0
8031420c	803cf6a0
8031424c	803cf6a0
8031428c	803cf6a0
803142cc	803cf6a0
8031430c	803cf6a0
8031435c	802f653c
8031435c	802f6550
80314410	803cf6a0
80314450	80035684
80314450	802ccd8c
80314450	80314cd4
80314450	80314d0c
80314450	80035028
80314450	80314d60
80314450	80314dd4
80314450	80035248
80314450	80306b04
80314450	803065e4
80314450	80314e40
80314450	80314e84
80314450	80314f14
80314450	80314f64
80314450	80314f74
80314450	80314f84
80314450	80314f94
80314450	80314fa4
80314450	80314fb4
80314450	80314fc4
80314450	80314fd4
80314450	80314fe4
80314450	80314ff4
80314450	80302a44
80314450	800356d0
80314cd4	80311c24
80314d20	803cf6a0
80314d60	8030161c
80314d94	803cf6a0
80314de4	803cf6a0
80314e44	803cf6a0
80314e84	803090ec
80314eb8	80314410
80314eb8	803cf6a0
80314f24	803cf6a0
8031505c	803cfa08
8031505c	803150fc
803150fc	803cfa08
803150fc	80315318
803150fc	80113778
803151ac	803cfa04
80315318	801136c0
80315390	80035688
80315390	80113724
80315390	803cfa04
80315390	800356d4
8031540c	80116bb0
8031540c	803b1424
8031540c	803b1550
8031540c	803154a4
803154b8	801137dc
803154b8	803cfa04
80315538	8003567c
80315538	80115ee0
80315538	80115fa0
80315538	80116060
80315538	803152e0
80315538	801158c4
80315538	800356c8
80315610	803cfa08
80315610	803156b0
803156b0	803cfa08
803156b0	80315818
803156b0	801136c0
80315760	803cfa04
80315818	80113778
803158a8	80035688
803158a8	801137dc
803158a8	803cfa04
803158a8	800356d4
8031592c	80324388
8031592c	803ae858
8031592c	80115c94
8031592c	802f105c
8031592c	802f1678
8031592c	803159f4
8031592c	80315a78
803159f4	80035688
803159f4	80115fa0
803159f4	802f105c
803159f4	802f17dc
803159f4	801162d0
803159f4	802f1878
803159f4	800356d4
80315a78	80116bb0
80315a78	802f105c
80315a78	802f18e8
80315a78	80115ee0
80315ad4	80113724
80315ad4	803cfa04
80315b3c	802f105c
80315b3c	802f1f74
80315b84	803cfa08
80315b84	80315c1c
80315c1c	803cfa08
80315c1c	80113778
80315ca4	803cfa04
80315d30	801137dc
80315d30	803cfa04
80315db0	80035680
80315db0	80324388
80315db0	80116bb0
80315db0	8002451c
80315db0	803ae858
80315db0	80115c94
80315db0	80115fa0
80315db0	801162d0
80315db0	80115ee0
80315db0	801158c4
80315db0	800356cc
80315ee4	803cfa08
80315ee4	80315f7c
80315f7c	803cfa08
80315f7c	801136c0
80315f7c	80113778
8031604c	803cfa04
80316104	80113724
80316104	803cfa04
803161a0	801137dc
803161a0	803cfa04
80316220	803af6b8
80316220	80115ee0
80316220	80324388
803162ac	803cfa08
803162ac	80316344
80316344	803cfa08
80316344	80316514
80316344	8031675c
803163cc	803cfa04
80316484	8002451c
80316484	8013379c
80316514	80113778
803165ac	80035688
803165ac	801137dc
803165ac	803cfa04
803165ac	800356d4
80316638	80115b5c
80316638	803b4754
80316638	80115ee0
80316638	80324388
8031675c	801136c0
803167f4	80035688
803167f4	80113724
803167f4	803cfa04
803167f4	800356d4
80316880	801167b0
80316880	802e1124
80316880	802e1964
80316880	80316994
80316880	803169f8
80316880	80116a48
80316880	80316b54
80316994	80116bb0
80316994	8032c608
80316994	8032e2f4
803169f8	80116a48
803169f8	80025f14
803169f8	80324388
803169f8	80325444
803169f8	80319fd0
803169f8	8032782c
80316b54	80035688
80316b54	80116c80
80316b54	8032c608
80316b54	8002451c
80316b54	8013379c
80316b54	800356d4
80316cc4	803cfa08
80316cc4	80316d5c
80316d5c	803cfa08
80316d5c	80316ec4
80316d5c	801136c0
80316e0c	803cfa04
80316ec4	80113778
80316f24	801137dc
80316f24	803cfa04
80316fb8	80113724
80316fb8	803cfa04
80317038	80115ee0
80317038	803acfb8
803170ec	803cfa04
80317110	803cfa08
80317110	803171b0
803171b0	803cfa08
803171b0	803172e0
80317210	803cfa04
8031729c	802e1124
8031729c	802e1fd0
8031729c	8013379c
803172e0	80035688
803172e0	801136c0
803172e0	802f46bc
803172e0	802f52f0
803172e0	802f4900
803172e0	800356d4
8031738c	80113724
8031738c	803cfa04
80317428	80116bb0
80317428	803ccc08
80317428	80324388
80317428	80325444
80317428	80319ccc
80317428	80319e14
80317428	80317524
80317428	803cce94
80317524	803d4d94
80317524	803ccc78
80317524	803ccfd0
80317524	803cd454
80317524	803d4f70
80317524	802e1124
80317524	802e2010
80317524	803cce94
80317644	803cfa08
80317644	80317880
80317710	80035684
80317710	8002b01c
80317710	80324388
80317710	80034f44
80317710	80025d98
80317710	800356d0
80317880	803cfa08
80317880	80319388
80317880	80319884
80317908	803cfa04
803179f8	8002451c
803179f8	8013379c
80317a94	8002451c
80317a94	8013379c
80317b24	8002451c
80317b24	8013379c
80317b98	8002451c
80317b98	8013379c
80317c0c	8002451c
80317c0c	8013379c
80317ca8	8002451c
80317ca8	8013379c
80317cf8	8002451c
80317cf8	8013379c
80317d6c	8002451c
80317d6c	8013379c
80317e08	8002451c
80317e08	8013379c
80317e58	8002451c
80317e58	8013379c
80317f48	8002451c
80317f48	8013379c
80317f98	80035684
80317f98	80324388
80317f98	8002451c
80317f98	8013379c
80317f98	800356d0
80318078	8002451c
80318078	8013379c
803180ec	80035684
803180ec	8002451c
803180ec	8013379c
803180ec	800356d0
803181c4	80035684
803181c4	80324388
803181c4	8002451c
803181c4	8013379c
803181c4	800356d0
803182a4	8002451c
803182a4	8013379c
80318318	8002451c
80318318	8013379c
8031838c	8002451c
8031838c	8013379c
80318400	8002ab98
80318400	8002451c
80318400	8013379c
80318468	8002451c
80318468	8013379c
803184dc	8002451c
803184dc	8013379c
80318550	80035688
80318550	8002451c
80318550	8013379c
80318550	800356d4
80318604	80035680
80318604	8002451c
80318604	80025e9c
80318604	8013379c
80318604	800356cc
803186bc	80035680
803186bc	8002451c
803186bc	80025e9c
803186bc	8013379c
803186bc	800356cc
80318774	8002451c
80318774	8013379c
803187c0	8002451c
803187c0	8013379c
80318810	8002451c
80318810	8013379c
80318860	80035680
80318860	80024444
80318860	80025e9c
80318860	8013379c
80318860	800356cc
8031891c	8002451c
8031891c	8013379c
8031896c	8002451c
8031896c	8013379c
803189e0	8002451c
803189e0	8013379c
80318a30	8002451c
80318a30	8013379c
80318aa4	8002451c
80318aa4	8013379c
80318af4	8002451c
80318af4	8013379c
80318b44	8003567c
80318b44	80024444
80318b44	80317710
80318b44	80025e9c
80318b44	8013379c
80318b44	800356c8
80318c44	8002451c
80318c44	80317710
80318c44	80025d98
80318c44	8013379c
80318d08	8002451c
80318d08	8013379c
80318d58	8002451c
80318d58	8013379c
80318da8	8002451c
80318da8	8013379c
80318e1c	8002451c
80318e1c	8013379c
80318e90	8002451c
80318e90	8013379c
80318ee0	8002451c
80318ee0	8013379c
80318f30	8002451c
80318f30	8013379c
80318f80	8002451c
80318f80	8013379c
80319024	8002451c
80319024	8013379c
80319074	8002451c
80319074	8013379c
80319104	8002451c
80319104	8013379c
80319178	80035688
80319178	8002451c
80319178	8013379c
80319178	800356d4
80319248	8002451c
80319248	8013379c
80319298	8002451c
80319298	8013379c
803192e8	8002451c
803192e8	8013379c
80319338	8002451c
80319338	8013379c
80319388	80113778
80319420	80035688
80319420	801137dc
80319420	803cfa04
80319420	800356d4
80319520	803195d0
80319520	8031962c
80319520	8036facc
80319520	80319688
80319520	80349ef4
80319520	80115ee0
803195d0	802f2120
8031962c	802f2120
80319688	802f2120
803196e4	80319750
803196e4	80369bc4
803196e4	80115ee0
80319750	802f2120
803197ac	80035684
803197ac	80115fa0
803197ac	80116100
803197ac	800356d0
80319824	80319750
80319824	80115ee0
80319884	801136c0
803198e4	80113724
803198e4	803cfa04
80319984	80319a54
80319984	803978b4
80319984	803195d0
80319984	80380fe8
80319984	80319ab0
80319984	80357f44
80319984	8031962c
80319984	8036f820
80319984	80319b0c
80319984	803a07c4
80319984	80319688
80319984	80349df4
80319984	80319750
80319984	803699f4
80319a54	802f2120
80319ab0	802f2120
80319b0c	802f2120
80319b68	80319a54
80319b68	803978a8
80319b68	803195d0
80319b68	80380f8c
80319b68	80319ab0
80319b68	80357f38
80319b68	8031962c
80319b68	803716e4
80319b68	80319b0c
80319b68	803a07b8
80319b68	80319688
80319b68	80349de8
80319c34	803cfa08
80319c34	80319cd4
80319cd4	803cfa08
80319cd4	8031a058
80319cd4	8031b4bc
80319d5c	803cfa04
80319e84	8002451c
80319e84	8013379c
80319ed4	8002451c
80319ed4	80025e9c
80319ed4	8013379c
80319f80	8002451c
80319f80	8013379c
80319fd0	803b50b8
8031a058	801136c0
8031a170	80035688
8031a170	80113724
8031a170	803cfa04
8031a170	800356d4
8031a23c	8031a348
8031a23c	80324388
8031a23c	80325444
8031a23c	80116c80
8031a23c	8031a3a4
8031a23c	8031a4dc
8031a23c	8031a538
8031a23c	80116bb0
8031a23c	803af220
8031a23c	8031a584
8031a23c	8031a610
8031a23c	8031a684
8031a23c	8031b424
8031a348	80116bb0
8031a348	803af1b0
8031a348	80324388
8031a348	80325444
8031a3a4	80324388
8031a3a4	80327194
8031a3a4	803203b4
8031a3a4	80325444
8031a3a4	8002451c
8031a3a4	8013379c
8031a3a4	80316484
8031a3a4	8032713c
8031a4dc	80324388
8031a4dc	80325444
8031a4dc	803270e8
8031a538	80116bb0
8031a538	803af1b0
8031a584	80116bb0
8031a584	8031aef8
8031a584	803af18c
8031a584	8031ab68
8031a610	80116c80
8031a610	803af18c
8031a610	8031ab68
8031a684	80035654
8031a684	80324388
8031a684	8032713c
8031a684	80116c80
8031a684	802f45e4
8031a684	802f4794
8031a684	802f5de8
8031a684	802f5ec8
8031a684	803b2344
8031a684	802f4900
8031a684	80325444
8031a684	803acfb8
8031a684	803af140
8031a684	800356a0
8031ab68	80035654
8031ab68	802f45e4
8031ab68	802f4794
8031ab68	802f5de8
8031ab68	802f5ec8
8031ab68	803b2344
8031ab68	802f4900
8031ab68	80324388
8031ab68	80325444
8031ab68	803acfb8
8031ab68	803af140
8031ab68	800356a0
8031aef8	80035688
8031aef8	802f45e4
8031aef8	802f4794
8031aef8	802f4cf4
8031aef8	802f51f4
8031aef8	802f4900
8031aef8	800356d4
8031b424	80116bb0
8031b424	803b18ac
8031b424	803b1940
8031b480	80324388
8031b480	803271b4
8031b480	80327194
8031b4bc	80113778
8031b564	80035688
8031b564	801137dc
8031b564	803cfa04
8031b564	800356d4
8031b6a0	80035688
8031b6a0	803b50e4
8031b6a0	80115fa0
8031b6a0	803b5104
8031b6a0	80116060
8031b6a0	80324388
8031b6a0	80325444
8031b6a0	800356d4
8031b744	8002451c
8031b744	8013379c
8031b744	80324388
8031b744	80115ee0
8031b744	80325444
8031b830	8003567c
8031b830	80115ee0
8031b830	80115fa0
8031b830	80116060
8031b830	800356c8
8031b9fc	8003567c
8031b9fc	80115fa0
8031b9fc	80116060
8031b9fc	80115ee0
8031b9fc	800356c8
8031baf8	80035664
8031baf8	80324388
8031baf8	803ae858
8031baf8	80115c94
8031baf8	80115ee0
8031baf8	80115fa0
8031baf8	801162d0
8031baf8	80116060
8031baf8	803b1bf0
8031baf8	800356b0
8031bc34	80035660
8031bc34	80324388
8031bc34	803ae858
8031bc34	80115c94
8031bc34	80115ee0
8031bc34	80115fa0
8031bc34	801162d0
8031bc34	80116060
8031bc34	803b1bf0
8031bc34	800356ac
8031bd7c	8003566c
8031bd7c	80324388
8031bd7c	803ae858
8031bd7c	80115c94
8031bd7c	80115ee0
8031bd7c	80115fa0
8031bd7c	801162d0
8031bd7c	80116060
8031bd7c	800356b8
8031be84	80035684
8031be84	80324388
8031be84	80115ee0
8031be84	80115fa0
8031be84	803ae858
8031be84	801162d0
8031be84	80116060
8031be84	800356d0
8031bf7c	80035670
8031bf7c	80324388
8031bf7c	80115ee0
8031bf7c	80115fa0
8031bf7c	803ae858
8031bf7c	801162d0
8031bf7c	80116060
8031bf7c	800356bc
8031c064	8003565c
8031c064	80324388
8031c064	803ae858
8031c064	80115c94
8031c064	80115ee0
8031c064	80115fa0
8031c064	801162d0
8031c064	80116060
8031c064	800356a8
8031c1ec	80035668
8031c1ec	80324388
8031c1ec	80116bb0
8031c1ec	803ae858
8031c1ec	80115c94
8031c1ec	80115ee0
8031c1ec	80115fa0
8031c1ec	8002451c
8031c1ec	801162d0
8031c1ec	80116060
8031c1ec	803b1bf0
8031c1ec	8031be84
8031c1ec	800356b4
8031c644	80035668
8031c644	80324388
8031c644	80116bb0
8031c644	8031baf8
8031c644	80115ee0
8031c644	803ae858
8031c644	80115c94
8031c644	80115fa0
8031c644	801162d0
8031c644	80116060
8031c644	8031be84
8031c644	8031bf7c
8031c644	800356b4
8031c8d8	80035668
8031c8d8	80324388
8031c8d8	80116bb0
8031c8d8	8031bc34
8031c8d8	80115ee0
8031c8d8	803ae858
8031c8d8	80115c94
8031c8d8	8031be84
8031c8d8	8031bd7c
8031c8d8	80115fa0
8031c8d8	801162d0
8031c8d8	80116060
8031c8d8	800356b4
8031cc14	80035680
8031cc14	80324388
8031cc14	80116bb0
8031cc14	8031bc34
8031cc14	80115ee0
8031cc14	8031bd7c
8031cc14	803ae858
8031cc14	80115c94
8031cc14	8031bf7c
8031cc14	8031be84
8031cc14	8031c064
8031cc14	800356cc
8031cddc	80035664
8031cddc	80324388
8031cddc	80116bb0
8031cddc	8031bc34
8031cddc	80115ee0
8031cddc	8031bd7c
8031cddc	803ae858
8031cddc	80115c94
8031cddc	80115fa0
8031cddc	801162d0
8031cddc	80116060
8031cddc	8031be84
8031cddc	800356b0
8031d064	80035664
8031d064	80324388
8031d064	80116bb0
8031d064	8031bc34
8031d064	80115ee0
8031d064	8031bd7c
8031d064	803ae858
8031d064	80115c94
8031d064	80115fa0
8031d064	801162d0
8031d064	80116060
8031d064	8031be84
8031d064	8031bf7c
8031d064	800356b0
8031d2f8	80035668
8031d2f8	80324388
8031d2f8	80116bb0
8031d2f8	8031bc34
8031d2f8	80115ee0
8031d2f8	8031bd7c
8031d2f8	8031c064
8031d2f8	803ae858
8031d2f8	80115c94
8031d2f8	8031bf7c
8031d2f8	80115fa0
8031d2f8	801162d0
8031d2f8	80116060
8031d2f8	800356b4
8031d55c	802ccd8c
8031d55c	803ab210
8031d55c	80035028
8031d5bc	803cfa08
8031d5bc	8031d654
8031d654	803cfa08
8031d654	801136c0
8031d654	80113778
8031d724	803cfa04
8031d7dc	80113724
8031d7dc	803cfa04
8031d858	80116bb0
8031d858	8036f9dc
8031d8f0	801137dc
8031d8f0	803cfa04
8031d970	80035688
8031d970	80115fa0
8031d970	80116060
8031d970	803b1dc8
8031d970	800356d4
8031da50	803cfa08
8031da50	8031dae8
8031dae8	803cfa08
8031dae8	8031dbd4
8031db48	803cfa04
8031dbd4	801136c0
8031dc5c	80035688
8031dc5c	80113724
8031dc5c	803cfa04
8031dc5c	800356d4
8031dd2c	8031dde4
8031dd2c	803e02f0
8031dd2c	80330e60
8031dd2c	803e0310
8031dd2c	80332f70
8031ddf8	8031dde4
8031ddf8	803e02f0
8031ddf8	80330e64
8031ddf8	803e0310
8031ddf8	80332f74
8031deb0	8031dde4
8031deb0	803e02f0
8031deb0	80330e9c
8031deb0	803e0310
8031deb0	80332fac
8031df68	8031dde4
8031df68	803e02f0
8031df68	80330e68
8031df68	803e0310
8031df68	80332f78
8031e038	803cfa08
8031e038	8031e0f4
8031e0f4	803cfa08
8031e0f4	8031e234
8031e0f4	8031eef4
8031e17c	803cfa04
8031e234	8041afe4
8031e234	80113778
8031e364	80035688
8031e364	801137dc
8031e364	803cfa04
8031e364	800356d4
8031e420	8031e62c
8031e420	8031e6a4
8031e420	8031e8f4
8031e420	8031e994
8031e420	8031eb5c
8031e420	803af630
8031e420	80115ee0
8031e420	8031ebc8
8031e420	8031ec5c
8031e420	8031ee08
8031e420	8031ecf0
8031e420	8031ed7c
8031e62c	80115ee0
8031e62c	801158c4
8031e6a4	80035674
8031e6a4	803b189c
8031e6a4	803b1a2c
8031e6a4	803b1a3c
8031e6a4	8031a04c
8031e6a4	80115ee0
8031e6a4	80115fa0
8031e6a4	80116060
8031e6a4	801158c4
8031e6a4	800356c0
8031e8f4	80035680
8031e8f4	80116bb0
8031e8f4	80115fa0
8031e8f4	80116060
8031e8f4	801158c4
8031e8f4	800356cc
8031e994	80035674
8031e994	80115ee0
8031e994	80115fa0
8031e994	80116060
8031e994	803af658
8031e994	801158c4
8031e994	800356c0
8031eb5c	803af630
8031eb5c	80115ee0
8031eb5c	803af6b8
8031ebc8	80116bb0
8031ebc8	803af748
8031ebc8	80115ee0
8031ec5c	80116bb0
8031ec5c	803af648
8031ec5c	80115ee0
8031ecf0	80116bb0
8031ecf0	803af684
8031ecf0	80115ee0
8031ed7c	80116bb0
8031ed7c	803af638
8031ed7c	80115ee0
8031ee08	80035680
8031ee08	80115fa0
8031ee08	80116060
8031ee08	800356cc
8031eef4	801136c0
8031ef7c	80035688
8031ef7c	80113724
8031ef7c	803cfa04
8031ef7c	800356d4
8031f000	8031dde4
8031f000	803abc08
8031f000	803abc14
8031f000	8031f080
8031f000	8031f11c
8031f080	80116bb0
8031f080	8031dde4
8031f080	803abc14
8031f080	803abc08
8031f11c	80116bb0
8031f11c	8031dde4
8031f11c	803abc14
8031f11c	803abc08
8031f1fc	803cfa08
8031f1fc	8031f2bc
8031f2bc	803cfa08
8031f2bc	8031f424
8031f2bc	801136c0
8031f36c	803cfa04
8031f424	8041afe4
8031f424	80113778
8031f4d4	80035688
8031f4d4	801137dc
8031f4d4	803cfa04
8031f4d4	800356d4
8031f5f0	80115fa0
8031f5f0	80116060
8031f6c4	80115fa0
8031f6c4	80116060
8031f6c4	803b1dc8
8031f758	80115fa0
8031f758	80116060
8031f758	803b1dc8
8031f7fc	80115fa0
8031f7fc	80116060
8031f7fc	803b1dc8
8031f8c0	80115fa0
8031f8c0	80116060
8031f8c0	803b1dc8
8031f9b4	80035688
8031f9b4	80115fa0
8031f9b4	80116060
8031f9b4	803b1dc8
8031f9b4	800356d4
8031fab8	80115fa0
8031fab8	80116060
8031fab8	803b1dc8
8031fb6c	80035684
8031fb6c	80115ee0
8031fb6c	8032c608
8031fb6c	8031f6c4
8031fb6c	8031f758
8031fb6c	8031f7fc
8031fb6c	8031f8c0
8031fb6c	8031f9b4
8031fb6c	80115fa0
8031fb6c	80116060
8031fb6c	8031fab8
8031fb6c	8031f5f0
8031fb6c	800356d0
8031fd00	80035678
8031fd00	80115ee0
8031fd00	80115fa0
8031fd00	803af638
8031fd00	80116060
8031fd00	803af648
8031fd00	803af658
8031fd00	800356c4
8031fe1c	8003567c
8031fe1c	80324388
8031fe1c	8031fef8
8031fe1c	8002451c
8031fe1c	803ae858
8031fe1c	80115c94
8031fe1c	800356c8
80320128	80113724
80320128	803cfa04
803201dc	803cfa08
803201dc	80320274
80320274	803cfa08
80320274	803205a0
80320274	803209a0
803202fc	803cfa04
803203bc	80035684
803203bc	80324388
803203bc	80325444
803203bc	803af980
803203bc	803b1888
803203bc	8032c608
803203bc	8032e34c
803203bc	8032dc20
803203bc	8013379c
803203bc	800356d0
803205a0	801136c0
80320628	80035688
80320628	80113724
80320628	803cfa04
80320628	800356d4
803206ac	8032073c
803206ac	803207c0
803206ac	80116bb0
803206ac	80324388
803206ac	80327714
803206ac	80325444
803206ac	803208e4
8032073c	80116bb0
8032073c	803b4b1c
8032073c	80324388
8032073c	80325444
803207c0	80035684
803207c0	80116bb0
803207c0	80324388
803207c0	803ae858
803207c0	803b4ffc
803207c0	800356d0
80320874	803afc34
80320874	803b18ac
803208e4	80116bb0
803208e4	803b4e40
803208e4	8002ab98
803208e4	80324388
803208e4	803b0424
803208e4	803b1a34
803208e4	803b18ac
803208e4	80325444
803209a0	80113778
80320a18	80035688
80320a18	801137dc
80320a18	803cfa04
80320a18	800356d4
80320a94	80320b14
80320a94	80324388
80320a94	80115ee0
80320a94	80320f60
80320b14	8003565c
80320b14	80115fa0
80320b14	803b4aec
80320b14	80320ef0
80320b14	80025d98
80320b14	8002672c
80320b14	8002886c
80320b14	80116060
80320b14	80324388
80320b14	80327584
80320b14	801162d0
80320b14	803ae858
80320b14	803b5294
80320b14	803b4b1c
80320b14	8032c608
80320b14	8032dc38
80320b14	8032e34c
80320b14	80115ee0
80320b14	80325444
80320b14	800356a8
80320ef0	80034f44
80320f60	80035688
80320f60	80324388
80320f60	803b4e40
80320f60	803ae858
80320f60	8002aaa0
80320f60	80115c94
80320f60	800356d4
80320ff4	803cfa08
80320ff4	8032108c
8032108c	803cfa08
8032108c	801136c0
8032108c	80113778
8032115c	803cfa04
80321214	80113724
80321214	803cfa04
80321290	801137dc
80321290	803cfa04
80321310	8003564c
80321310	803b189c
80321310	803b0cbc
80321310	803b0f08
80321310	803b0f00
80321310	803b0ecc
80321310	803b1c00
80321310	803b1c34
80321310	803b0d20
80321310	803b0d60
80321310	803b0f58
80321310	803b0f4c
80321310	803b2018
80321310	803b2044
80321310	803b2074
80321310	803b20a8
80321310	803b20c0
80321310	803b20f4
80321310	803b09a4
80321310	80115ee0
80321310	80324388
80321310	803ae858
80321310	80115c94
80321310	80115fa0
80321310	80116060
80321310	80035698
80321620	803cfa08
80321620	80321780
8032170c	803b12ac
80321780	803cfa08
80321780	803218c0
80321780	803227b4
80321808	803cfa04
803218c0	80113778
80321978	80035688
80321978	801137dc
80321978	803cfa04
80321978	800356d4
80321a14	80321adc
80321a14	80321b30
80321a14	80321d3c
80321a14	80321e1c
80321a14	803b1a2c
80321a14	80115c94
80321a14	803225e8
80321a14	80115ee0
80321adc	80115ee0
80321b30	80035684
80321b30	80115ee0
80321b30	80115fa0
80321b30	8002451c
80321b30	801161a8
80321b30	80116060
80321b30	801158c4
80321b30	800356d0
80321d3c	80035688
80321d3c	80115ee0
80321d3c	8002451c
80321d3c	80115b5c
80321d3c	801158c4
80321d3c	800356d4
80321e1c	80035664
80321e1c	80116bb0
80321e1c	803b12ac
80321e1c	80115ee0
80321e1c	80115fa0
80321e1c	80116060
80321e1c	803221e8
80321e1c	8002451c
80321e1c	801161a8
80321e1c	80322498
80321e1c	803b0f08
80321e1c	803b0cbc
80321e1c	80115b5c
80321e1c	803b0f00
80321e1c	803b0ecc
80321e1c	803b0d60
80321e1c	803b0d20
80321e1c	803b189c
80321e1c	801158c4
80321e1c	800356b0
803221e8	80035680
803221e8	802f45e4
803221e8	802f472c
803221e8	802f5de8
803221e8	802f6074
803221e8	802f4900
803221e8	800356cc
80322340	80035680
80322340	802f45e4
80322340	802f472c
80322340	802f5de8
80322340	802f6074
80322340	802f4900
80322340	800356cc
80322498	80035678
80322498	80115fa0
80322498	80322340
80322498	8002451c
80322498	801161a8
80322498	803b1dc8
80322498	80116060
80322498	800356c4
803225e8	80035680
803225e8	803b1a2c
803225e8	80324388
803225e8	8002ab7c
803225e8	803ae858
803225e8	8002aaa0
803225e8	80115c94
803225e8	80115fa0
803225e8	803b12ac
803225e8	80116060
803225e8	802e1124
803225e8	802e1f9c
803225e8	80115ee0
803225e8	803b0f10
803225e8	803b0cbc
803225e8	803b0f00
803225e8	803b0f08
803225e8	800356cc
803227b4	801136c0
8032288c	80035688
8032288c	80113724
8032288c	803cfa04
8032288c	800356d4
80322938	80116bb0
80322938	803229e4
80322938	80322afc
80322938	80322bb4
80322938	80322c00
80322938	803b1264
80322938	80322b6c
80322938	80322cac
803229e4	80116bb0
803229e4	80116c80
803229e4	803b12ac
80322afc	80116bb0
80322afc	803b1040
80322afc	803b1234
80322b6c	803b1264
80322b6c	803b1940
80322b6c	803acfb8
80322b6c	802e1124
80322b6c	802e2010
80322b6c	80324388
80322b6c	80327818
80322bb4	80116bb0
80322bb4	802e1124
80322bb4	802e1f3c
80322bb4	802e1f6c
80322c00	80116bb0
80322c00	803b18ac
80322c6c	803b1264
80322c6c	803acfb8
80322c6c	80324388
80322c6c	80327818
80322cac	80116bb0
80322cac	803b103c
80322d58	803cfa08
80322d58	80322df0
80322df0	803cfa08
80322df0	80322f30
80322df0	803233f4
80322e78	803cfa04
80322f30	80113778
80322fa8	80035688
80322fa8	801137dc
80322fa8	803cfa04
80322fa8	800356d4
80323070	80035688
80323070	803b0f10
80323070	80115ee0
80323070	803b1e28
80323070	80115fa0
80323070	803b12ac
80323070	80116060
80323070	800356d4
8032313c	80035678
8032313c	80115ee0
8032313c	803b0f10
8032313c	803b1e5c
8032313c	80115fa0
8032313c	80116060
8032313c	803b12ac
8032313c	800356c4
803232f0	8003567c
803232f0	803b0f10
803232f0	80115ee0
803232f0	80322d0c
803232f0	8002451c
803232f0	80324388
803232f0	803ae858
803232f0	8002aaa0
803232f0	80115c94
803232f0	800356c8
803233f4	801136c0
8032349c	80035688
8032349c	80113724
8032349c	803cfa04
8032349c	800356d4
80323530	803b1330
80323530	80116bb0
80323530	803235f4
80323530	80323648
803235f4	80116bb0
803235f4	803b13ac
80323648	80116bb0
80323648	80322d0c
80323648	803b1704
803236cc	803cfa08
803236cc	80323764
80323764	803cfa08
80323764	80113778
80323764	80324134
80323814	803cfa04
803238cc	801137dc
803238cc	803cfa04
80323934	803d5c7c
80323934	80115c94
803239a0	8002451c
803239a0	8013379c
803239f0	80035688
803239f0	8002451c
803239f0	8013379c
803239f0	800356d4
80323a94	8002451c
80323a94	8013379c
80323b30	8002451c
80323b30	8013379c
80323b80	8002451c
80323b80	8013379c
80323bd0	8002451c
80323bd0	8013379c
80323c20	8002451c
80323c20	8013379c
80323c70	8002e958
80323c70	8002451c
80323c70	8013379c
80323cf4	8002451c
80323cf4	8013379c
80323d44	8002451c
80323d44	8013379c
80323db8	8002451c
80323db8	8013379c
80323e54	8002451c
80323e54	8013379c
80323ec8	8002451c
80323ec8	8013379c
80323f18	8002451c
80323f18	8013379c
80323f68	8002451c
80323f68	8013379c
80323fb8	8002451c
80323fb8	8013379c
8032402c	8002451c
8032402c	8013379c
8032407c	8002451c
8032407c	8013379c
803240e4	8002451c
803240e4	8013379c
80324134	801136c0
80324194	80113724
80324194	803cfa04
80324248	803cfa08
80324248	80325b4c
80324248	803c4bf8
80324248	803bf56c
80324248	803c200c
80324248	802e3a28
8032431c	803c202c
8032431c	803c4c28
80324390	801133c8
80324390	803c4a9c
80324390	803ec994
80324390	80324520
80324390	80324574
80324390	803250a4
80324390	803245c8
80324390	80325198
80324390	80324ff8
80324390	80324e64
80324390	80324f54
80324390	803248f8
80324390	803249a4
80324390	803252dc
80324390	80327754
80324390	802e1124
80324390	802e190c
80324390	80326380
80324390	803264e4
80324520	80326380
80324520	803264e4
80324574	80326380
80324574	803264e4
803245c8	80035670
803245c8	80328920
803245c8	80328928
803245c8	80328208
803245c8	803275d8
803248f8	80035684
803248f8	803b5104
803248f8	802e1124
803248f8	802e190c
803248f8	802e1bc4
803248f8	80319ed4
803248f8	800356d0
803249a4	80035664
803249a4	80319ccc
803249a4	80319e78
803249a4	80328920
803249a4	80328928
803249a4	80328208
803249a4	8032c608
803249a4	8032d9b0
803249a4	803275d8
80324e64	80035680
80324e64	80328fc0
80324e64	80326380
80324e64	803264e4
80324e64	80328920
80324e64	80328208
80324e64	800356cc
80324f54	8003567c
80324f54	80328920
80324f54	80328928
80324f54	80328208
80324f54	800356c8
80324ff8	8003567c
80324ff8	80328e34
80324ff8	80328920
80324ff8	80328928
80324ff8	80328208
80324ff8	800356c8
803250a4	80035678
803250a4	80328e84
803250a4	80328920
803250a4	80328928
803250a4	80328208
803250a4	80326380
803250a4	803264e4
803250a4	800356c4
80325198	8003567c
80325198	80328e34
80325198	80328920
80325198	80328928
80325198	80328208
80325198	80328ed8
80325198	80319f80
80325198	8013379c
80325198	8032c608
80325198	8032d9b0
80325198	80326380
80325198	803264e4
80325198	800356c8
803252dc	80035680
803252dc	80328fc0
803252dc	80328208
803252dc	80319ccc
803252dc	80319e78
803252dc	8032c608
803252dc	8032d9b0
803252dc	80326380
803252dc	803264e4
803252dc	80319f80
803252dc	80316484
803252dc	800356cc
80325400	803260b4
80325400	80326210
80325444	80326380
80325444	803264e4
803254b8	80025f14
803254b8	801503cc
803254b8	8002451c
803254b8	803256a4
803254b8	8032584c
803254b8	8024c274
803254b8	80025d98
803256a4	80035684
803256a4	8041c6c0
803256a4	8032c608
803256a4	8032e1c8
803256a4	802ccd98
803256a4	802ea12c
803256a4	801503d0
803256a4	801503d4
803256a4	800356d0
8032584c	80035688
8032584c	8032c608
8032584c	8032e294
8032584c	801503d0
8032584c	801503d4
8032584c	800356d4
803258f0	803ae858
803258f0	8002aaa0
8032595c	80025f14
8032595c	803cfa08
80325a14	800243c4
80325ad8	80326380
80325ad8	803264e4
80325ad8	80316484
80325b4c	803bf4e8
80325b4c	80325c18
80325c18	80112a08
80325c18	80325e34
80325c18	80112ea0
80325c18	8015283c
80325c18	8014d720
80325c18	80074318
80325c18	80325f88
80325c18	80153f88
80325c18	803c4a9c
80325c18	802ccd98
80325c18	803ec98c
80325c18	802ea12c
80325c18	80153f74
80325d98	803ae784
80325d98	80113dc0
80325d98	801132f0
80325d98	803bf52c
80325d98	803bf490
80325d98	803cfa04
80325e34	8003566c
80325e34	803c4a9c
80325e34	800356b8
80325f88	80035680
80325f88	80113dc0
80325f88	8002451c
80325f88	80113830
80325f88	80113ae8
80325f88	80153f5c
80325f88	80112c1c
80325f88	80113cf8
80325f88	803cf6d0
80325f88	803ae660
80325f88	8013384c
80325f88	800356cc
803260b4	80035688
803260b4	80316d14
803260b4	803162fc
803260b4	80319c84
803260b4	8032022c
803260b4	80315bd4
803260b4	80317160
803260b4	8032c608
803260b4	8032dc20
803260b4	801133c8
803260b4	803c4a9c
803260b4	803ec994
803260b4	8032371c
803260b4	80315660
803260b4	803176a4
803260b4	80321044
803260b4	803150ac
803260b4	80322da8
803260b4	80321680
803260b4	8031f24c
803260b4	8031e088
803260b4	8031daa0
803260b4	8031d60c
803260b4	80315f34
803260b4	800356d4
80326210	80035684
80326210	803162ac
80326210	80316cc4
80326210	801133c8
80326210	803c4a9c
80326210	803ec994
80326210	80317110
80326210	80315b84
80326210	803201dc
80326210	80319c34
80326210	8032c608
80326210	8032dc38
80326210	80315ee4
80326210	8031d5bc
80326210	8031da50
80326210	8031f1fc
80326210	8031e038
80326210	80321620
80326210	80322d58
80326210	8031505c
80326210	80320ff4
80326210	80317644
80326210	80315610
80326210	803236cc
80326210	800356d0
80326380	803278c4
80326380	803b842c
80326380	80328a98
80326380	8013379c
80326380	80316484
80326380	80328148
80326380	80319f80
803264e4	80035654
803264e4	802e1124
803264e4	802e1fd0
803264e4	8013379c
803264e4	803b8018
803264e4	80328bc8
803264e4	803b849c
803264e4	802f45e4
803264e4	802f4794
803264e4	803cf6d0
803264e4	803c7054
803264e4	803ccc78
803264e4	803c70a8
803264e4	803cce94
803264e4	802ccd98
803264e4	802f5ec8
803264e4	802cd4cc
803264e4	802ec308
803264e4	803cfa08
803264e4	80327d58
803264e4	803288ec
803264e4	80328904
803264e4	80327f04
803264e4	80327f98
803264e4	80328a14
803264e4	802f4900
803264e4	80328148
803264e4	80328914
803264e4	803ae858
803264e4	803b4e4c
803264e4	80328ed8
803264e4	80328f78
803264e4	803b842c
803264e4	803270e8
803264e4	803b50e4
803264e4	802ec7b8
803264e4	803278c4
803264e4	803acfb8
803264e4	803b5104
803264e4	802ec044
803264e4	802f5424
803264e4	802e3a28
803264e4	80025f14
803264e4	803afe70
803264e4	803270d4
803264e4	80319f80
803264e4	80319e84
803264e4	80316484
803264e4	803bf588
803264e4	802e2010
803264e4	800356a0
803270e8	8013379c
80327208	80035684
80327208	803b22b4
80327208	803b226c
80327208	803be5f4
80327208	803be660
80327208	8032776c
80327208	803bedac
80327208	803bea7c
80327208	803bec44
80327208	802ce948
80327584	80035688
80327584	80034f44
80327584	801147b8
80327584	800356d4
803275d8	80035688
803275d8	802e3a28
803275d8	8032c608
803275d8	8032e1c8
803275d8	803c4a9c
803275d8	803ec984
803275d8	8041c004
8032776c	80035688
8032776c	803bea7c
8032776c	803bedac
8032776c	803c3e04
8032776c	802e3a28
8032776c	800356d4
803278c4	8003567c
803278c4	80328148
803278c4	802ec7b8
803278c4	802ec100
803278c4	803c718c
803278c4	803c7060
803278c4	800356c8
803279d8	802ccd8c
803279d8	802ccd98
803279d8	803248f4
80327d58	80035684
80327d58	802e3a28
80327d58	802e954c
80327d58	800356d0
80327ea4	80328148
80327ea4	803cfa04
80327f04	80035678
80327f04	80328148
80327f04	80327f98
80327f04	800356c4
80327f98	80035688
80327f98	80328148
80327f98	802e9734
80327f98	802edea4
80327f98	80328104
80327f98	802ef718
80327f98	803c8b70
80327f98	80329008
80327f98	80328754
80327f98	803cfa08
80327f98	802ef7d8
80327f98	802ef884
80327f98	803c4bf8
80327f98	800356d4
80328104	802e3a28
80328148	80328ca4
80328148	803c4c28
80328148	802e7910
80328148	802edea4
80328148	802e1124
80328148	802e1b98
80328208	80035688
80328208	803b2344
80328208	803c8b70
80328208	802e97f0
80328208	802e97f8
80328208	802e3a28
80328208	802f012c
80328208	803c4a9c
80328208	803ec97c
80328208	8041c004
80328754	803d7ac4
80328754	803b22b4
80328754	803b226c
80328754	802f0090
80328754	802e3a28
80328754	8041ccb4
80328754	802e954c
8032893c	80035688
8032893c	80329050
8032893c	802ea420
8032893c	803c8b70
8032893c	802f78a4
8032893c	802f7a24
8032893c	80328ca4
8032893c	802ef884
8032893c	800356d4
80328a14	80329008
80328a14	802ef884
80328a14	803c8b70
80328a98	80328b64
80328a98	803b2144
80328a98	802cd450
80328a98	802d3354
80328a98	802d33dc
80328a98	802e7910
80328a98	802e979c
80328a98	802e9734
80328b64	80035688
80328b64	803d5894
80328b64	802d32b0
80328b64	802cd048
80328b64	800356d4
80328bc8	80035684
80328bc8	80328b64
80328bc8	803b2144
80328bc8	802cd450
80328bc8	802d3354
80328bc8	802d33dc
80328bc8	802e7910
80328bc8	802e979c
80328bc8	802e9734
80328bc8	800356d0
80328ca4	80035674
80328ca4	80328df8
80328ca4	8002451c
80328ca4	802f78a4
80328ca4	802f7a24
80328ca4	80329050
80328ca4	80329008
80328ca4	800356c0
80328e34	802e7c9c
80328e84	802e7c9c
80328ed8	80328ca4
80328ed8	802ea420
80328ed8	803c8b70
80328ed8	80329050
80328f78	802f78a4
80328f78	802f7a24
80329008	803b2344
80329050	803c8b70
803290b8	802ccd8c
803290b8	802ccd98
80329114	803cfa04
80329138	8041af48
80329138	80329c48
803291fc	8041b38c
803291fc	8032922c
80329290	8032922c
80329290	803294a4
80329290	80329628
80329314	803296cc
80329314	80329678
80329374	803293fc
80329374	80035028
803293bc	803cf6a0
803293fc	8041afe4
803294a4	80035678
803294a4	80034f44
803294a4	80025e58
803294a4	80043600
803294a4	8004384c
803294a4	80024444
803294a4	800356c4
803295ec	80329678
803295ec	8041afe4
803296cc	80329a18
80329778	80035680
80329778	803ec9a8
80329778	8002efa8
80329778	8002eb98
80329a18	80035688
80329a18	803e3ae0
80329a18	803e3b18
80329a18	803e580c
80329a18	80329c80
80329a18	803e3fc0
80329a18	8003bac8
80329a18	80329ca8
80329a18	80024444
80329a18	80035558
80329a18	80329b28
80329a18	80329c94
80329a18	800356d4
80329b28	8003567c
80329b28	80329c80
80329b28	8041afe4
80329b28	80024444
80329b28	8003bac8
80329b28	80415da0
80329b28	80329c94
80329b28	800356c8
80329c48	8041af54
80329cb4	8003566c
80329cb4	80413cfc
80329cb4	80413ce8
80329cb4	802e3a28
80329cb4	802cd4cc
80329cb4	8032e004
80329cb4	800204c4
80329cb4	802577b8
80329cb4	800356b8
8032a258	80035688
8032a258	803cf6e4
8032a258	800356d4
8032a450	803cf6a4
8032a450	803cf6a0
8032a4c0	803cd38c
8032bc74	803cd38c
8032c048	803cd38c
8032c17c	803cd38c
8032c520	8003567c
8032c520	803cf6d0
8032c520	8032a258
8032c520	8032c6c4
8032c520	800356c8
8032c5a8	80035684
8032c5a8	8032a450
8032c5a8	800356d0
8032c61c	803b5104
8032c61c	803b50f4
8032c61c	80068864
8032c6c4	80035680
8032c6c4	80415b1c
8032c6c4	802f2c84
8032c6c4	803ccc08
8032c6c4	802f2eb0
8032c6c4	803ccd20
8032c6c4	8032a4c0
8032c6c4	803cce94
8032c6c4	8032bc74
8032c6c4	8032c048
8032c6c4	803cd38c
8032c6c4	803cd0fc
8032c6c4	8032c17c
8032c6c4	802f2e00
8032c6c4	80411a94
8032c6c4	802f2cf0
8032c6c4	800356cc
8032caf8	80035684
8032caf8	80413b20
8032caf8	8032cb58
8032caf8	800356d0
8032cb58	80035680
8032cb58	80329cb4
8032dc84	8002f288
8032dd24	80035688
8032dd24	8032e07c
8032dd24	8032dc54
8032dd24	803ec5c0
8032dd24	803ec9a8
8032dd24	803b22fc
8032dd24	803be57c
8032dd24	803be594
8032dd24	802f0090
8032dd24	802e3a28
8032dd24	8032dc84
8032dd24	802f003c
8032dd24	802f00e4
8032dd24	800356d4
8032e07c	802578d0
8032e07c	80257030
8032e1c8	802578d0
8032e1c8	80257030
8032e1c8	8032e114
8032e294	802578d0
8032e294	80257030
8032e358	802ccd8c
8032e358	802629ac
8032e3cc	80257700
8032e3cc	80415924
8032e3cc	8025780c
8032e3cc	8025dde0
8032e3cc	8025e514
8032e458	803cf6a0
8032e498	80257754
8032e498	8032e458
8032e498	803cfa04
8032e508	803cfa08
8032e508	8032e3cc
8032e5c8	804181b4
8032e6ac	802ccd8c
8032e6ac	802629ac
8032e718	802cd4cc
8032e798	8032e94c
8032e798	803cfa04
8032e7f4	80035684
8032e7f4	8041c54c
8032e7f4	802f78a4
8032e7f4	802f7bf4
8032e7f4	802f6b34
8032e7f4	803cfa08
8032e7f4	8032eed8
8032e7f4	803c4bf8
8032e7f4	800356d0
8032e94c	802f7a24
8032e94c	803c4c28
8032e9e8	803d78b8
8032e9e8	8041c6c0
8032eaa4	80035688
8032eaa4	8002f288
8032ee24	8002f288
8032eef4	803bf490
8032eef4	803cfa04
8032ef4c	803e2c78
8032f050	8032f0fc
8032f050	803cfa04
8032f0b0	8032f83c
8032f0b0	802e1124
8032f0b0	802e15e0
8032f0fc	8032f95c
8032f0fc	802e1124
8032f0fc	802e162c
8032f0fc	802f7a24
8032f168	80035688
8032f168	802f46bc
8032f168	802f52f0
8032f168	802f4cf4
8032f168	802f5de8
8032f168	802f4900
8032f168	80330c78
8032f168	80330d28
8032f168	800356d4
8032f2c4	80035680
8032f2c4	802ed600
8032f2c4	802cd4cc
8032f2c4	803c8308
8032f2c4	803cfa08
8032f2c4	80331104
8032f2c4	8032f654
8032f2c4	8032f750
8032f2c4	802ed720
8032f2c4	80256d20
8032f2c4	80256e4c
8032f2c4	80323bd0
8032f2c4	80323c20
8032f2c4	80323cf4
8032f2c4	80323c70
8032f2c4	80323d44
8032f2c4	80330d28
8032f2c4	800356cc
8032f470	80323c20
8032f470	80323cf4
8032f470	80323bd0
8032f470	803c8b70
8032f470	802ed6d0
8032f470	80256d20
8032f470	80256e0c
8032f470	80331130
8032f470	80330c78
8032f528	80035688
8032f528	803314ac
8032f528	803311f4
8032f528	8032f750
8032f528	802ed600
8032f528	802cd4cc
8032f528	803b220c
8032f528	803b21bc
8032f528	803c8b70
8032f528	80323bd0
8032f528	80323c20
8032f528	80323cf4
8032f528	80323c70
8032f528	80323d44
8032f528	800356d4
8032f654	80035688
8032f654	802f46bc
8032f654	802f4cf4
8032f654	802f50e4
8032f654	8032eecc
8032f654	802f4900
8032f654	800356d4
8032f750	80035684
8032f750	802f46bc
8032f750	802f5de8
8032f750	802f52f0
8032f750	80331314
8032f750	802f4900
8032f750	80331184
8032f750	800356d0
8032f83c	80035688
8032f83c	803ccc78
8032f83c	803ccfd0
8032f83c	803cd454
8032f83c	803cb934
8032f83c	803cb930
8032f83c	803e3440
8032f83c	803cfa08
8032f83c	80330ed0
8032f83c	803c4bf8
8032f83c	803bd5d0
8032f83c	803bd664
8032f83c	80331260
8032f83c	803cce94
8032f83c	800356d4
8032f95c	803312d4
8032f95c	803bd5f4
8032f95c	803c4c28
8032f9e4	80323bd0
8032f9e4	80323c20
8032f9e4	80323cf4
8032f9e4	80323c70
8032f9e4	80323d44
8032f9e4	80323fb8
8032f9e4	803b189c
8032f9e4	803e2240
8032f9e4	803b204c
8032f9e4	803b2058
8032f9e4	8032f470
8032f9e4	803b2138
8032f9e4	8032fe64
8032f9e4	80330658
8032f9e4	802e1124
8032f9e4	802e19a4
8032f9e4	803b2344
8032f9e4	802d0120
8032f9e4	802e1bc4
8032f9e4	803c8b70
8032f9e4	80331534
8032f9e4	8032c608
8032f9e4	8032d9b0
8032f9e4	80330d70
8032fe64	80035688
8032fe64	803b2178
8032fe64	802cd4e8
8032fe64	802cd4cc
8032fe64	800356d4
8032ffac	80323d44
8032ffac	80323c70
8032ffac	803c82f8
8032ffac	802e9308
8032ffac	803d78b8
8032ffac	803bd794
8032ffac	803302f4
8032ffac	803315ac
8032ffac	802e8134
8032ffac	8041c400
8032ffac	802e927c
8032ffac	803b226c
803302f4	8041c6c0
80330398	802ee84c
80330454	803c8b70
80330454	802e1124
80330454	802e19a4
80330454	803b2344
80330454	802d0120
80330454	802e1bc4
80330658	80035674
80330658	803b2138
80330658	802cd4e8
80330658	803b21bc
80330658	80331524
80330658	802ccda8
80330658	803b2178
80330658	802ce948
80330c78	802f7bf4
80330c78	802f6c34
80330c78	802f78a4
80330d28	802f7a24
80330d70	802e1124
80330d70	802e190c
80330d70	802e1858
80330d70	8032c608
80330d70	8032dc38
80330d70	80324388
80330d70	80327158
80330e00	802e1124
80330e00	802e18a4
80330e00	80324388
80330e00	80327178
80330e00	8032c608
80330e00	8032dc20
80330e68	80330e00
80330e68	8032f470
80330e9c	80330e00
80330e9c	8032f528
80330ed0	802e8134
80330f20	803bf490
80330f20	803cfa04
80330f78	803e2c78
80330fd0	802ccd8c
80330fd0	802629ac
80330fd0	80331094
80331094	8041c6c0
80331130	803314ac
80331130	803cfa04
80331184	80035688
80331184	8032e7f4
80331184	800356d4
803311f4	80035688
803311f4	8032e94c
803311f4	800356d4
80331260	803cb930
80331260	803cfa08
80331260	803bd5d0
80331260	803bd664
803312d4	803bd5f4
80331314	803b2344
80331314	80331364
80331364	80035688
80331364	803cfa08
80331364	8032e718
80331364	8032e7f4
80331364	800356d4
8033140c	80035688
8033140c	8032e798
8033140c	800356d4
803314ac	80035680
803314ac	8032e798
803314ac	800356cc
80331534	80035684
80331534	8032eaa4
80331534	800356d0
803315ac	80035688
803315ac	8032e9e8
803315ac	800356d4
80331628	80035684
80331628	803ccc78
80331628	803ccfd0
80331628	803cd454
80331628	803cb934
80331628	803cb930
80331628	803e3440
80331628	803cfa08
80331628	803bd5d0
80331628	803bd664
80331628	80332fe0
80331628	803c4bf8
80331628	803c7214
80331628	802e8134
80331628	803cce94
80331628	800356d0
8033184c	80332884
8033184c	802e9560
8033184c	802e3a28
8033184c	802d0120
8033184c	802ed720
8033184c	802e1124
8033184c	802e15e0
8033184c	80331a8c
8033184c	80332e38
80331930	80035688
80331930	802e1124
80331930	802e162c
80331930	80256d20
80331930	80256e0c
80331930	803b7f04
80331930	803b761c
80331930	803b7160
80331930	802e8134
80331930	802cd4cc
80331930	802d0120
80331930	803c8b70
80331930	802ed6d0
80331930	80331d08
80331930	80332d88
80331930	80332e38
80331930	800356d4
80331a8c	80035688
80331a8c	8032c608
80331a8c	8032ca88
80331a8c	80256d20
80331a8c	80256e4c
80331a8c	80323bd0
80331a8c	80323c20
80331a8c	80323c70
80331a8c	80323cf4
80331a8c	80323d44
80331a8c	8032402c
80331a8c	8032dc38
80331a8c	803be1b8
80331a8c	802f1380
80331a8c	803bea7c
80331a8c	803bec68
80331a8c	802d0120
80331a8c	8032eea4
80331a8c	802e3a28
80331a8c	803be1dc
80331a8c	800356d4
80331d08	8032402c
80331d08	80323c20
80331d08	80323cf4
80331d08	80323bd0
80331d08	8032c608
80331d08	8032dc20
80331d08	803be1b8
80331d08	802f1380
80331d08	803bea7c
80331d08	803be1dc
80331d08	8032ca88
80331e18	80323c70
80331e18	80323d44
80331e18	8032407c
80331e18	802d0120
80331e18	803c8c84
80331ea4	80035688
80331ea4	803b7160
80331ea4	803b70c4
80331ea4	803b7264
80331ea4	803b7eb0
80331ea4	803b9db8
80331ea4	802d0120
80331ea4	803b2144
80331ea4	803b21bc
80331ea4	802e3a28
80331ea4	803b2414
80331ea4	8032eea4
80331ea4	803b9e30
80331ea4	802ed6d0
80331ea4	800356d4
80332014	802d0120
80332014	803c8b70
803320b8	803321a4
803320b8	803325a4
803320b8	80332608
803321a4	80035688
803321a4	80332884
803321a4	802e9560
803321a4	802e3a28
803321a4	803b8018
803321a4	802eaff4
803325a4	80332884
803325a4	802e9560
803325a4	802e3a28
803325a4	80331ea4
80332608	803b9ba8
80332608	802e3a28
80332608	803b9af4
80332608	802e9560
80332608	803b8018
80332608	802eaff4
80332734	8003567c
80332734	802578d0
80332734	80257030
80332734	80258d88
80332804	80332a10
80332804	803bd794
80332804	802e9560
80332884	8003567c
80332884	802d0120
80332884	803c8308
80332884	803c82f8
80332884	802e9308
80332884	802ccd98
80332884	803c8d14
80332884	800356c8
80332a10	8041c6c0
80332a10	803d78b8
80332a10	802e9308
80332ae4	80035688
80332ae4	80332d88
80332ae4	802f46bc
80332ae4	802f52f0
80332ae4	802f4cf4
80332ae4	802f4900
80332ae4	802cd4cc
80332ae4	800356d4
80332d88	802f7bf4
80332d88	802f6c34
80332d88	802f78a4
80332e38	802f7a24
80332e80	802e1124
80332e80	802e190c
80332e80	802e1858
80332e80	8032c608
80332e80	8032dc38
80332e80	80324388
80332e80	80327158
80332f10	802e1124
80332f10	802e18a4
80332f10	80324388
80332f10	80327178
80332f10	8032c608
80332f10	8032dc20
80332f78	80332f10
80332f78	80331930
80332fac	80332f10
80332fac	80331e18
80332fe0	802e8134
80333030	803bf490
80333030	803cfa04
80333088	803e2c78
803330e0	802ccd8c
803330e0	802629ac
8033314c	80035684
8033314c	802e3a28
8033314c	803b7264
8033314c	803b7eb0
8033314c	803b9db8
8033314c	803ba020
8033314c	803bad2c
8033314c	803b9e04
8033314c	803cfa08
8033314c	803348f8
8033314c	803ccc78
8033314c	803ccfd0
8033314c	803cd454
8033314c	803cb934
8033314c	803cb930
8033314c	803e3440
8033314c	803bd5d0
8033314c	803bd664
8033314c	803343a0
8033314c	803c4bf8
8033314c	802f78a4
8033314c	802f7bf4
8033314c	802f6c34
8033314c	803cce94
8033314c	800356d0
80333444	803cfa04
80333484	80035688
80333484	803b7f04
80333484	803b761c
80333484	803bd5f4
80333484	803c4c28
80333484	802f7abc
80333484	803cfa04
80333484	800356d4
80333b30	803b2414
80333ba4	802cd9ac
80333d80	802e3a28
80333d80	802cd4cc
80333d80	803b9db8
80333d80	803b7f04
80333d80	802f7abc
80333e58	802ccd98
80333e58	802f00e4
80333e58	80328720
80333e58	803d78b8
80333e58	803b9ba8
80333e58	802e3a28
80333e58	803b9e94
80333e58	803b9af4
80333e58	8041c6c0
80333e58	802f7bf4
80333e58	802f6c34
803342e0	80334344
803342e0	803b70c4
80334344	803b7160
803343bc	803bf490
803343bc	803cfa04
80334414	803e2c78
80334478	802ccd98
803344cc	803cf6a0
80334514	802e3a28
80334514	802f0090
80334514	803b2414
80334514	803b8018
80334514	803b2178
80334514	80334770
80334514	802ccd98
80334514	802e927c
80334770	8041c400
80334770	802e927c
8033481c	803b5c00
80334874	803b5c80
80334874	803cfa04
803348f8	803ba7c4
80334968	802f7abc
80334968	803ba850
80334968	803cfa04
80334b40	80035680
80334b40	803ab294
80334b40	802e3a28
80334b40	800356cc
80334c58	80035688
80334c58	803bf424
80334c58	802d0120
80334c58	802e9734
80334c58	802ed6d0
80334c58	803ab388
80334c58	803cfa04
80334c58	800356d4
80334d04	80035674
80334d04	803be1b8
80334d04	802f1380
80334d04	803ab430
80334d04	803b2138
80335558	8003567c
80335558	8032c608
80335558	8032dc20
80335558	803ab524
80335558	80256d20
80335558	80256e0c
80335558	80334344
80335558	80333484
80335558	803347f8
80335558	803344cc
80335558	803be1b8
80335558	802f1380
80335558	803bea7c
80335558	803be1dc
80335558	80323c20
80335558	80323db8
80335558	80323bd0
80335558	802e1124
80335558	802e2010
80335558	802e162c
80335558	800356c8
803356fc	80035680
803356fc	80333e58
803356fc	803367f8
803356fc	80335cf8
803356fc	80335ee4
803356fc	803364f8
803356fc	80336688
803356fc	803ab4f0
803356fc	800356cc
8033581c	80035688
8033581c	803342bc
8033581c	802ccd98
8033581c	803b2414
8033581c	802e3a28
8033581c	80336e44
8033581c	800356d4
8033598c	80035680
8033598c	802ea12c
8033598c	80333d80
8033598c	802cd4cc
8033598c	80323d44
8033598c	800356cc
80335ab8	803367f8
80335ab8	803abc7c
80335cf8	803c8b70
80335cf8	80336dfc
80335cf8	802e7c9c
80335cf8	8002f288
80335ee4	80035688
80335ee4	802f0090
80335ee4	802e3a28
80335ee4	80336498
80335ee4	8033679c
80335ee4	80336978
80335ee4	80336ad4
80335ee4	80335b08
80335ee4	803c8b70
80335ee4	803c8280
80335ee4	80336d14
80335ee4	803367f8
80336498	803b220c
80336498	803b21bc
80336498	802e3a28
803364f8	80035688
803364f8	80336978
803364f8	80336ad4
803364f8	803c8280
803364f8	80336d14
803364f8	803b189c
803364f8	803b20b0
803364f8	803e2240
803364f8	803b20fc
803364f8	803367f8
803364f8	800356d4
80336688	803e0238
803366c4	80324388
803366c4	80327158
803366c4	802e1124
803366c4	802e190c
803366c4	802e1858
80336748	80324388
80336748	80327178
80336748	802e1124
80336748	802e18a4
8033679c	80323c70
803367f8	802ccd98
803367f8	802ea12c
803367f8	80333d80
803367f8	80333ba4
803367f8	8032c608
803367f8	8032dc20
803367f8	8032dc38
803367f8	803e01b8
80336978	8003567c
80336c40	80035688
80336c40	802ed600
80336c40	802e3a28
80336c40	802f0090
80336c40	80336498
80336c40	800356d4
80336d14	80035688
80336d14	80333d80
80336d14	802ccd98
80336d14	802ed720
80336d14	800356d4
80336dfc	802e7c9c
80336e44	80035680
80336e44	803d78b8
80336e44	803eff1c
80336e44	803efde8
80336e44	803e7520
80336e44	803e7408
80336e44	803e7398
80336e44	803efd10
80336e44	803efde4
80336e44	803efea4
80336e44	803efde0
80336e44	803efd14
80336e44	803efddc
80336e44	803e74d0
80336e44	803efeac
80336e44	800356cc
803370a0	8003567c
803370a0	802578d0
803370a0	80257030
803370a0	80258d88
803371d4	802ccd8c
803371d4	802629ac
803371d4	802ccd98
803371d4	802f77d4
80337344	80337470
80337344	803cfa04
803373a4	802f46bc
803373a4	802f4cf4
803373a4	802f4900
8033740c	80256d20
8033740c	80256e4c
8033740c	80337bb0
80337470	80256d20
80337470	80256e0c
80337470	80337bb0
803374c0	8033757c
803374c0	803377d8
803374c0	803378b0
803374c0	80337a00
803374c0	80337b50
8033757c	80035668
8033757c	802ec6f8
8033757c	802ee888
8033757c	802d0120
8033757c	802ccda8
803377d8	802d0120
803377d8	803239a0
803377d8	802ef77c
803377d8	8032c608
803377d8	8032dc38
803377d8	803c8b70
803377d8	80337bb0
803377d8	802e1124
803377d8	802e19a4
803378b0	802d0120
803378b0	802ccda8
803378b0	802f78a4
803378b0	802f7a24
803378b0	80337bb0
803378b0	802e1124
803378b0	802e19a4
803378b0	802e1bc4
80337a00	80035688
80337a00	8032c608
80337a00	8032dc20
80337a00	802d0120
80337a00	802ee8d0
80337a00	803c8b70
80337a00	803b224c
80337a00	803b21bc
80337a00	802ee888
80337a00	803afe18
80337a00	803b1d84
80337a00	803e2240
80337a00	80337bb0
80337a00	803d5ae0
80337a00	800356d4
80337b50	80337bb0
80337b50	802d0120
80337bdc	802d0120
80337bdc	802ee84c
80337bdc	80337c60
80337c60	80035688
80337c60	802d0120
80337c60	802ee84c
80337c60	802ee8c8
80337c60	800356d4
80337d14	802ccd8c
80337d14	802629ac
80337d80	802cc5d4
80337de0	802cc660
80337e38	80319688
80337e60	80035680
80337e60	80319688
80337e60	803d5894
80337e60	803384d0
80337e60	803385d8
80337e60	80338988
80337e60	803386dc
80337e60	80338314
80337e60	80338bd4
80337e60	800356cc
80338330	802cc5d4
80338378	802cc660
803383b4	80319688
803383dc	80319688
803383dc	803d5894
803383dc	803384d0
803383dc	80338bd4
803384d0	802cd250
80338518	802cd3a8
80338554	803385c4
8033857c	80342d9c
803385d8	802cd250
8033862c	802cd3a8
8033867c	803430a0
8033867c	8034302c
803386dc	802cd250
80338738	802cd3a8
803387b4	80342f24
803387b4	80342f7c
803387b4	80342d18
803387b4	80343114
803387b4	80343ee8
803387b4	80342ed0
803387b4	80342e60
80338988	802cd250
803389e8	802cd3a8
80338a24	802cc578
80338a98	80342f24
80338a98	80342f7c
80338a98	80342fd4
80338a98	80342ed0
80338bd4	802cd250
80338c1c	802cd3a8
80338c60	80342e08
80338d60	802ccd8c
80338d60	802cf544
80338d60	802cf2b8
80338de8	803bda3c
80338de8	803be704
80338edc	80035684
80338edc	803d7ac4
80338edc	802e3a28
80338edc	803be298
80338edc	803be34c
80338edc	800356d0
80338fb0	803bdbac
80338fb0	803be57c
80338fb0	803be594
80338fb0	802f0090
80338fb0	802e3a28
80339274	803f01c8
803392d0	803f0158
8033931c	80035674
8033931c	802e3a28
8033931c	802ecbd0
8033931c	8002451c
8033931c	802f78a4
8033931c	803bacf8
8033931c	803b7264
8033931c	803cfa08
8033931c	80341ecc
8033931c	803c4bf8
8033931c	803397f0
8033931c	803b9e04
8033931c	803d7ac4
8033931c	802f003c
8033931c	8041c8f8
8033931c	8041c82c
8033931c	803b9d6c
8033931c	803b9db8
8033931c	803b9e30
8033931c	803ba020
8033931c	803b7eb0
8033931c	8033a9d0
8033931c	803f00a0
8033931c	803f014c
8033931c	803e7408
8033931c	803e7398
8033931c	8033a7e4
8033931c	80319688
8033931c	800356c0
803397f0	8041c6c0
80339874	803b7f04
80339874	803c4c28
80339874	802f7a24
80339994	802f7a24
803399f4	80035688
803399f4	802ccd98
803399f4	802f003c
803399f4	802e3a28
803399f4	8041c8f8
803399f4	8041c82c
803399f4	803b9d6c
803399f4	803b9db8
803399f4	803b9e30
803399f4	800356d4
80339ae0	803b9af4
80339ae0	802ccd98
80339ae0	803b9e30
80339ae0	803ba014
80339ae0	803b9fa0
80339ae0	802e3a28
8033a01c	803b9af4
8033a01c	802ccd98
8033a01c	803d78b8
8033a01c	802e9308
8033a01c	803397f0
8033a01c	803bd794
8033a118	8003567c
8033a118	803f009c
8033a118	803eff58
8033a118	803f0098
8033a118	800356c8
8033a268	80035680
8033a268	8033a2d8
8033a268	800356cc
8033a2d8	80035670
8033a2d8	803ccc78
8033a2d8	803ccd20
8033a2d8	803ccfd0
8033a2d8	803ccf44
8033a2d8	803cd454
8033a2d8	803ca53c
8033a2d8	803ca4f0
8033a2d8	803cb930
8033a2d8	803cfa08
8033a2d8	803bd5d0
8033a2d8	803bd664
8033a2d8	8002451c
8033a2d8	802f0adc
8033a2d8	80410d74
8033a2d8	803e3440
8033a2d8	803e3260
8033a2d8	803cce94
8033a2d8	803ca3e8
8033a2d8	802ccd98
8033a2d8	802e927c
8033a2d8	803b70c4
8033a2d8	800356bc
8033a698	8003567c
8033a698	803bd5f4
8033a698	803cac4c
8033a698	803cad48
8033a698	803b7160
8033a698	800356c8
8033a7a0	8033a698
8033a7e4	802f0090
8033a7e4	802e3a28
8033a7e4	803b2178
8033a7e4	802ef650
8033a7e4	802cd4e8
8033a7e4	803b21bc
8033a7e4	802f00e4
8033a7e4	802f003c
8033a7e4	803d7ac4
8033a9d0	803ba7c4
8033aa38	803ba850
8033aa38	803cfa04
8033abf8	80035678
8033abf8	80339994
8033abf8	80319688
8033abf8	803465fc
8033abf8	80349b80
8033abf8	802f78a4
8033abf8	802f7a24
8033abf8	80349bd8
8033abf8	802e2108
8033abf8	802e1124
8033abf8	802e19a4
8033abf8	803439f4
8033abf8	80340d6c
8033abf8	80349488
8033abf8	80349b14
8033abf8	803494e0
8033abf8	803494b4
8033abf8	803494ec
8033abf8	8034bba0
8033abf8	8033c7b8
8033abf8	80339ad4
8033abf8	800356c4
8033b920	802e3a28
8033b9ac	803cfa04
8033b9f8	80035684
8033b9f8	803bacf8
8033b9f8	803b7264
8033b9f8	803b9e04
8033b9f8	803becd4
8033b9f8	803be57c
8033b9f8	803be594
8033b9f8	802f0090
8033b9f8	802e3a28
8033b9f8	802e3a38
8033b9f8	802f00e4
8033b9f8	802f003c
8033b9f8	803d7ac4
8033b9f8	8041c8f8
8033b9f8	8041c82c
8033b9f8	803b9d6c
8033b9f8	803ba0b4
8033b9f8	803ba020
8033b9f8	803b7eb0
8033b9f8	80319688
8033b9f8	8002451c
8033b9f8	802ccd98
8033b9f8	802f78a4
8033b9f8	800356d0
8033bd14	803b7f04
8033bd14	802f7a24
8033bd14	80319688
8033be08	802f7bf4
8033be8c	80319688
8033be8c	80349c10
8033be8c	8033bfbc
8033bf28	80319688
8033bf70	80319688
8033bfbc	80035688
8033bfbc	80319688
8033bfbc	8033c138
8033bfbc	80349b78
8033bfbc	80318da8
8033bfbc	8034998c
8033bfbc	80349bf8
8033bfbc	8034bb98
8033bfbc	80349b14
8033bfbc	802e1124
8033bfbc	802e19a4
8033bfbc	800356d4
8033c138	80035684
8033c138	80319688
8033c138	802f00e4
8033c138	802e3a28
8033c138	8033c558
8033c138	8033c5b0
8033c138	8041c004
8033c138	802ccd98
8033c138	802f0090
8033c138	802e3a38
8033c138	8033d970
8033c138	80349cac
8033c138	802f78a4
8033c138	802f7abc
8033c138	802e1124
8033c138	802e19a4
8033c138	800356d0
8033c620	8033c5d0
8033c65c	8032c608
8033c65c	8032e2f4
8033c68c	802e1124
8033c68c	802e19a4
8033c68c	802e1bc4
8033c7b8	80035688
8033c99c	80035688
8033c99c	80318d58
8033c99c	80318e1c
8033c99c	802e1124
8033c99c	802e19a4
8033c99c	802e1bc4
8033c99c	802e190c
8033c99c	80319688
8033c99c	8033be8c
8033c99c	8032c608
8033c99c	8032e2f4
8033c99c	8033c138
8033c99c	80349b78
8033c99c	80349c00
8033c99c	80349c08
8033c99c	8033d66c
8033c99c	803becd4
8033c99c	803be57c
8033c99c	803be594
8033c99c	802ccd98
8033c99c	802e3a28
8033c99c	802f00e4
8033c99c	802f003c
8033c99c	802f0090
8033c99c	8041c8f8
8033c99c	8041c82c
8033c99c	802e9560
8033c99c	8030b670
8033c99c	8033c5b0
8033c99c	8041c004
8033c99c	802cd4cc
8033c99c	802e3a38
8033c99c	803b9d6c
8033c99c	8033d758
8033c99c	802f7bf4
8033d4b0	8030b670
8033d4b0	803d78b8
8033d4b0	802e9308
8033d4b0	803bd794
8033d550	80035688
8033d550	80319688
8033d550	803b9af4
8033d550	802ccd98
8033d550	803d78b8
8033d550	802e9308
8033d550	802e9560
8033d550	800356d4
8033d758	80035688
8033d758	80319688
8033d758	80349c10
8033d758	8002eb98
8033d758	802ccd98
8033d758	8002451c
8033d758	802f7a24
8033d758	802f78a4
8033d758	802e1124
8033d758	802e190c
8033d758	802f7bf4
8033d970	80319688
8033d9ac	8033d9d8
8033d9ac	8033db60
8033d9d8	80035684
8033d9d8	803ccc78
8033d9d8	803ccd20
8033d9d8	803ccfd0
8033d9d8	803ccf44
8033d9d8	803cd454
8033d9d8	803ca53c
8033d9d8	803ca4f0
8033d9d8	803cb930
8033d9d8	803cfa08
8033d9d8	803bd5d0
8033d9d8	803bd664
8033d9d8	803cce94
8033d9d8	800356d0
8033db60	80035684
8033db60	803ccc08
8033db60	80319688
8033db60	803cce0c
8033db60	803ccd20
8033db60	803ccfd0
8033db60	803ccc78
8033db60	803ccf44
8033db60	803cd454
8033db60	803ca53c
8033db60	803ca4f0
8033db60	803cb930
8033db60	803cfa08
8033db60	803bd5d0
8033db60	803bd664
8033db60	802ccd98
8033db60	8033c558
8033db60	803b70c4
8033db60	803cce94
8033db60	800356d0
8033dd80	8033ddac
8033dd80	8033de18
8033ddac	803bd5f4
8033ddac	803cac4c
8033ddac	803cad48
8033de18	803bd5f4
8033de18	803cac4c
8033de18	803cad48
8033de18	803b7160
8033dea0	802ccd8c
8033dea0	802ccd98
8033df04	80035248
8033df58	80035340
8033df58	803cfa04
8033e00c	80035688
8033e00c	80339874
8033e00c	800356d4
8033e074	8003567c
8033e074	8033931c
8033e074	800356c8
8033e12c	80035684
8033e12c	80339874
8033e12c	800356d0
8033e1b4	80035678
8033e1b4	80339ae0
8033e1b4	80319688
8033e1b4	8034999c
8033e1b4	80339994
8033e1b4	8002f288
8033e1b4	802f00e4
8033e1b4	802f0090
8033e1b4	802e3a28
8033e1b4	802f003c
8033e1b4	803499f4
8033e1b4	803b2dd0
8033e1b4	803be57c
8033e1b4	803399f4
8033e1b4	80349a1c
8033e1b4	80349a28
8033e1b4	8034964c
8033e1b4	8032c608
8033e1b4	8032e2f4
8033e1b4	802e1124
8033e1b4	802e1bc4
8033e1b4	80349d44
8033e1b4	802e19a4
8033e1b4	80349bd8
8033e1b4	80339874
8033e1b4	800356c4
8033e638	80035688
8033e638	8033a01c
8033e638	8033a118
8033e638	800356d4
8033e764	803cfa04
8033e7ac	8003567c
8033e7ac	802e3a28
8033e7ac	803becd4
8033e7ac	80338edc
8033e7ac	802e9560
8033e7ac	8041c82c
8033e7ac	800356c8
8033e8f0	80035680
8033e8f0	80319688
8033e8f0	8034995c
8033e8f0	800356cc
8033e9bc	80035688
8033e9bc	80319688
8033e9bc	8034992c
8033e9bc	800356d4
8033eb90	80035688
8033eb90	803b2344
8033eb90	800356d4
8033ec28	8003565c
8033ec28	8033f19c
8033ec28	8033f160
8033ec28	80319688
8033ec28	8034995c
8033ec28	8033f330
8033ec28	8041c54c
8033ec28	8033f240
8033ec28	8041c6c0
8033ec28	80349838
8033ec28	800356a8
8033f19c	802f2120
8033f240	80035688
8033f240	802f2120
8033f240	8041c54c
8033f240	800356d4
8033f39c	80035248
8033f3f4	80035340
8033f3f4	803cfa04
8033f468	80319688
8033f468	8033f510
8033f468	8033fa90
8033f468	803cce94
8033f518	80035688
8033f518	8033e8e4
8033f518	80318d08
8033f518	800356d4
8033f5a8	8033e8f0
8033f630	80035688
8033f630	80319688
8033f630	80349218
8033f630	8033ec28
8033f630	8033eb90
8033f630	80340164
8033f630	80349994
8033f630	803becd4
8033f630	803be1b8
8033f630	803be5f4
8033f630	803be660
8033f630	803be1dc
8033f630	80349698
8033f630	803492dc
8033f630	8034918c
8033f630	8033ff5c
8033f630	800356d4
8033f968	80035684
8033f968	8033f198
8033f968	800356d0
8033f9d4	80035680
8033f9d4	8033e7ac
8033f9d4	800356cc
8033fa90	8003564c
8033fa90	802f45f4
8033fa90	802d3704
8033fa90	802f47e8
8033fa90	803cd454
8033fa90	802f4634
8033fa90	802d37d4
8033fa90	802f4900
8033fa90	8002451c
8033fa90	802f47ec
8033fa90	802f52f0
8033fa90	802f4cf4
8033fa90	802f4fe8
8033fa90	8033f9d4
8033fa90	802f51f4
8033fa90	802f4df0
8033fa90	8033eb80
8033fa90	802f5de8
8033fa90	802f5938
8033fa90	802f2120
8033fa90	80025e58
8033fa90	8002672c
8033fa90	80034f44
8033fa90	8033eae0
8033fa90	802f57f8
8033fa90	80319688
8033fa90	8033e9bc
8033fa90	80035698
8033ff5c	80035678
8033ff5c	80319688
8033ff5c	80349a30
8033ff5c	80349ab0
8033ff5c	80319024
8033ff5c	802e1124
8033ff5c	802e190c
8033ff5c	80349b70
8033ff5c	80318d08
8033ff5c	800356c4
80340164	80318d08
803401d8	803f01c8
80340240	803f0158
80340240	803cfa04
803402a8	803f00a0
803402a8	803f014c
803402a8	803e7408
803402a8	803e7398
803402a8	803e741c
803402a8	803e718c
803402a8	802e3a28
803402a8	80340364
803403a0	80340364
80340454	80035684
80340454	803f009c
80340454	80319688
80340454	803d7ac4
80340454	803b2144
80340454	803b21bc
80340454	80340780
80340454	802f003c
80340454	802e3a28
80340454	802f00e4
80340454	803eff58
80340454	803f0098
80340454	800356d0
803407e0	80035248
80340834	80035340
80340834	803cfa04
803408dc	80035688
803408dc	8034037c
803408dc	800356d4
80340940	80035688
80340940	803402a8
80340940	800356d4
803409fc	80340a34
803409fc	803403a0
80340a7c	80035684
80340a7c	803403e0
80340a7c	8034037c
80340a7c	800356d0
80340b24	80035688
80340b24	80340454
80340b24	800356d4
80340bac	80340cf0
80340bac	803cfa04
80340c18	80035688
80340c18	803bacf8
80340c18	803b7264
80340c18	803b9db8
80340c18	803b9e04
80340c18	803b7eb0
80340c18	800356d4
80340cf0	803b7f04
80340d6c	80035688
80340d6c	80319688
80340d6c	80349a1c
80340d6c	80349a28
80340d6c	802e1124
80340d6c	802e190c
80340d6c	802e1bc4
80340d6c	800356d4
80340e68	803b9af4
80340e68	802ccd98
80340e68	803d78b8
803411d8	80035664
803411d8	803ccc78
803411d8	803ccd20
803411d8	803ccfd0
803411d8	803ccf44
803411d8	803cd454
803411d8	803ca53c
803411d8	803ca4f0
803411d8	803cb930
803411d8	803cfa08
803411d8	803bd5d0
803411d8	803bd664
803411d8	802ccd98
803411d8	803b70c4
803411d8	803cce94
803411d8	800356b0
8034145c	80035678
8034145c	803bd5f4
8034145c	803cac4c
8034145c	803cad48
8034145c	803b7160
8034145c	800356c4
80341524	80035248
80341574	80035340
80341574	803cfa04
803415e0	80035688
803415e0	8033f510
803415e0	803cd454
803415e0	8002451c
803415e0	803cce94
803415e0	803ccc78
803415e0	803ccfd0
803415e0	803ca620
803415e0	803417b8
803415e0	803cb02c
803415e0	800356d4
80341750	80035688
80341750	80340cf0
80341750	800356d4
803417b8	8003567c
803417b8	80340c18
803417b8	800356c8
803418f4	80035684
803418f4	80340e44
803418f4	80340cf0
803418f4	800356d0
8034199c	80035688
8034199c	80340e68
8034199c	800356d4
80341a24	803cfa04
80341a6c	803bacf8
80341a6c	802ccd98
80341ae4	802ccd98
80341ae4	803d78b8
80341ae4	803bd794
80341b54	80035684
80341b54	803ccc78
80341b54	8033f510
80341b54	803ccf44
80341b54	803cce94
80341b54	803ccfd0
80341b54	803ccd20
80341b54	803cd454
80341b54	803ca53c
80341b54	803ca4f0
80341b54	803cb930
80341b54	803cfa08
80341b54	803bd5d0
80341b54	803bd664
80341b54	802ccd98
80341b54	803b70c4
80341b54	800356d0
80341e20	803bd5f4
80341e20	803cac4c
80341e20	803cad48
80341e20	803b7160
80341ee8	803bf490
80341ee8	803cfa04
80341f6c	803c200c
80342034	803c202c
80342034	803cf6a0
8034209c	80035678
8034209c	803c4f4c
8034209c	803eb5e0
8034209c	803e5890
8034209c	803bd794
8034209c	800356c4
80342218	80035684
80342218	80319688
80342218	802f00e4
80342218	802f003c
80342218	802e3a28
80342218	800356d0
8034235c	80342218
8034235c	802e3a28
8034235c	802cd4cc
8034235c	8002f288
80342864	80342180
803428b4	80035680
803428b4	803421c8
803428b4	802e3a28
803428b4	80319688
803428b4	80349c6c
803428b4	800356cc
80342950	80342c6c
80342950	803429bc
80342950	80319688
80342950	80349c6c
80342950	80342204
803429dc	80035684
803429dc	802cd4cc
803429dc	80319688
803429dc	803429bc
803429dc	803b2344
803429dc	80344bbc
803429dc	80344dd0
803429dc	803becd4
803429dc	803be57c
803429dc	802f0090
803429dc	802e3a28
803429dc	803b220c
803429dc	803b21bc
803429dc	80344930
803429dc	8002eb98
803429dc	803c8080
803429dc	800356d0
80342c6c	80344a1c
80342c6c	803c80b0
80342c6c	80319688
80342c6c	80349620
80342c6c	802ec78c
80342c6c	802f7a24
80342d18	803431b0
80342d18	80343678
80342d18	803429bc
80342d18	802e2108
80342d18	802e1124
80342d18	802e19a4
80342d9c	80343678
80342d9c	803429bc
80342d9c	80319688
80342d9c	80349c84
80342e08	8034235c
80342e08	80343678
80342e60	80343678
80342e60	803429bc
80342e60	80319688
80342e60	80349c84
80342ed0	803431d0
80342ed0	80344478
80342f24	8034235c
80342f24	80343678
80342f7c	8034235c
80342f7c	80343678
80342fd4	8034235c
80342fd4	80343678
8034302c	803431f0
8034302c	80343678
8034302c	802e1124
8034302c	802e19fc
803430a0	803431f0
803430a0	80343678
803430a0	802e1124
803430a0	802e19fc
80343114	80343190
80343214	80343190
8034328c	80343190
8034328c	80319688
8034328c	80349424
80343318	80343190
80343318	80343678
80343318	803b2344
80343318	80319688
80343318	80349424
803433fc	8034235c
803433fc	80319688
803433fc	803492e4
803433fc	803493a8
803433fc	80344478
803433fc	80349424
803433fc	80343190
803433fc	802e1124
803433fc	802e1a54
803433fc	80342e60
803435f0	80344dd0
803435f0	80343678
803435f0	803b2344
80343678	80035680
80343678	803429bc
80343678	802e2108
80343678	802e1124
80343678	802e19a4
80343678	80344fc4
80343678	8034235c
80343678	8041c54c
80343678	803c8b78
80343678	800356cc
803439f4	8003567c
803439f4	803429bc
803439f4	80319688
803439f4	803b2344
803439f4	802e2108
803439f4	802e1124
803439f4	802e19a4
803439f4	8034bba8
803439f4	80349b14
803439f4	802ccd98
803439f4	803494ec
803439f4	80343678
803439f4	80349be0
803439f4	802e19fc
803439f4	80342e60
803439f4	802f78a4
803439f4	802f7a24
803439f4	802e190c
803439f4	800356c8
80343ef4	80035680
80343ef4	803429dc
80343ef4	802e3a28
80343ef4	80342e60
80343ef4	803426a0
80343ef4	803c8d14
80343ef4	80334770
80343ef4	802e927c
80343ef4	802e9308
80343ef4	80344260
80343ef4	8041c004
80343ef4	802ccd98
80343ef4	803b9db8
80343ef4	80345060
80343ef4	802f7bf4
80343ef4	802f6c34
80343ef4	80343214
80343ef4	803433fc
80343ef4	8034328c
80343ef4	80343318
80343ef4	803435f0
80343ef4	800356cc
80344274	803c8d14
80344274	802e9308
803442d0	80035684
803442d0	80344274
803442d0	803d78b8
803442d0	802e9308
803442d0	80344454
803442d0	803bd794
803442d0	803429bc
803442d0	800356d0
80344478	80035680
80344478	80319688
80344478	803496d4
80344478	803429bc
80344478	80349618
80344478	8041c54c
80344478	803becd4
80344478	802ccd98
80344478	803b2144
80344478	803b21bc
80344478	802f00e4
80344478	802f003c
80344478	802e3a28
80344478	80344274
80344478	802e954c
80344478	8041c004
80344478	802f0090
80344478	8002f288
80344478	80349cac
80344478	802e2108
80344478	802e1124
80344478	802e19a4
80344478	800356cc
803448c0	802f45e4
803448c0	802ec308
80344930	80344ab4
80344a1c	8003567c
80344a1c	803b7f04
80344a1c	800356c8
80344ab4	80035684
80344ab4	803bacf8
80344ab4	803b7368
80344ab4	803b9e04
80344ab4	803b7eb0
80344ab4	800356d0
80344bbc	803448c0
80344bbc	80319688
80344bbc	80349c18
80344bbc	802ec308
80344dd0	80035684
80344dd0	803d5894
80344dd0	80338330
80344dd0	802cd048
80344dd0	802e7910
80344dd0	80344f60
80344dd0	80337e1c
80344dd0	800356d0
80344f60	80035688
80344f60	803d5894
80344f60	80337d80
80344f60	802cd048
80344f60	800356d4
80344fc4	803b2344
80344fc4	802e2108
80344fc4	802e1124
80344fc4	802e19a4
80345060	803c8d14
80345060	80334770
80345060	802e927c
80345060	802e9308
80345060	80344260
80345060	8041c004
80345060	802ccd98
80345168	80035684
80345168	803ccc78
80345168	803ccd20
80345168	803ccfd0
80345168	803ccf44
80345168	803cd454
80345168	803ca53c
80345168	803ca4f0
80345168	803cb930
80345168	803cfa08
80345168	803bd5d0
80345168	803bd664
80345168	803cce94
80345168	800356d0
803452f8	803bd5f4
803452f8	803cac4c
803452f8	803cad48
80345370	803cd38c
80345370	8034235c
80345370	802edea4
80345440	802ccd8c
80345440	802ccd98
803454dc	803d56c8
80345534	803d56f4
80345534	803cfa04
80345594	803d5760
80345594	80345ea8
80345634	80345a00
80345634	803d5830
80345670	80035674
80345670	80345e68
80345670	803d5894
80345670	80342864
80345670	803428b4
80345670	80346174
80345670	8030b670
80345670	803461b0
80345670	800356c0
80345a00	80035680
80345a00	803421ac
80345a00	803d58f4
80345a00	800356cc
80345ab8	80345e68
80345cb8	80035680
80345cb8	803421ac
80345cb8	803d58f4
80345cb8	800356cc
80345df4	80035688
80345df4	800356d4
80345ea8	80035670
80345ea8	802f45f4
80345ea8	802d3704
80345ea8	802f47e8
80345ea8	802f4634
80345ea8	802f4cf4
80345ea8	802f2120
80345ea8	8034bb88
80345ea8	802f4a54
80345ea8	80034f44
80345ea8	802f52f0
80345ea8	802f50e4
80345ea8	802f51f4
80345ea8	802d37d4
80345ea8	802f4900
80345ea8	800356bc
80346114	8034740c
80346114	80345168
80346138	80347740
80346138	803452f8
80346174	80342180
803461b0	80035680
803461b0	803421c8
803461b0	802cd4cc
803461b0	802e9560
803461b0	800356cc
80346224	80346528
80346224	80342204
8034626c	80035688
8034626c	802cd4cc
8034626c	8034235c
8034626c	8041c54c
8034626c	803bacf8
8034626c	803b7264
8034626c	803b9d6c
8034626c	803b9db8
8034626c	803b9e04
8034626c	803b7eb0
8034626c	803cfa08
8034626c	80341ecc
8034626c	803c4bf8
8034626c	802e9560
8034626c	802e2108
8034626c	802e1124
8034626c	802e19a4
8034626c	800356d4
80346528	802e1124
80346528	802e1a54
80346528	803b7f04
80346528	803c4c28
803465fc	80035688
803465fc	80319688
803465fc	8034235c
803465fc	80349b14
803465fc	80349bf0
803465fc	802ccd98
803465fc	803494ec
803465fc	80349be8
803465fc	802e1124
803465fc	802e1a54
803465fc	800356d4
803467ec	80035684
803467ec	8034626c
803467ec	802ccd98
803467ec	802e927c
803467ec	803b9af4
803467ec	802e9308
803467ec	803b9ba8
803467ec	802f78a4
803467ec	802f7a24
803467ec	802e1124
803467ec	802e190c
8034725c	8041c400
8034725c	802e927c
803472e4	803b9af4
803472e4	802ccd98
803472e4	803d78b8
803472e4	802e9308
803472e4	802e9560
803472e4	803bd794
8034740c	80035664
8034740c	803ccc78
8034740c	803ccd20
8034740c	803ccfd0
8034740c	803ccf44
8034740c	803cd454
8034740c	803ca53c
8034740c	803ca4f0
8034740c	803cb930
8034740c	803cfa08
8034740c	803bd5d0
8034740c	803bd664
8034740c	803ca3e8
8034740c	802ccd98
8034740c	802e927c
8034740c	803b70c4
8034740c	803cce94
8034740c	800356b0
80347740	80035670
80347740	803bd5f4
80347740	803cac4c
80347740	803cad48
80347740	803b7160
80347740	800356bc
80347844	803cfa04
8034788c	80319688
80347988	80319688
803479c4	80319688
80347a80	802e954c
80347b54	80035688
80347b54	80319688
80347b54	800356d4
80347c00	80035684
80347c00	80319688
80347c00	800356d0
80347da8	803ab294
80347da8	803ccc08
80347e90	803cce94
80347e90	803ab388
80347e90	803cfa04
80347f00	80035684
80347f00	803b40c0
80347f00	803ad790
80347f00	8041b590
80347f00	803bf054
80347f00	803ab430
80347f00	8034bde4
80347f00	803cce0c
80347f00	803abefc
80347f00	803dfee4
80347f00	803dff7c
80347f00	803487a8
80347f00	80348920
80347f00	8034bbb0
80347f00	8034bd6c
80347f00	803cf6a8
80347f00	80341f6c
80347f00	8033d9ac
80347f00	803cfa08
80347f00	8033b920
80347f00	8033b9f8
80347f00	8033e6c0
80347f00	8033df04
80347f00	8033dfc8
80347f00	80341b54
80347f00	80341a18
80347f00	80341a6c
80347f00	80347838
80347f00	8034788c
80347f00	80346114
80347f00	803454dc
80347f00	80345594
80347f00	8033f39c
80347f00	8033f468
80347f00	803419f8
80347f00	80341524
80347f00	803415e0
80347f00	803407e0
80347f00	803408a0
80347f00	803becd4
80347f00	8033f620
80347f00	802ccd98
80347f00	803be5f4
80347f00	803be660
80347f00	803be704
80347f00	802e3a28
80347f00	8002eb98
80347f00	802d0120
80347f00	802e9800
80347f00	802e1124
80347f00	802e15e0
80347f00	802e1fd0
80347f00	80256d20
80347f00	80256e4c
80347f00	8034a738
80347f00	803ab580
80347f00	8041b650
80347f00	803b40b0
80347f00	800356d0
8034849c	80035680
8034849c	80256d20
8034849c	80256e0c
8034849c	8033bd14
8034849c	8033b9ac
8034849c	8033dd80
8034849c	8033e00c
8034849c	8033df58
8034849c	8033e6c4
8034849c	80341750
8034849c	80341574
8034849c	803419fc
8034849c	80341ad4
8034849c	80341a24
8034849c	80341e20
8034849c	8033f518
8034849c	8033f3f4
8034849c	803408dc
8034849c	80340834
8034849c	80345634
8034849c	80345534
8034849c	80346138
8034849c	8034797c
8034849c	80347844
8034849c	803c4aac
8034849c	80317878
8034849c	803176fc
8034849c	80324388
8034849c	8032713c
8034849c	803ab524
8034849c	802e1124
8034849c	802e2080
8034849c	802e2010
8034849c	802e1a94
8034849c	802e1a54
8034849c	802e162c
8034849c	803c4be0
8034849c	803beaec
8034849c	803e008c
8034849c	803dfde8
8034849c	802d0120
8034849c	802e9800
8034849c	803abf0c
8034849c	800356cc
803487a8	803c4be8
803487a8	803c4db0
803487a8	803c4aac
803488dc	80324388
803488dc	80317878
803488dc	803176ec
803488dc	803270e8
80348920	803b189c
803489bc	80035684
803489bc	80319008
803489bc	8034a86c
803489bc	8034a8c4
803489bc	8034a9f4
803489bc	8034adf8
803489bc	8034aee8
803489bc	8034afd8
803489bc	8034b074
803489bc	8034b3d0
803489bc	803ab4f0
803489bc	8034a640
803489bc	800356d0
80348b64	80035688
80348b64	80341ae4
80348b64	8034199c
80348b64	80345df4
80348b64	8033f968
80348b64	80340b24
80348b64	8033d4b0
80348b64	8033e638
80348b64	8033d550
80348b64	800356d4
80348c84	80035680
80348c84	8033bd14
80348c84	8033b9ac
80348c84	8033e00c
80348c84	8033df58
80348c84	80341750
80348c84	80341574
80348c84	8033f518
80348c84	8033f3f4
80348c84	803408dc
80348c84	80340834
80348c84	80345634
80348c84	80345534
80348c84	8034797c
80348c84	80347844
80348c84	803becd4
80348c84	8034bde4
80348c84	80348920
80348c84	803cfa08
80348c84	8033b920
80348c84	8033b9f8
80348c84	8033df04
80348c84	8033dfc8
80348c84	80347838
80348c84	8034788c
80348c84	803454dc
80348c84	80345594
80348c84	8033f39c
80348c84	8033f468
80348c84	80341524
80348c84	803415e0
80348c84	803407e0
80348c84	803408a0
80348c84	803be28c
80348c84	8033f620
80348c84	802ccd98
80348c84	803be5f4
80348c84	803be660
80348c84	803be704
80348c84	802e3a28
80348c84	8002eb98
80348c84	803488dc
80348c84	8034b7f4
80348c84	800356cc
8034918c	80035688
8034918c	8033c760
8034918c	80318e90
8034918c	80318ee0
8034918c	80318f80
8034918c	800356d4
80349218	80035688
80349218	8033f60c
80349218	8033c78c
80349218	80318e90
80349218	802e1124
80349218	802e190c
80349218	800356d4
803492e4	80340940
803492e4	802e1124
803492e4	802e2040
803492e4	80318ee0
803492e4	802e190c
803493a8	80340a34
803493a8	8034038c
80349424	803409fc
80349424	802e1124
80349424	802e2080
803494ec	803becd4
803494ec	803be57c
803494ec	802f0090
803494ec	802e3a28
803494ec	802e3a38
803494ec	802f00e4
803494ec	802f003c
803494ec	802f78a4
803494ec	802f7bf4
803494ec	802f6c00
803494ec	802f7a24
8034964c	803becd4
8034964c	803be560
80349698	803becd4
80349698	80339238
803496d4	80035688
803496d4	8041c54c
803496d4	802f00e4
803496d4	802f003c
803496d4	802e3a28
803496d4	800356d4
80349838	80035684
80349838	8041c6c0
80349838	80345670
80349838	800356d0
8034992c	80345ab8
8034995c	80345b2c
8034999c	80347a80
80349a30	80347988
80349a30	803479c4
80349ab0	80035688
80349ab0	8033c620
80349ab0	800356d4
80349b14	80035688
80349b14	80347b00
80349b14	80318c44
80349b14	800356d4
80349b80	80347b54
80349cac	8003567c
80349cac	8033e074
80349cac	800356c8
80349d44	802d0120
80349d44	802f472c
80349d44	802f4cf4
80349d44	802f4900
80349e04	80319008
80349e04	803becd4
80349e04	803abc30
80349e7c	803179dc
80349e7c	803abc7c
80349efc	80318fec
80349f60	80035674
80349f60	8032c608
80349f60	803c4a9c
80349f60	8032dd24
80349f60	8033be08
80349f60	802e3a38
80349f60	802f00e4
80349f60	803be57c
80349f60	802f003c
80349f60	802e3a28
80349f60	8032d9b0
80349f60	8033c5d0
80349f60	8033c68c
80349f60	8033c71c
80349f60	803492e4
80349f60	80349424
80349f60	803b8338
8034a55c	80035684
8034a55c	8032c608
8034a55c	8032d9b0
8034a55c	803abac4
8034a55c	803becd4
8034a55c	80318fec
8034a55c	800356d0
8034a640	802e3a28
8034a640	803becd4
8034a640	803be57c
8034a640	802f00e4
8034a640	802f0090
8034a738	803c4f6c
8034a738	803be57c
8034a738	802f00e4
8034a738	802f0090
8034a738	802e3a28
8034a738	803c5594
8034a86c	803ab684
8034a86c	803488dc
8034a8c4	803179c0
8034a8c4	803187c0
8034a8c4	80318774
8034a8c4	803186bc
8034a8c4	8034b40c
8034a8c4	8034a55c
8034a9f4	80035684
8034a9f4	80349f60
8034a9f4	8033c99c
8034a9f4	8033e1b4
8034a9f4	80341ae0
8034a9f4	803418f4
8034a9f4	8033f630
8034a9f4	80340a7c
8034a9f4	80345cb8
8034a9f4	803be57c
8034a9f4	803be594
8034a9f4	802f0090
8034a9f4	802e3a28
8034a9f4	802f00e4
8034a9f4	80347a44
8034a9f4	80347cfc
8034a9f4	8033f5a8
8034a9f4	8002eb98
8034a9f4	8034b40c
8034a9f4	80318ee0
8034a9f4	80318e90
8034a9f4	8034a738
8034a9f4	8034ba9c
8034a9f4	80347b44
8034a9f4	80347bf0
8034a9f4	80347d70
8034a9f4	80318e1c
8034a9f4	80318f30
8034a9f4	80318f80
8034a9f4	800356d0
8034adf8	80035684
8034adf8	8033c99c
8034adf8	8033e1b4
8034adf8	80341ae0
8034adf8	803418f4
8034adf8	8033f630
8034adf8	80340a7c
8034adf8	80345cb8
8034adf8	80347cfc
8034adf8	80349f60
8034adf8	800356d0
8034aee8	80035684
8034aee8	8033c99c
8034aee8	8033e1b4
8034aee8	80341ae0
8034aee8	803418f4
8034aee8	8033f630
8034aee8	80340a7c
8034aee8	80345cb8
8034aee8	80347cfc
8034aee8	80349f60
8034aee8	800356d0
8034afd8	803aba70
8034afd8	803e01b8
8034b074	8003567c
8034b074	80347b20
8034b074	80317b24
8034b074	80317a94
8034b074	80317878
8034b074	803176fc
8034b074	80324388
8034b074	8032713c
8034b074	8041afe4
8034b074	80347d80
8034b074	80347bf0
8034b074	80347d60
8034b074	803abca0
8034b074	803ab6fc
8034b074	802e1124
8034b074	802e1a94
8034b074	800356c8
8034b3d0	803e0238
8034b40c	80035680
8034b40c	80347b20
8034b40c	80347988
8034b40c	80318b44
8034b40c	80318f30
8034b40c	802e1124
8034b40c	802e190c
8034b40c	802e1bc4
8034b7f4	80318e1c
8034b7f4	80318d58
8034b7f4	80318b44
8034b7f4	80318e90
8034b7f4	80318ee0
8034b7f4	80318f30
8034b7f4	80318f80
8034b7f4	80317ca8
8034b8ac	80035684
8034b8ac	802f45e4
8034b8ac	802f4794
8034b8ac	802f4df0
8034b8ac	802f4cf4
8034b8ac	802f4900
8034b8ac	800356d0
8034b978	80035688
8034b978	80347b20
8034b978	80347988
8034b978	800356d4
8034ba9c	80035688
8034ba9c	8033f5a8
8034bbb0	8003567c
8034bbb0	802f46bc
8034bbb0	802f5de8
8034bbb0	802f5a7c
8034bbb0	802f4fe8
8034bbb0	802f4900
8034bbb0	800356c8
8034bd6c	80035688
8034bd6c	803cd454
8034bd6c	802f46bc
8034bd6c	802f4cf4
8034bd6c	802f4900
8034bd6c	800356d4
8034bee0	802ccd8c
8034bee0	802629ac
8034bf4c	802cc5d4
8034bf4c	8034cd94
8034c000	802cc660
8034c03c	80035684
8034c03c	80319ab0
8034c03c	8035be04
8034c03c	802f46bc
8034c03c	802f50e4
8034c03c	802f4df0
8034c03c	802f4eec
8034c03c	802f4900
8034c03c	800356d0
8034c2b4	80035660
8034c2b4	80319ab0
8034c2b4	8035c088
8034c2b4	8035bc74
8034c2b4	8034cc6c
8034c2b4	8034cbd8
8034c2b4	8034cd00
8034c2b4	8034ca70
8034c2b4	802cc578
8034c2b4	8035bc34
8034c2b4	8034cb0c
8034c2b4	80351324
8034c2b4	8034c70c
8034c75c	80035674
8034c75c	80319ab0
8034c75c	8034f4d8
8034ca70	80035688
8034ca70	8035139c
8034ca70	80351388
8034ca70	802cc578
8034ca70	800356d4
8034cb0c	80319ab0
8034cb0c	80358af0
8034cb0c	80358b34
8034cb0c	8041c54c
8034cb0c	802cc578
8034cbd8	802cc578
8034cc6c	802cc578
8034cd00	802cc578
8034cd94	80035688
8034cd94	800356d4
8034ce68	802cd250
8034cec0	802cd3a8
8034cefc	80319ab0
8034cefc	8034d000
8034d020	80319ab0
8034d020	802cc578
8034d020	80351908
8034d020	8034d000
8034d020	80351834
8034d020	803513d0
8034d17c	802cd250
8034d1dc	802cd3a8
8034d218	80035684
8034d218	80319ab0
8034d218	802cc578
8034d218	8035bc84
8034d218	8035bc64
8034d218	8035bc54
8034d218	8035bc44
8034d218	8041c54c
8034d218	800356d0
8034d46c	80319ab0
8034d46c	80351348
8034d524	80319ab0
8034d524	8034d000
8034d524	80351750
8034d524	80351590
8034d524	80351348
8034d610	802cd250
8034d660	802cd3a8
8034d69c	80319ab0
8034d73c	80319ab0
8034d73c	803519b0
8034d7e4	802cd250
8034d830	802cd3a8
8034d86c	80319ab0
8034d86c	8034d000
8034d934	80319ab0
8034d934	80351908
8034d934	8034d000
8034d934	8041c54c
8034d934	80351834
8034da28	802cd250
8034da74	802cd3a8
8034dab0	8034db6c
8034dad8	8034db6c
8034dad8	8034dc00
8034dad8	803513d0
8034db6c	80319ab0
8034dc00	8003566c
8034dc00	8034db6c
8034dc00	80319ab0
8034dc00	80351324
8034dc00	8034c70c
8034dc00	802f0090
8034dc00	802e3a28
8034dc00	8034df50
8034dc00	802ce970
8034dc00	80358a64
8034dc00	8035726c
8034dc00	8034df3c
8034df50	802e3a28
8034df50	8034df3c
8034df50	8002f288
8034e184	802ccd8c
8034e184	802cf544
8034e184	802cf2b8
8034e200	802ccd98
8034e2a8	8034e5e8
8034e2a8	803cfa04
8034e2fc	80035684
8034e2fc	8034e5e8
8034e2fc	803ccc78
8034e2fc	803ccfd0
8034e2fc	803cd454
8034e2fc	803cb934
8034e2fc	803cb930
8034e2fc	803e3440
8034e2fc	803cfa08
8034e2fc	803bd5d0
8034e2fc	803bd664
8034e2fc	8034fc84
8034e2fc	803c4bf8
8034e2fc	802e9560
8034e2fc	802e3a28
8034e2fc	8034f7d4
8034e2fc	803b7264
8034e2fc	803b7eb0
8034e2fc	803b9db8
8034e2fc	803ba020
8034e2fc	803bad2c
8034e2fc	803b9e04
8034e2fc	8035604c
8034e2fc	80319ab0
8034e2fc	8035c098
8034e2fc	803cce94
8034e2fc	800356d0
8034e5e8	803b7f04
8034e5e8	803b761c
8034e5e8	803c4c28
8034e5e8	803bd5f4
8034e5e8	802f7a24
8034e734	80035680
8034e734	803b9db8
8034e734	8034f678
8034e734	803b9af4
8034e734	802e9560
8034e734	802e3a28
8034e734	80319ab0
8034e734	80356f94
8034e734	8034f58c
8034e734	803b9e94
8034e734	802ecbd0
8034e734	803b2178
8034e734	80351324
8034ed84	8034f7d4
8034ed84	803bd794
8034ee6c	802ccd98
8034ee6c	803b9e30
8034ee6c	803b9ee8
8034ee6c	803b7f04
8034ee6c	802f7a24
8034ee6c	803b7eb0
8034ef54	802e9560
8034ef54	802e3a28
8034efa4	802f7abc
8034f020	802f7a24
8034f020	8002451c
8034f020	802f78a4
8034f0b0	80035684
8034f0b0	8034ee6c
8034f0b0	80351324
8034f0b0	802e3a28
8034f0b0	80351330
8034f0b0	803b2144
8034f0b0	803b21bc
8034f0b0	803b2414
8034f0b0	8032eea4
8034f0b0	8034fb70
8034f0b0	802e7c9c
8034f0b0	8002f288
8034f0b0	8034f5f0
8034f0b0	802ccda8
8034f0b0	803b9e30
8034f0b0	802f7a24
8034f0b0	8002451c
8034f0b0	802f78a4
8034f0b0	800356d0
8034f368	80035688
8034f368	8034ee6c
8034f368	80351330
8034f368	803b2144
8034f368	803b21bc
8034f368	802e3a28
8034f368	8032eea4
8034f368	803b9e30
8034f368	802f7a24
8034f368	800356d4
8034f454	8034efa4
8034f454	8034ee6c
8034f454	8034faf0
8034f454	802f7a24
8034f4d8	803b9e94
8034f4d8	8002f288
8034f4d8	80351324
8034f4d8	802e7c9c
8034f58c	80351c78
8034f58c	80351ea0
8034f5f0	803b7f54
8034f678	80035664
8034f678	80319ab0
8034f678	80351324
8034f7d4	8041c6c0
8034f7d4	803d78b8
8034f7d4	802e9560
8034faf0	802e3a28
8034faf0	803b9db8
8034faf0	802ccd98
8034faf0	803b9e30
8034faf0	803b9ee8
8034fbc4	8034fc28
8034fbc4	803b70c4
8034fc28	803b7160
8034fca0	803bf490
8034fca0	803cfa04
8034fcf8	803e2c78
8034fd44	802ccd8c
8034fd44	802ccd98
8034fd90	803bda3c
8034fd90	803b2138
8034fd90	802ccd98
8034fd90	803be704
8034fd90	802e8134
8034fee0	80035688
803501dc	8041c6c0
803501dc	8041c82c
803501dc	80350290
803501dc	803502e4
80350290	802e3a28
80350290	8035041c
803502e4	802e3a28
803502e4	803504bc
80350398	8002f288
80350398	803b220c
8035041c	802e3a28
8035041c	80344260
8035041c	8041c004
8035041c	802ccd98
8035041c	803be660
803504bc	802e3a28
803504bc	80344260
803504bc	8041c004
803504bc	802ccd98
803504bc	803be5f4
80350708	803509b0
80350708	803cfa04
80350768	80035680
80350768	803509b0
80350768	802e9820
80350768	803cfa08
80350768	803d5894
80350768	8034bf4c
80350768	802cd048
80350768	8034c03c
80350768	802e7910
80350768	80355e84
80350768	803eff1c
80350768	803efde8
80350768	803efea0
80350768	803e7408
80350768	803e7398
80350768	803e718c
80350768	803c7214
80350768	803efde4
80350768	802f78a4
80350768	80350bd8
80350768	800356cc
803509b0	802f7a24
803509b0	80355708
803509b0	803efeac
803509b0	802e7910
803509b0	802edea4
803509b0	802eca4c
803509b0	802ecb5c
803509b0	803c8b78
80350b98	803cfa04
80350bd8	80035688
80350bd8	803554cc
80350bd8	80355500
80350bd8	8035552c
80350bd8	8035555c
80350bd8	803555c8
80350bd8	803555f8
80350bd8	80355628
80350bd8	80355694
80350bd8	80355708
80350bd8	803b2344
80350bd8	8035576c
80350bd8	803557b0
80350bd8	803511d0
80350bd8	80351048
80350bd8	803528f4
80350bd8	802f7bf4
80350bd8	802f6b34
80350bd8	802f7a24
80350bd8	800356d4
80350d3c	803528f4
80350d3c	80352c68
80350d3c	80353830
80350d3c	8035399c
80350d3c	80319ab0
80350d3c	80352708
80350d3c	803513d0
80350d3c	80353d74
80350d3c	8034ef54
80350d3c	802edea4
80350d3c	80352590
80350d3c	80353268
80350d3c	80352d74
80350d3c	80352f4c
80350d3c	803530bc
80350d3c	80353148
80350d3c	803534b0
80350d3c	8035352c
80350d3c	80353658
80350d3c	80353c30
80350d3c	80354360
80350d3c	802e2108
80350f4c	80355990
80350f4c	80355850
80350f4c	80354360
80350ff4	802e3a28
80350ff4	8035576c
80351048	802eca4c
80351048	80355708
80351048	802f7a24
80351048	8002451c
80351048	802f78a4
80351048	802f7bf4
80351048	802f6b34
80351048	803528f4
80351048	80319ab0
80351048	80355850
80351048	802e1124
80351048	802e190c
80351048	802e1bc4
803511d0	802ecb5c
803511d0	80355708
803511d0	802f7a24
803511d0	8002451c
803511d0	802f78a4
803511d0	802f7bf4
803511d0	802f6b34
803511d0	803528f4
803513d0	80035688
803513d0	80354320
803513d0	80353c54
803513d0	803b2144
803513d0	803b2178
803513d0	802ed6bc
803513d0	802ed6a8
803513d0	802ed614
803513d0	802ed600
803513d0	80351538
803513d0	800356d4
80351590	80035684
80351590	803541ac
80351590	8035552c
80351590	80355500
80351590	8035555c
80351590	803554cc
80351590	80354098
80351590	803513d0
80351590	80354360
80351590	802e1124
80351590	802e19a4
80351590	802e1bc4
80351590	80355de8
80351590	80355d64
80351590	800356d0
80351750	803541ac
80351750	8035552c
80351750	80355500
80351750	8035555c
80351750	803554cc
80351750	803513d0
80351750	80354360
80351750	802e1124
80351750	802e19a4
80351750	802e1bc4
80351750	80355d64
80351834	80354248
80351834	803554cc
80351834	80355500
80351834	803513d0
80351834	80354360
80351834	802e1124
80351834	802e19a4
80351834	80355d64
80351908	803542a8
80351908	803554cc
80351908	80355500
80351908	8035552c
80351908	803513d0
80351908	80354360
80351908	80355d64
803519b0	80035684
803519b0	80354320
803519b0	80355cf8
803519b0	802e1124
803519b0	802e19a4
803519b0	802e1bc4
803519b0	803555c8
803519b0	803b2344
803519b0	80319ab0
803519b0	80358a64
803519b0	803513d0
803519b0	80354360
803519b0	800356d0
80351b18	80035688
80351b18	8034efa4
80351b18	80354d80
80351b18	8035472c
80351b18	80355260
80351b18	80354e34
80351b18	80351d50
80351b18	80351da4
80351b18	80351df8
80351b18	80351e4c
80351b18	800356d4
80351c78	80035688
80351c78	80351fa0
80351c78	80319ab0
80351c78	8035bc64
80351c78	80357394
80351c78	8035bc44
80351c78	8035bc54
80351c78	800356d4
80351d50	80319ab0
80351d50	8035b45c
80351da4	80319ab0
80351da4	8035b474
80351df8	80319ab0
80351df8	8035b474
80351e4c	80319ab0
80351e4c	8035b48c
80351ea4	80319ab0
80351ea4	8035b4d4
80351ef8	80319ab0
80351ef8	8035b4ec
80351f4c	80319ab0
80351f4c	8035b4bc
80351fa0	80319ab0
80351fa0	8035b4a4
80351ff4	802edea4
80351ff4	802e1124
80351ff4	802e19a4
80352078	803b2144
80352078	803b21bc
80352078	802ccd98
80352078	803d78b8
80352078	803efea8
80352078	803efde0
80352078	802f00e4
80352078	802f0090
80352078	802f003c
80352078	802e3a28
80352078	803524a8
80352078	803efd14
80352078	803efddc
803524f0	80035688
803524f0	8034f368
803524f0	8035555c
803524f0	80354360
803524f0	800356d4
80352590	80035688
80352590	80319ab0
80352590	80350f4c
80352590	8035470c
80352590	80355990
80352590	80355850
80352590	8032c608
80352590	8032d9b0
80352590	802e1124
80352590	802e190c
80352590	802e19a4
80352590	802e1bc4
80352590	800356d4
80352708	80035684
80352708	8032c608
80352708	8032d9b0
80352708	8032d9c0
80352708	8032db6c
803528f4	80035688
803528f4	8002451c
803528f4	803c7214
803528f4	803efde4
803528f4	802f7bf4
803528f4	802f6b34
803528f4	802f6b88
803528f4	802f6c34
803528f4	8034f020
803528f4	802f78a4
803528f4	802f7a24
803528f4	800356d4
80352c68	802edea4
80352c68	80355850
80352c68	802f7bf4
80352c68	802f6b34
80352c68	802f6c34
80352d74	80319ab0
80352d74	80358070
80352d74	8034f0b0
80352d74	8035461c
80352d74	803554cc
80352f4c	80355cf8
80352f4c	80354640
80352f4c	80355500
80352f4c	803b2144
80352f4c	802ed6bc
80352f4c	802ed6a8
80352f4c	802ed614
803530bc	80354664
803530bc	8035552c
80353148	803553e0
80353148	8033c558
80353148	8034ef54
80353148	80354efc
80353148	802e1124
80353148	802e19a4
80353148	8035468c
80353148	8035555c
80353268	80319ab0
80353268	80357090
80353268	803555c8
803534b0	803546e4
803534b0	803555f8
803534b0	80354cd0
8035352c	80035688
8035352c	80319ab0
8035352c	80356d18
8035352c	8035576c
8035352c	80356dc0
8035352c	803557b0
8035352c	802edea4
8035352c	800356d4
80353658	80319ab0
80353658	80358744
80353658	8035576c
80353658	803557b0
80353658	803585dc
80353658	802edea4
80353658	80355850
80353658	802f7bf4
80353658	802f6b34
80353658	802f6c34
80353830	80355708
8035399c	80035688
8035399c	802f7bf4
8035399c	8002451c
8035399c	802f78a4
8035399c	802f6b34
8035399c	802e1124
8035399c	802e1bc4
8035399c	802f6c34
8035399c	802f6c00
8035399c	802f7a24
8035399c	800356d4
80353c54	803b2144
80353c54	803b2178
80353c54	802ecc6c
80353d74	80035680
80353d74	803c8308
80353d74	803c82f8
80353d74	8030b670
80353d74	802ccd98
80353d74	8033c558
80353d74	800356cc
80354098	80319ab0
80354098	8035bc64
80354098	8035bc54
80354098	8035418c
80354098	8035bc44
803541ac	80354320
80354248	80354320
803542a8	80354320
80354360	803c8b78
80354360	803b2344
8035472c	80035688
8035472c	8035532c
8035472c	8035555c
8035472c	802f0090
8035472c	802e3a28
8035472c	80354880
8035472c	800356d4
80354880	80035684
80354880	803554cc
80354880	80355500
80354880	8035552c
80354880	8035555c
80354880	8034f368
80354880	80355c5c
80354880	80355cf8
80354880	80355d48
80354880	803559ec
80354880	802e1124
80354880	802e19a4
80354880	80319ab0
80354880	8041c54c
80354880	8034c70c
80354880	802e2108
80354880	802e1bc4
80354880	800356d0
80354cd0	802f7a24
80354cd0	802edea4
80354cd0	80319ab0
80354cd0	8035841c
80354d80	80035684
80354d80	80354320
80354d80	8034ee6c
80354d80	80355cf8
80354d80	8034f020
80354d80	800356d0
80354e34	80035684
80354e34	8034efa4
80354e34	80319ab0
80354e34	8035c088
80354e34	8035472c
80354e34	80355138
80354e34	80354efc
80354e34	80355064
80354e34	800356d0
80354efc	80035684
80354efc	8034ee6c
80354efc	8034f020
80354efc	802e1124
80354efc	802e19a4
80354efc	802e1bc4
80354efc	80355cf8
80354efc	802f0090
80354efc	802e3a28
80354efc	803559ec
80354efc	80319ab0
80354efc	80351f4c
80354efc	8035c080
80354efc	803584a8
80354efc	80355bc0
80354efc	800356d0
80355064	80035688
80355064	80351ef8
80355064	802e1124
80355064	802e19a4
80355064	80355d64
80355064	802e1bc4
80355064	80355cf8
80355064	802f0090
80355064	802e3a28
80355064	803559ec
80355064	800356d4
80355138	8035552c
80355138	8035555c
80355138	8034ee6c
80355138	803b2144
80355138	803b21bc
80355138	802e3a28
80355138	8032eea4
80355138	803513d0
80355138	80354360
80355138	802e1124
80355138	802e19a4
80355260	803b2344
8035532c	8034f5f0
8035532c	8034f368
803553e0	8034f5f0
8035555c	8035532c
80355628	802edea4
80355694	802edea4
80355708	802f7a24
8035576c	802e3a28
803557b0	803b224c
803557b0	803b21bc
803557b0	802e3a28
803557b0	803b2144
803557b0	802ed6a8
80355850	8002451c
80355850	802f78a4
803559ec	8002f288
803559ec	8032eea4
80355adc	803b2144
80355adc	803b21bc
80355adc	802f00e4
80355adc	802f0090
80355adc	802e3a28
80355adc	802ccd98
80355adc	802f003c
80355bc0	80355adc
80355bc0	802f78a4
80355bc0	802f7a24
80355bc0	802e1124
80355bc0	802e190c
80355c5c	80355adc
80355c5c	802f78a4
80355c5c	802f7a24
80355c5c	802e1124
80355c5c	802e190c
80355cf8	8032c608
80355cf8	8032e2f4
80355d64	803b2344
80355d64	802e1124
80355d64	802e19a4
80355de8	803b2344
80355de8	802e1124
80355de8	802e19a4
80355e84	803b5c00
80355ee0	803b5c80
80355ee0	803cfa04
80355f3c	80356010
80355f3c	80351b18
80355f7c	80356010
8035604c	803ba7c4
803560b4	803ba850
803560b4	803cfa04
8035610c	80356464
803561b0	8034f58c
803561b0	8034efa4
80356540	803566bc
80356540	803cfa04
803565a0	80035688
803565a0	803566bc
803565a0	803b70c4
803565a0	8041c6c0
803565a0	8041c82c
803565a0	800356d4
803566bc	803b7160
8035674c	80344260
8035674c	8041c004
8035674c	802ccd98
803568a4	80035684
803568a4	803b2394
803568a4	80344260
803568a4	8041c004
803568a4	802ccd98
803568a4	800356d0
803569d4	80344260
803569d4	8041c004
803569d4	802ccd98
803569d4	803b2178
80356a88	80035684
80356a88	8034f670
80356a88	80356bd8
80356a88	80344260
80356a88	8041c004
80356a88	802ccd98
80356a88	800356d0
80356bfc	80035684
80356bfc	803b2394
80356bfc	80344260
80356bfc	8041c004
80356bfc	802ccd98
80356bfc	800356d0
80356d18	80344260
80356d18	8041c004
80356d18	802ccd98
80356dc0	80344260
80356dc0	8041c004
80356dc0	802ccd98
80356dc0	803b2178
80356e44	80344260
80356e44	8041c004
80356e44	8034f670
80356ef4	80344260
80356ef4	8041c004
80356f94	80344260
80356f94	8041c004
80356f94	80351324
80356f94	8034f670
80356f94	8035133c
80357090	80035688
80357090	80344260
80357090	8041c004
80357090	800356d4
80357180	80035684
80357180	80344260
80357180	8041c004
80357180	802ccd98
80357180	800356d0
8035726c	80035684
8035726c	80357090
8035726c	80357180
8035726c	800356d0
80357314	80344260
80357314	8041c004
80357394	802e1124
80357394	802e190c
80357434	80035674
80357434	803ab294
80357434	803cfa08
80357434	8034e200
80357434	80356514
80357434	80350598
80357434	802e3a28
80357434	803cf6d0
80357434	803c7054
80357434	800356c0
803576bc	80035670
803576bc	8034e2a8
803576bc	803c7060
803576bc	803ab388
803576bc	803cfa04
803576bc	800356bc
803577f4	80035684
803577f4	803b40c0
803577f4	803ad790
803577f4	8041b590
803577f4	803bf054
803577f4	8035b418
803577f4	8035b9f0
803577f4	803abefc
803577f4	803ab430
803577f4	8035055c
803577f4	8041c004
803577f4	802e3a28
803577f4	803d7414
803577f4	803565a0
803577f4	8035c0a0
803577f4	803cb218
803577f4	8034fbc4
803577f4	80356a88
803577f4	802e927c
803577f4	8034e2fc
803577f4	803ccc78
803577f4	803c70a8
803577f4	8035a068
803577f4	8035bc94
803577f4	8032c608
803577f4	8032dc38
803577f4	8035bb9c
803577f4	8035ac20
803577f4	8035ad50
803577f4	8035b24c
803577f4	802e1124
803577f4	802e15e0
803577f4	802e1fd0
803577f4	802e1678
803577f4	803ab580
803577f4	8035a568
803577f4	8041b650
803577f4	803b40b0
803577f4	803cce94
803577f4	800356d0
80357b4c	8003566c
80357b4c	803c4aac
80357b4c	80256d20
80357b4c	80256e0c
80357b4c	8032c608
80357b4c	8032dc20
80357b4c	803509b0
80357b4c	802ec78c
80357b4c	803cb708
80357b4c	803c718c
80357b4c	8034e5e8
80357b4c	8034fc28
80357b4c	803566bc
80357b4c	802e1124
80357b4c	802e2080
80357b4c	802e2010
80357b4c	802e162c
80357b4c	80317878
80357b4c	803176fc
80357b4c	80324388
80357b4c	8032713c
80357b4c	803d74a4
80357b4c	803ab524
80357b4c	803abf0c
80357b4c	800356b8
80357d00	80035688
80357d00	80319008
80357d00	80358bf4
80357d00	80358b78
80357d00	80358c5c
80357d00	80358cfc
80357d00	80359b14
80357d00	80358de0
80357d00	80358ea0
80357d00	80358fec
80357d00	8035953c
80357d00	803595d8
80357d00	800356d4
80357e78	80035674
80357e78	80352078
80357e78	80356748
80357e78	8034ed84
80357e78	800356c0
80357f50	803179dc
80357f50	803abc7c
80357fac	80319008
80357fac	803abc30
80358070	80035668
80358070	80351324
80358070	8035055c
80358070	8041c004
803584a8	80035684
803584a8	8035a93c
803584a8	80351ff4
803584a8	80351ea4
803584a8	800356d0
8035854c	80035684
8035854c	8035a93c
8035854c	8035206c
8035854c	800356d0
803585dc	8003566c
803585dc	8035674c
803585dc	802e7c9c
80358744	8003566c
80358744	803568a4
80358744	802e7c9c
803588ac	8003566c
803588ac	80356bfc
803588ac	802e7c9c
80358b78	80359614
80358b78	80318550
80358b78	80359bd4
80358bf4	80359614
80358bf4	803ab684
80358bf4	8035b204
80358bf4	80359bd4
80358c5c	80359614
80358c5c	80359b14
80358c5c	80359bd4
80358cfc	80035670
80358cfc	80359614
80358cfc	80350f4c
80358cfc	80359bd4
80358cfc	800356bc
80358de0	80359614
80358de0	80358af0
80358de0	80358b34
80358de0	80359bd4
80358ea0	80359614
80358ea0	80317ca8
80358ea0	803181c4
80358ea0	803192e8
80358ea0	80319248
80358ea0	80358af0
80358ea0	80358b34
80358ea0	8035b6c4
80358fec	8003567c
80358fec	80359614
80358fec	8035b9b0
80358fec	80317a94
80358fec	80317b98
80358fec	80318550
80358fec	802e1124
80358fec	802e190c
8035953c	803aba70
8035953c	80359bd4
803595d8	803e0238
80359614	80035670
80359614	803ab4f0
80359614	80359a70
80359614	80350d3c
80359614	80356744
80359614	8034e734
80359614	80359748
80359614	8035997c
80359614	80359d20
80359614	8035854c
80359614	800356bc
80359748	80035674
80359748	802ccd98
80359748	80351324
80359748	802e3a28
80359748	8035055c
80359748	8041c004
8035997c	8003567c
8035997c	8035a818
8035997c	8035a8a8
8035997c	803512d8
8035997c	800356c8
80359a70	80035684
80359a70	8035a798
80359a70	8032c608
80359a70	8032d9b0
80359a70	80351908
80359a70	800356d0
80359b14	80035688
80359b14	8032c608
80359b14	8032d9b0
80359b14	803abac4
80359b14	80318fec
80359b14	800356d4
80359bd4	80317c0c
80359bd4	802e1124
80359bd4	802e190c
80359bd4	80318550
80359bd4	803179c0
80359bd4	80317ca8
80359bd4	803192e8
80359bd4	8035a60c
80359bd4	803e01b8
80359d20	80035650
80359d20	80351324
80359d20	80356e44
80359d20	802e7c9c
8035a068	8003564c
8035a068	8035674c
8035a068	803569d4
8035a068	802ec6d0
8035a068	80350768
8035a068	80350fd0
8035a068	802ec308
8035a068	80350ff4
8035a068	8035103c
8035a068	80350fc8
8035a068	80035698
8035a470	80035688
8035a470	8035be04
8035a470	802f46bc
8035a470	802f4df0
8035a470	802f4900
8035a470	800356d4
8035a4ec	80035688
8035a4ec	8035be04
8035a4ec	802f46bc
8035a4ec	802f4df0
8035a4ec	802f4900
8035a4ec	800356d4
8035a568	80035684
8035a568	8041c54c
8035a568	800356d0
8035a60c	8003566c
8035a60c	803b2344
8035a60c	803524f0
8035a60c	800356b8
8035a8a8	80035684
8035a8a8	803511d0
8035a8a8	80351048
8035a8a8	800356d0
8035a9c0	8035b204
8035a9c0	8031922c
8035a9c0	80317a94
8035a9c0	80317b98
8035a9c0	8035b504
8035a9c0	8035aaa4
8035a9c0	80359bd4
8035aaa4	8003565c
8035aaa4	80350bd8
8035aaa4	8034f454
8035aaa4	802e3a28
8035aaa4	80317ca8
8035aaa4	803192e8
8035aaa4	8035a568
8035aaa4	802e1124
8035aaa4	802e1678
8035aaa4	800356a8
8035ac20	803c4be8
8035ac20	803c4db0
8035ac20	803c4aac
8035ad50	80035674
8035ad50	803becf8
8035ad50	802e3a28
8035ad50	803501dc
8035ad50	80350290
8035ad50	803502e4
8035ad50	803be57c
8035ad50	803b2178
8035ad50	80350398
8035ad50	803b2144
8035ad50	8035131c
8035ad50	800356c0
8035afd4	80035678
8035afd4	8035a798
8035afd4	8032c608
8035afd4	8032d9b0
8035afd4	80351590
8035afd4	80351750
8035afd4	800356c4
8035b140	8035a798
8035b140	80351834
8035b1a0	8035a798
8035b1a0	803519b0
8035b204	80324388
8035b204	80317878
8035b204	803176ec
8035b204	803270e8
8035b24c	803c4f6c
8035b24c	802ccd98
8035b24c	8035055c
8035b24c	8041c004
8035b24c	802e3a28
8035b24c	803d78b8
8035b24c	802e9308
8035b24c	8002f288
8035b24c	803c5594
8035b504	80035684
8035b504	802f46bc
8035b504	802f5de8
8035b504	802f4fe8
8035b504	802f4900
8035b504	800356d0
8035b6f0	80035688
8035b6f0	803b2344
8035b6f0	80359bd4
8035b6f0	800356d4
8035b9f0	803b2138
8035bb9c	80256d20
8035bb9c	80256e4c
8035bc94	80035674
8035bc94	803b1dc8
8035bc94	8035a470
8035bc94	8035a4ec
8035bc94	800356c0
8035be80	80035684
8035be80	8035be04
8035be80	802f46bc
8035be80	802f4cf4
8035be80	802f51f4
8035be80	802f4fe8
8035be80	802f4900
8035be80	800356d0
8035c0a0	8035be80
8035c0a0	8035bfd4
8035c0a0	80357308
8035c0a0	8035b504
8035c1b4	80318fec
8035c20c	802ccd8c
8035c20c	802629ac
8035c20c	802ccd98
8035c2f8	80035684
8035c2f8	800356d0
8035c3e4	803cfa04
8035c424	802cc5d4
8035c424	8035c2f8
8035c424	8035d6f8
8035c480	802cc660
8035c4bc	80035684
8035c4bc	80369ab8
8035c4bc	802f46bc
8035c4bc	802f4df0
8035c4bc	802f4eec
8035c4bc	802f4900
8035c4bc	800356d0
8035c78c	80035688
8035c78c	80319750
8035c78c	8035d6f8
8035c78c	8035cb7c
8035c78c	8035cee8
8035c78c	8035d090
8035c78c	800356d4
8035c86c	80035688
8035c86c	80319750
8035c86c	803d5894
8035c86c	8035e2a8
8035c86c	8035dbf8
8035c86c	8035ddc0
8035c86c	8035df50
8035c86c	8035e0f4
8035c86c	8035e480
8035c86c	8035e614
8035c86c	8035d744
8035c86c	800356d4
8035cb7c	80035680
8035cb7c	80319750
8035cb7c	8035d6f8
8035cb7c	80369b7c
8035cb7c	8035d36c
8035cb7c	8035d5a8
8035cb7c	8035d4e0
8035cb7c	8035d548
8035cb7c	8035ce94
8035cb7c	80367e70
8035cb7c	8036323c
8035cb7c	8035ceb4
8035cee8	80035688
8035cee8	80319750
8035cee8	8035ce94
8035cee8	802cc578
8035cee8	800356d4
8035d090	8003567c
8035d090	80319750
8035d090	8035d344
8035d090	802cc578
8035d090	8035d5b4
8035d090	80362e48
8035d090	8036b1e0
8035d090	800356c8
8035d36c	802cc578
8035d4e0	802cc578
8035d548	802cc578
8035d5b4	802cc578
8035d744	802cd250
8035d790	802cd3a8
8035d7cc	80319750
8035d7cc	8035d814
8035d840	80035684
8035d840	80319750
8035d840	8036323c
8035d840	8036ad14
8035d840	80363248
8035d840	8036afa0
8035d840	803b2144
8035d840	8002f288
8035db34	80363254
8035dbf8	802cd250
8035dc50	802cd3a8
8035dc8c	80319750
8035dc8c	8035d814
8035dd20	80319750
8035dd20	80362d00
8035ddc0	802cd250
8035de10	802cd3a8
8035de4c	80319750
8035de4c	8035d814
8035dec0	80319750
8035dec0	803627f0
8035dec0	8035ce94
8035df50	802cd250
8035dfa0	802cd3a8
8035dfdc	80319750
8035dfdc	8035d814
8035e050	80319750
8035e050	802cc578
8035e050	80362c60
8035e0f4	802cd250
8035e144	802cd3a8
8035e180	80319750
8035e180	8035d814
8035e180	8035db14
8035e1f4	80319750
8035e1f4	80362524
8035e1f4	8035d344
8035e2a8	802cd250
8035e300	802cd3a8
8035e33c	80319750
8035e33c	8035d814
8035e3b0	80319750
8035e3b0	802cc578
8035e3b0	803624ac
8035e480	802cd250
8035e4cc	802cd3a8
8035e508	80319750
8035e508	8035d814
8035e508	8035db14
8035e508	8035ce94
8035e58c	80319750
8035e58c	8035ce94
8035e58c	803627f0
8035e614	802cd250
8035e660	802cd3a8
8035e69c	80319750
8035e69c	8035d814
8035e69c	8035db14
8035e69c	8035ce94
8035e69c	80362eb4
8035e730	80319750
8035e730	8035ce94
8035e730	802cc578
8035e730	803628cc
8035e930	802ccd8c
8035e930	802cf544
8035e930	802cf2b8
8035e9d0	802e8134
8035ea8c	8035ed98
8035ea8c	803cfa04
8035eae0	80035680
8035eae0	8035ed98
8035eae0	803ccc78
8035eae0	803ccfd0
8035eae0	803cd454
8035eae0	803cb934
8035eae0	803cb930
8035eae0	803e3440
8035eae0	803cfa08
8035eae0	803bd5d0
8035eae0	803bd664
8035eae0	80360334
8035eae0	803c4bf8
8035eae0	802e9560
8035eae0	802e3a28
8035eae0	8035ff58
8035eae0	803b7264
8035eae0	803b7eb0
8035eae0	803b9db8
8035eae0	803ba020
8035eae0	803bad2c
8035eae0	803b9e04
8035eae0	80360450
8035eae0	8035f9a8
8035eae0	803cce94
8035eae0	800356cc
8035ed98	8035faa4
8035ed98	8035fba0
8035ed98	8035fc5c
8035ed98	803b7f04
8035ed98	803b761c
8035ed98	803c4c28
8035ed98	803bd5f4
8035eedc	8035f0f4
8035eedc	802ccd98
8035eedc	803b9ee8
8035eedc	803b9e30
8035eedc	8035f944
8035eedc	8035f9bc
8035eedc	8035faa4
8035eedc	8035fba0
8035eedc	8035fc5c
8035ef70	803b9af4
8035ef70	802e9560
8035ef70	802e3a28
8035ef70	8035fcb4
8035ef70	803b9e30
8035f0ac	8035ff58
8035f0ac	803bd794
8035f0f4	802ccd98
8035f0f4	803b9e30
8035f0f4	803b9ee8
8035f0f4	803b7f04
8035f0f4	803b7eb0
8035f0f4	803b9db8
8035f1b8	802e9560
8035f1b8	802e3a28
8035f224	803b7f54
8035f224	803b9e94
8035f31c	803b7f54
8035f31c	803b9e94
8035f43c	803b7f54
8035f43c	803b9e94
8035f57c	802e3a28
8035f57c	802cd9ac
8035f57c	8035fcb4
8035f57c	803b9e30
8035f57c	8035fe60
8035f57c	803b9ee8
8035f668	802e3a28
8035f668	802cd9ac
8035f668	8035fcb4
8035f668	803b9e30
8035f668	8035fe60
8035f668	803b9ee8
8035f744	802e3a28
8035f744	802cd9ac
8035f744	803b2394
8035f744	802ccd98
8035f744	8032dc84
8035f744	803b9ee8
8035f884	80035688
8035f884	802e3a28
8035f884	8035fefc
8035f884	8035fcb4
8035f884	803b9e30
8035f884	8035fe60
8035f884	803b9ee8
8035f884	800356d4
8035f944	8035faa4
8035f944	8035fba0
8035f9d0	80035680
8035f9d0	8035faa4
8035f9d0	8002451c
8035f9d0	802e2108
8035f9d0	802e1124
8035f9d0	802e19a4
8035f9d0	802f78a4
8035f9d0	800356cc
8035faa4	802f7a24
8035fb08	802f78a4
8035fb08	802f7bf4
8035fb08	802f6c34
8035fb08	802f6c00
8035fba0	802f7abc
8035fbf8	8035fc5c
8035fbf8	802f78a4
8035fbf8	802f7bf4
8035fbf8	802f6b34
8035fc5c	802f7abc
8035fe60	803b2394
8035fe60	802ccd98
8035fe60	8032dc84
8035ff58	8041c6c0
8035ff58	803d78b8
8035ff58	802e9560
80360274	803602d8
80360274	803b70c4
803602d8	803b7160
80360354	803bf490
80360354	803cfa04
803603ac	803e2c78
80360404	802ccd8c
80360404	802ccd98
80360450	803ba7c4
803604b8	803ba850
803604b8	803cfa04
80360538	8035f208
80360538	8036a808
80360538	802e2108
80360538	802e1124
80360538	802e19a4
8036063c	803bda3c
8036063c	803606f8
8036063c	802e8134
803606fc	803cfa04
8036073c	8041c6c0
8036073c	8041c82c
8036073c	80344260
8036073c	802e3a28
8036073c	8041c004
8036073c	802ccd98
8036073c	803be5f4
8036073c	803be660
803608c0	80319750
803608c0	80360ce0
803608c0	803613c4
803608c0	80360f60
803608c0	803615b0
803608c0	803bdbac
803608c0	803be57c
803608c0	803be594
803608c0	802f0090
803608c0	802e3a28
803608c0	803b2178
80360a30	803be1b8
80360a30	802f1380
80360a30	80344260
80360a30	802e3a28
80360a30	8041c004
80360a30	802cd4cc
80360a30	803d7ac4
80360a30	80360e64
80360bc4	80344260
80360bc4	802e3a28
80360bc4	8041c004
80360bc4	802ccd98
80360bc4	803be5f4
80360bc4	803be660
80360ce0	80035688
80360ce0	803be1b8
80360ce0	802f1380
80360ce0	80344260
80360ce0	802e3a28
80360ce0	8041c004
80360ce0	802cd4cc
80360ce0	803d7ac4
80360ce0	80360e64
80360ce0	800356d4
80360e64	80035684
80360e64	802e3a28
80360e64	802cd4cc
80360e64	803d7ac4
80360e64	800356d0
803613c4	80319750
803613c4	8035055c
803613c4	8041c004
803613c4	802e3a28
803615b0	8035055c
803615b0	803b226c
803615b0	8041c004
803615b0	802ccd98
803615b0	803be5f4
803616b4	803cfa08
803616b4	803681d8
80361844	80361a70
80361844	803cfa04
803618d0	8003567c
803618d0	80361a70
803618d0	802e9820
803618d0	803d5894
803618d0	8035c424
803618d0	802cd048
803618d0	8035c4bc
803618d0	802e7910
803618d0	80361f48
803618d0	80361f90
803618d0	802e979c
803618d0	803682a0
803618d0	803cfa08
803618d0	80365ec4
803618d0	800356c8
80361a70	80363310
80361a70	802edea4
80361a70	80368378
80361a70	802eca4c
80361a70	802e9734
80361a70	802ecb5c
80361a70	802e7910
80361a70	803c8b78
80361b8c	80365304
80361b8c	8036533c
80361b8c	803654a4
80361bd8	80035688
80361bd8	803683a4
80361bd8	802f7bf4
80361bd8	802f6c34
80361bd8	802f6c00
80361bd8	80364fd4
80361bd8	8035f1b8
80361bd8	80319750
80361bd8	80362180
80361bd8	80362524
80361bd8	80363488
80361bd8	80363534
80361bd8	803636a4
80361bd8	80363930
80361bd8	80363b4c
80361bd8	80364b50
80361bd8	80364bbc
80361bd8	80364c28
80361bd8	803656ec
80361bd8	802e2108
80361bd8	800356d4
80361e60	80319750
80361e60	803683f8
80361f10	80364efc
80361f10	80365480
80361f48	80368394
80361f48	80362180
80361f90	80368394
80361f90	80362180
80361fe0	8003567c
80361fe0	80365304
80361fe0	8036533c
80361fe0	80365480
80361fe0	800356c8
803620a4	803b2344
803620a4	80365480
80362108	803b2344
80362108	80365480
80362180	802ed600
80362180	80365394
80362180	80365480
803622dc	80365394
803622dc	8036533c
803624ac	80365480
803624ac	80362180
803624ac	802e1124
803624ac	802e19a4
803624ac	802e1bc4
80362524	80365420
80362524	80363040
80362524	80364d20
80362524	8035f31c
803627f0	80365598
803627f0	80365480
803627f0	80362180
803627f0	802e1124
803627f0	802e19a4
803628cc	80035688
803628cc	803653c0
80362c60	803653fc
80362c60	80365598
80362c60	80362180
80362c60	80363380
80362d00	80319750
80362d00	8036afa0
80362d00	8036533c
80362d00	803b2144
80362d00	802cd4e8
80362d00	803b21bc
80362d00	802cd4cc
80362d00	80365480
80362d00	802e1124
80362d00	802e19a4
80362d00	80363380
80362e48	80319750
80363040	8035f224
803631dc	8035f224
8036326c	80363310
8036326c	8002451c
8036326c	802f78a4
80363310	802f7a24
80363380	803b2344
80363380	802e1124
80363380	802e19a4
80363404	803b2344
80363404	802e1124
80363404	802e19a4
80363488	80319750
80363488	80365d44
80363488	80364f8c
80363488	80369eac
80363488	803658ec
80363488	80365480
80363534	80319750
80363534	80369ce4
80363534	802e7c9c
80363930	80365afc
80363930	8036569c
80363930	80365598
80363930	80364a44
80363930	8036481c
80363b4c	80365afc
80363b4c	8036569c
80363b4c	80365598
80363b4c	8036481c
80363d0c	802ccd98
80363d0c	80319750
80363d0c	80369d64
80363d0c	80365ca8
80363d0c	80365d44
80363d0c	8036a270
80363d0c	802f78a4
80363d0c	802f7a24
80363d0c	80365958
80363e94	802ccd98
80363e94	80364efc
80363e94	80364f8c
80363e94	80319750
80363e94	80369d64
80363e94	80365ca8
80363e94	80365d44
80363e94	80365d94
80363e94	8036a270
80363e94	802f78a4
80363e94	802f7a24
80363e94	80365958
8036411c	80319750
8036411c	80369de4
8036411c	8036b078
8036411c	80364e04
8036411c	80365598
803641ac	80035688
803641ac	80319750
803641ac	802e7c9c
803643b0	802ccd98
803643b0	80319750
803643b0	80369de4
803643b0	80365d44
803643b0	80364e04
803643b0	8036a390
803643b0	802e1124
803643b0	802e19a4
803643b0	8036598c
803643b0	80365598
803644d0	80035688
803644d0	802ccd98
803644d0	80319750
803644d0	80369e48
803644d0	8036b0e4
803644d0	80364e84
803644d0	80365ca8
803644d0	803b2344
803644d0	80365d44
803644d0	80365d94
803644d0	8036a4b8
803644d0	802f78a4
803644d0	802f7a24
803644d0	802e1124
803644d0	802e19a4
803644d0	803659a8
803644d0	80365598
803644d0	800356d4
80364678	802ccd98
80364678	80319750
80364678	80369ce4
80364678	802e7c9c
8036481c	80035688
8036481c	802ccd98
80364910	803b2144
80364910	803b21bc
80364910	8032eea4
80364910	802ce970
80364910	80365304
80364910	8036533c
80364a44	80035688
80364a44	80319750
80364a44	8032c608
80364a44	8032d9b0
80364a44	803630d0
80364a44	802e7c9c
80364b50	803659c4
80364b50	80365480
80364bbc	803659e0
80364bbc	80365480
80364c28	803b2144
80364c28	803b21bc
80364c28	80365bb8
80364c28	803659fc
80364c28	80365480
80364efc	80364f8c
80364efc	8035f0f4
80364efc	80364fd4
80364efc	8035f1b8
80364efc	8035f9bc
80364efc	80319750
80364efc	80369bcc
80364f8c	8035f0f4
80364fd4	803c8d14
80364fd4	802ccd98
80365304	802cd4cc
8036533c	803b224c
8036533c	803b21bc
8036533c	802cd4cc
803654a4	80365480
803654a4	80364f8c
80365598	803656ec
803656ec	80035680
803656ec	80319750
803656ec	80369ce4
803656ec	80365db0
803656ec	80365a1c
803656ec	803c8b78
803656ec	803b2344
80365bb8	8002f288
80365bb8	8032eea4
80365ca8	802f78a4
80365ca8	802f7a24
80365ca8	802e1124
80365ca8	802e190c
80365d44	8032c608
80365d44	8032e2f4
80365db0	80319750
80365db0	80369ce4
80365db0	803b2144
80365db0	802cd4e8
80365ec4	803b5c00
80365f20	803b5c80
80365f20	803cfa04
80365f80	80365fac
80366064	802e8134
803660c4	803665d4
803660c4	803cfa04
80366124	80035670
80366124	803665d4
80366124	8041c6c0
80366124	8041c82c
80366124	803b70c4
80366124	802ccd98
80366124	803cfa08
80366124	8036804c
80366124	803b7674
80366124	803b9730
80366124	803b7dfc
80366124	800356bc
803665d4	80035678
803665d4	803b7160
803665d4	803b7e58
803665d4	803b7824
803665d4	800356c4
8036670c	80344260
8036670c	8041c004
8036670c	802ccd98
803667e0	80035684
803667e0	803b2394
803667e0	80367f98
80366924	80035684
80366924	80367f00
80366a88	80035680
80366a88	8033c5b0
80366a88	8041c004
80366a88	8032da84
80366a88	80344260
80366a88	802ccd98
80366a88	800356cc
80366bd8	80035680
80366bd8	8033c5b0
80366bd8	8041c004
80366bd8	8032da84
80366bd8	80344260
80366bd8	802ccd98
80366bd8	800356cc
80366d28	80035684
80366d28	80367f00
80366e60	80035684
80366e60	803b2394
80366e60	80367f98
80366fa4	80035684
80366fa4	803b2394
80366fa4	80367f98
803670e8	80344260
803670e8	8041c004
803670e8	802ccd98
803671cc	80035688
803671cc	80344260
803671cc	8041c004
80367284	80035684
80367284	80344260
80367284	8041c004
80367284	8032da84
80367284	802ccd98
80367284	800356d0
80367424	80344260
80367424	8041c004
80367424	802ccd98
803674c4	8003567c
803674c4	80344260
803674c4	8041c004
803674c4	802ccd98
803674c4	803b2178
803674c4	803b2138
80367704	80344260
80367704	8041c004
80367704	802ccd98
80367704	803b2178
803677f0	80344260
803677f0	8041c004
803677f0	802eaff4
80367884	80035688
80367884	80344260
80367884	8041c004
80367884	802eaff4
8036799c	80035688
8036799c	80344260
8036799c	8041c004
8036799c	802eaff4
80367ab4	80344260
80367ab4	8041c004
80367ab4	802eaff4
80367b8c	80035688
80367b8c	80344260
80367b8c	8041c004
80367c68	80035688
80367c68	80344260
80367c68	8041c004
80367d24	80035688
80367d24	80344260
80367d24	8041c004
80367de0	80344260
80367de0	8041c004
80367e70	80344260
80367e70	8041c004
80367f00	803b2394
80367f00	80367f98
80367f98	803b2344
80367f98	803b2144
80367f98	803b21bc
8036804c	803b97e8
80368098	803b9810
80368098	803cfa04
803680f0	80368198
803680f0	8036a89c
803681d8	802e8134
80368240	80368378
80368240	803cfa04
803682a0	80035688
803682a0	80368378
803682a0	8041c6c0
803682a0	802e3a28
803682a0	803684dc
803682a0	800356d4
803683a4	802e3a28
803683f8	803d78b8
803683f8	802e8134
803683f8	8041c400
803683f8	802e9308
803683f8	803685ac
803684dc	8002451c
803684dc	803c7214
803684dc	803e89f8
803685ac	802ccd98
803685ac	803eff1c
803685ac	803efde8
803685ac	803efea0
803685ac	803e7408
803685ac	803e7398
803685ac	803e718c
803685ac	803efde4
803685ac	803efea8
803685ac	803efde0
803685ac	803efd14
803685ac	803efddc
803685ac	803efeac
80368830	80035674
80368830	803ab294
80368830	803cfa08
80368830	8035e9d0
80368830	80366064
80368830	803616b4
80368830	802e8134
80368830	803cf6d0
80368830	803c7054
80368830	800356c0
80368a64	80035670
80368a64	8035ea8c
80368a64	803c7060
80368a64	803ab388
80368a64	803cfa04
80368a64	800356bc
80368b98	80035680
80368b98	803b40c0
80368b98	8041b590
80368b98	803ad790
80368b98	803bf054
80368b98	803b2138
80368b98	803699b0
80368b98	8036df2c
80368b98	802cd4e8
80368b98	802e3a28
80368b98	803abefc
80368b98	8041c400
80368b98	802e927c
80368b98	802e9308
80368b98	8041c82c
80368b98	803ab430
80368b98	8036996c
80368b98	8036973c
80368b98	803cfa08
80368b98	803b6c58
80368b98	803b6dec
80368b98	803b849c
80368b98	803cb218
80368b98	80366124
80368b98	80360274
80368b98	8035eae0
80368b98	803ccc78
80368b98	803c70a8
80368b98	8036c5cc
80368b98	8032c608
80368b98	8032dc38
80368b98	80256d20
80368b98	80256e4c
80368b98	8036cd08
80368b98	8036cbcc
80368b98	8036d8e4
80368b98	802e1124
80368b98	802e15e0
80368b98	802e1fd0
80368b98	803ab580
80368b98	803691b4
80368b98	8041b650
80368b98	803b40b0
80368b98	803cce94
80368b98	800356cc
80368fe4	80035670
80368fe4	802e1124
80368fe4	802e2010
80368fe4	802e162c
80368fe4	80317878
80368fe4	803176fc
80368fe4	80324388
80368fe4	8032713c
80368fe4	803c4aac
80368fe4	80256d20
80368fe4	80256e0c
80368fe4	8032c608
80368fe4	8032dc20
80368fe4	80361a70
80368fe4	802ec78c
80368fe4	803b5410
80368fe4	803b538c
80368fe4	803cb708
80368fe4	803c718c
80368fe4	8035ed98
80368fe4	803602d8
80368fe4	803665d4
80368fe4	803ab524
80368fe4	803b842c
80368fe4	803abf0c
80368fe4	800356bc
803691b4	8031922c
803691b4	80319298
803691b4	803bed1c
803691b4	80360a0c
803691b4	80369324
80369324	80035670
80369324	803179f8
80369324	803190e8
80369324	80317b08
80369324	8036cd5c
80369324	8036cdfc
80369324	8036670c
80369324	803667dc
80369324	80361b8c
80369324	8035eedc
80369324	80361f10
80369324	8036cf8c
80369324	80319338
80369324	80319248
80369324	800356bc
8036955c	8036b24c
8036955c	8036b2bc
8036955c	8036b328
8036955c	8036b3bc
8036955c	8036c468
8036955c	8036b668
8036955c	8036b6f0
8036955c	8036bba4
8036955c	8036bf58
8036955c	8036bfcc
80369660	8003567c
80369660	80366708
80369660	8035f0ac
80369660	80361e60
80369660	800356c8
803696f0	803691b4
803696f0	8036d89c
803696f0	8036c528
8036973c	80035684
8036973c	802f45f4
8036973c	802f47ec
8036973c	802f4cf4
8036973c	802f4900
8036973c	800356d0
80369a44	803abc7c
80369bcc	80035674
80369bcc	8036323c
80369eac	80035688
80369eac	80319338
80369eac	80319248
80369eac	8036d000
80369eac	803667e0
80369eac	8036d0ac
80369eac	8035f57c
80369eac	8036da48
80369eac	8036cf8c
80369eac	800356d4
80369f98	80035680
80369f98	80319338
80369f98	80319248
80369f98	8036d050
80369f98	8036cd5c
80369f98	8036cdfc
80369f98	80366d28
80369f98	8036d178
80369f98	8035f57c
80369f98	8036da48
80369f98	8036cf8c
80369f98	8036d000
80369f98	80365b90
80369f98	8036323c
80369f98	80366bd8
80369f98	8036d0f0
80369f98	8035f744
80369f98	80362e40
80369f98	80366a88
80369f98	8036d134
80369f98	8035f668
80369f98	80366924
80369f98	8036d0ac
80369f98	800356cc
8036a270	80035684
8036a270	80319338
8036a270	80319248
8036a270	8036d244
8036a270	8036d2f4
8036a270	803670e8
8036a270	8035f884
8036a270	8036da48
8036a270	8036cdfc
8036a270	800356d0
8036a390	80035684
8036a390	80319338
8036a390	80319248
8036a390	8036cd5c
8036a390	8036cdfc
8036a390	8036d000
8036a390	80366fa4
8036a390	8036d1bc
8036a390	8035f57c
8036a390	8036da48
8036a390	8036cf8c
8036a390	800356d0
8036a4b8	80035688
8036a4b8	80319248
8036a4b8	8036d2f4
8036a4b8	803670e8
8036a4b8	8035f884
8036a4b8	8036da48
8036a4b8	8036cdfc
8036a4b8	800356d4
8036a5d8	80035684
8036a5d8	80319338
8036a5d8	80319248
8036a5d8	8036cd5c
8036a5d8	8036cdfc
8036a5d8	8036d000
8036a5d8	80366d28
8036a5d8	802e3a28
8036a5d8	80366e60
8036a5d8	8036d200
8036a5d8	8035f57c
8036a5d8	8036da48
8036a5d8	80319298
8036a5d8	8035f944
8036a5d8	8036c528
8036a5d8	80362108
8036a5d8	803620a4
8036a5d8	8036cf8c
8036a5d8	800356d0
8036a808	8036ab24
8036a808	8035f944
8036a808	8036c528
8036a89c	80035684
8036a89c	8036ab24
8036a89c	8036323c
8036a89c	802e2108
8036a89c	802e1124
8036a89c	802e19a4
8036a89c	8035f944
8036a89c	8036deec
8036a89c	803bed1c
8036a89c	80360a30
8036a89c	8035fbf8
8036a89c	8036c528
8036a89c	800356d0
8036ab24	80035688
8036ab24	80319338
8036ab24	8036cd5c
8036ab24	8036cdfc
8036ab24	80366d28
8036ab24	802e3a28
8036ab24	80366e60
8036ab24	8036d200
8036ab24	8035f57c
8036ab24	8035faa4
8036ab24	802f78a4
8036ab24	802f7abc
8036ab24	802e2108
8036ab24	802e1124
8036ab24	802e19a4
8036ab24	8036cf8c
8036ab24	800356d4
8036ad14	80035684
8036ad14	8036323c
8036ad14	80367424
8036ad14	8035f43c
8036ad14	80363248
8036ad14	803b2144
8036ad14	803b21bc
8036ad14	803671cc
8036ad14	802e3a28
8036ad14	80367284
8036ad14	800356d0
8036aff8	80035688
8036aff8	8036323c
8036aff8	80367884
8036aff8	800356d4
8036b078	80035688
8036b078	8036323c
8036b078	8036799c
8036b078	800356d4
8036b0e4	80035688
8036b0e4	8036323c
8036b0e4	80367ab4
8036b0e4	800356d4
8036b150	80035688
8036b150	8036323c
8036b150	80367b8c
8036b150	800356d4
8036b1e0	803677f0
8036b24c	8036c008
8036b24c	803ab684
8036b24c	8036d89c
8036b24c	8036c528
8036b2bc	8036c008
8036b2bc	8036c528
8036b328	8036c008
8036b328	8036c468
8036b328	8036c528
8036b3bc	80035680
8036b3bc	8036c008
8036b3bc	8036323c
8036b3bc	803d7ac4
8036b3bc	803c4a9c
8036b3bc	803ec97c
8036b3bc	802e954c
8036b3bc	8041c004
8036b3bc	802e1124
8036b3bc	802e190c
8036b3bc	803179f8
8036b3bc	8036daf8
8036b3bc	800356cc
8036b668	8036c008
8036b668	80369324
8036b668	8036c528
8036b6f0	80035680
8036b6f0	8036c008
8036b6f0	8036deec
8036b6f0	80317a94
8036b6f0	80317b98
8036b6f0	80319104
8036b6f0	8036e078
8036b6f0	80319074
8036b6f0	8036c528
8036b6f0	803bed1c
8036b6f0	80360a0c
8036b6f0	80369324
8036b6f0	8035fc5c
8036b6f0	8035f9bc
8036b6f0	8036d3ac
8036b6f0	80360bc4
8036b6f0	802e1124
8036b6f0	802e190c
8036b6f0	80362108
8036b6f0	803620a4
8036b6f0	800356cc
8036bba4	80035674
8036bba4	8036c008
8036bba4	80317878
8036bba4	803176fc
8036bba4	80324388
8036bba4	8032713c
8036bba4	8036deec
8036bba4	8041afe4
8036bba4	8036de50
8036bba4	803abe20
8036bba4	803ab6fc
8036bba4	8036c528
8036bba4	800356c0
8036bf58	803aba70
8036bf58	8036c528
8036bfcc	803e0238
8036c008	80035678
8036c008	803ab4f0
8036c008	8036c1d0
8036c008	80366704
8036c008	8035ef70
8036c008	8035ce94
8036c008	803631dc
8036c008	80363040
8036c1d0	80035670
8036c1d0	8036ca84
8036c1d0	8032c608
8036c1d0	8032d9b0
8036c1d0	80362cc8
8036c1d0	80362ce4
8036c1d0	8036caf8
8036c1d0	803624ac
8036c1d0	803b2344
8036c1d0	80362d00
8036c1d0	80362c60
8036c1d0	8035f208
8036c1d0	80362524
8036c1d0	800356bc
8036c468	80035684
8036c468	8032c608
8036c468	8032d9b0
8036c468	803abac4
8036c468	800356d0
8036c528	8036da68
8036c528	803e01b8
8036c5cc	80035650
8036c5cc	803b1dc8
8036c5cc	80369ab8
8036c5cc	802f46bc
8036c5cc	802f51f4
8036c5cc	802f4900
8036c5cc	8036670c
8036c5cc	802ec6d0
8036c5cc	803b5410
8036c5cc	803b538c
8036c5cc	803618d0
8036c5cc	802ec308
8036c5cc	802edea4
8036c5cc	8003569c
8036caf8	80035684
8036caf8	80361f90
8036caf8	80361f48
8036caf8	80363368
8036caf8	80363310
8036caf8	8036326c
8036caf8	800356d0
8036cbcc	803c4be8
8036cbcc	803bed1c
8036cbcc	80360a04
8036cbcc	803c4db0
8036cbcc	803c4aac
8036cd08	803bed1c
8036cd08	8036073c
8036cd5c	80035684
8036cd5c	8036323c
8036cd5c	80367c68
8036cd5c	800356d0
8036cdfc	80035680
8036cdfc	8036cd5c
8036cdfc	8036323c
8036cdfc	80367d24
8036cdfc	80369bcc
8036cdfc	800356cc
8036d2f4	803b2344
8036d3ac	8003566c
8036d3ac	8036d5a8
8036d3ac	8036d610
8036d3ac	803674c4
8036d3ac	803b2344
8036d3ac	80361fe0
8036d3ac	802e3a28
8036d3ac	802cd4e8
8036d3ac	800356b8
8036d5a8	803b2344
8036d610	80035678
8036d610	803b2344
8036d610	800356c4
8036d89c	80324388
8036d89c	80317878
8036d89c	803176ec
8036d89c	803270e8
8036d8e4	803c4f6c
8036d8e4	802ccd98
8036d8e4	802ea12c
8036d8e4	802e3a28
8036d8e4	803d78b8
8036d8e4	802e9308
8036d8e4	802ccda8
8036d8e4	8002f288
8036d8e4	803c5594
8036da68	8003567c
8036da68	8036326c
8036da68	800356c8
8036daf8	8003567c
8036daf8	80363310
8036daf8	800356c8
8036dbe0	8036ca84
8036dbe0	803624ac
8036dc28	8036ca84
8036dc28	803627f0
8036dc70	80035680
8036dc70	8036ca84
8036dc70	802578d0
8036dc70	80257030
8036dc70	80258d88
8036ddb4	80035688
8036ddb4	8036ca84
8036ddb4	8036323c
8036ddb4	80367de0
8036ddb4	80362d00
8036ddb4	800356d4
8036df2c	80035684
8036df2c	802f46bc
8036df2c	802f5de8
8036df2c	802f4fe8
8036df2c	802f50e4
8036df2c	802f4900
8036df2c	800356d0
8036e0b4	802ccd8c
8036e0b4	802629ac
8036e0b4	802ccd98
8036e16c	80035684
8036e16c	803ab294
8036e16c	8036e2e8
8036e16c	800356d0
8036e344	803ab388
8036e344	803cfa04
8036e39c	80035668
8036e39c	803b40c0
8036e39c	803ad790
8036e39c	8041b590
8036e39c	803bf054
8036e39c	803dfee4
8036e39c	803ab430
8036e39c	80372130
8036e39c	803721bc
8036e39c	80372218
8036e39c	803ccc78
8036e39c	8002451c
8036e39c	803ccfd0
8036e39c	803cfa08
8036e39c	803b6c58
8036e39c	803cd454
8036e39c	803b6dec
8036e39c	8036f144
8036e39c	803bed40
8036e39c	80371808
8036e39c	802ccd98
8036e39c	803cb218
8036e39c	80379170
8036e39c	80373068
8036e39c	8037aac0
8036e39c	803ccd20
8036e39c	803792d8
8036e39c	803cce94
8036e39c	8037312c
8036e39c	8037ab5c
8036e39c	80372098
8036e39c	803b2178
8036e39c	803711dc
8036e39c	803738e0
8036e39c	802cd4cc
8036e39c	803790c4
8036e39c	80378c30
8036e39c	80373b0c
8036e39c	80371428
8036e39c	8032c608
8036e39c	8032dc38
8036e39c	80377394
8036e39c	803d7bf4
8036e39c	8036ed4c
8036e39c	803c6a9c
8036e39c	8037b5fc
8036e39c	802e1124
8036e39c	802e15e0
8036e39c	802e1fd0
8036e39c	80256d20
8036e39c	80256e4c
8036e39c	8036ed5c
8036e39c	802f7fb8
8036e39c	803ab580
8036e39c	80371080
8036e39c	8041b650
8036e39c	803b40b0
8036e39c	800356b4
8036ed6c	80035678
8036ed6c	802ec78c
8036ed6c	803b5410
8036ed6c	803b538c
8036ed6c	803747d4
8036ed6c	803c4be0
8036ed6c	803c4aac
8036ed6c	803beaec
8036ed6c	803cb708
8036ed6c	803c8b70
8036ed6c	80379b34
8036ed6c	80373378
8036ed6c	803730bc
8036ed6c	8037ac6c
8036ed6c	8037ab1c
8036ed6c	8032c608
8036ed6c	8032dc20
8036ed6c	803ab524
8036ed6c	803d7bf4
8036ed6c	8036ed4c
8036ed6c	803c6a9c
8036ed6c	80256d20
8036ed6c	80256e0c
8036ed6c	8036f128
8036ed6c	80317878
8036ed6c	803176fc
8036ed6c	80324388
8036ed6c	8032713c
8036ed6c	802e1124
8036ed6c	802e2010
8036ed6c	802e1a54
8036ed6c	802e1cc4
8036ed6c	802e162c
8036ed6c	8036ed5c
8036ed6c	802f7fb8
8036ed6c	803dfde8
8036ed6c	800356c4
8036f144	803c4be8
8036f144	8036f214
8036f144	803c4aac
8036f278	80035688
8036f278	80319008
8036f278	803ab4f0
8036f278	8036fad4
8036f278	8036fb84
8036f278	8036fc38
8036f278	8036fd20
8036f278	8036fef8
8036f278	8037030c
8036f278	803703c8
8036f278	8037038c
8036f278	80370f68
8036f278	800356d4
8036f404	80035684
8036f404	803769d8
8036f404	8037a740
8036f404	80373858
8036f404	8037bc04
8036f404	800356d0
8036f48c	8003566c
8036f48c	803ccc78
8036f48c	80372130
8036f48c	803721bc
8036f48c	80372218
8036f48c	8002451c
8036f48c	803ccfd0
8036f48c	802ccd98
8036f48c	8037ac6c
8036f48c	80379f04
8036f48c	803ccd20
8036f48c	8037ab5c
8036f48c	803cce94
8036f48c	802cd4cc
8036f48c	80376c98
8036f48c	80378c30
8036f48c	803790c4
8036f48c	803cd454
8036f48c	80372098
8036f48c	8037b5fc
8036f48c	802e1124
8036f48c	802e1a54
8036f48c	802e1cc4
8036f48c	80317878
8036f48c	803176fc
8036f48c	80324388
8036f48c	8032713c
8036f48c	80371080
8036f48c	800356b8
8036f820	80035688
8036f820	80318a30
8036f820	80317ca8
8036f820	803181c4
8036f820	80318810
8036f820	8031891c
8036f820	800356d4
8036f9ec	80319008
8036f9ec	803abc30
8036fa50	80371080
8036fa50	803179dc
8036fa50	803abc7c
8036fad4	80035684
8036fad4	803749c4
8036fad4	8037a228
8036fad4	80373650
8036fad4	8037baf0
8036fad4	803ab684
8036fad4	80371080
8036fad4	800356d0
8036fb84	80035684
8036fb84	803749c4
8036fb84	8037a228
8036fb84	80373650
8036fb84	8037baf0
8036fb84	80371684
8036fb84	803715f4
8036fb84	80371080
8036fb84	800356d0
8036fc38	80035684
8036fc38	803749c4
8036fc38	8037a228
8036fc38	80373650
8036fc38	8037baf0
8036fc38	8037846c
8036fc38	802e1124
8036fc38	802e190c
8036fc38	80371080
8036fc38	800356d0
8036fd20	80035680
8036fd20	803749c4
8036fd20	8037a228
8036fd20	80373650
8036fd20	8037baf0
8036fd20	80370b84
8036fd20	8032c608
8036fd20	8032d9b0
8036fd20	803abac4
8036fd20	80376b84
8036fd20	803179c0
8036fd20	80371080
8036fd20	800356cc
8036fef8	80035668
8036fef8	803c8b70
8036fef8	803773b8
8036fef8	8037714c
8036fef8	80378de4
8036fef8	802cd4cc
8036fef8	80377eac
8036fef8	8037a228
8036fef8	80373650
8036fef8	8037baf0
8036fef8	803749c4
8036fef8	80376b44
8036fef8	8037b75c
8037030c	803aba70
8037030c	80371080
8037038c	803e0238
803703c8	80035684
803703c8	803749c4
803703c8	8037a228
803703c8	80373650
803703c8	8037baf0
803703c8	80317878
803703c8	803176fc
803703c8	80324388
803703c8	8032713c
803703c8	8041afe4
803703c8	803abca0
803703c8	803ab6fc
803703c8	80371080
803703c8	800356d0
803706e0	8003567c
80370958	80035680
80370958	80377ea4
80370958	800356cc
80370b84	8003567c
80370d68	80317a94
80370d68	80318aa4
80370d68	802e1124
80370d68	802e190c
80370d68	80317b24
80370f68	8036f128
80370f68	803c4f6c
80370f68	802cd4cc
80370f68	802ccd98
80370f68	803c5594
80371080	80035684
80371080	803769c0
80371080	8037163c
80371080	803e01b8
80371080	800356d0
803711dc	8003567c
803711dc	802d0120
803711dc	803b5410
803711dc	803b538c
803711dc	802ec308
803711dc	802cd4cc
803711dc	803b2144
803711dc	803b21bc
803711dc	803b220c
803711dc	803c8308
803711dc	803c82f8
803711dc	803c8b70
803711dc	800356c8
80371428	80035688
80371428	802ec308
80371428	802cd4cc
80371428	803b2144
80371428	803b21bc
80371428	803b220c
80371428	802e9734
80371428	803c8308
80371428	803c82f8
80371428	803c8b70
80371428	800356d4
803715f4	80324388
803715f4	80317878
803715f4	803176ec
803715f4	80327194
8037163c	80324388
8037163c	80327194
80371684	80035688
80371684	80374244
80371684	800356d4
80371718	8032c608
80371798	8032c608
80371808	80035680
80371808	803c4db0
80371808	8036e2e8
80371808	80035558
80371808	8036f214
80371808	803c4be0
80371808	803c4aac
80371808	803be790
80371808	800356cc
80371d20	80035678
80371d20	803721bc
80371d20	80372218
80371d20	803ccc78
80371d20	8002451c
80371d20	803ccfd0
80371d20	802f45e4
80371d20	803cd454
80371d20	802f4794
80371d20	802f4cf4
80371d20	80371e9c
80371d20	802f4900
80371d20	803cce94
80371d20	800356c4
80371e9c	80035680
80371e9c	803721bc
80371e9c	80372218
80371e9c	802f5de8
80371e9c	802f4cf4
80371e9c	800356cc
80371ff0	8037bc08
80372098	80035688
80372098	802f46bc
80372098	802f50e4
80372098	802f4900
80372098	800356d4
80372274	80318fec
803722e4	802ccd8c
803722e4	802629ac
803722e4	803c6420
803722e4	80035028
803722e4	802ccd98
803722e4	80371064
803724b8	803cfa04
803724f8	80035664
803724f8	802cd4cc
803724f8	803b7228
803724f8	803b7264
803724f8	803b9ba8
803724f8	802e927c
803724f8	803b9db8
803724f8	803b7eb0
803724f8	803cfa08
803724f8	80372f38
803724f8	803b7674
803724f8	803b96c4
803724f8	803b977c
803724f8	803b7dfc
803724f8	802ccd98
803724f8	802f7960
803724f8	8041c400
803724f8	8041c54c
803724f8	800356b0
80372950	80035680
80372950	803b7f04
80372950	803b761c
80372950	802f7abc
80372950	803b7e58
80372950	803b7824
80372950	800356cc
80372a74	80035680
80372a74	80372d88
80372a74	8041c400
80372a74	802e927c
80372a74	802e9308
80372a74	803b9d6c
80372a74	803b9af4
80372a74	8041c6c0
80372a74	803d78b8
80372a74	803b9730
80372a74	800356cc
80372d88	803b226c
80372d88	8041c400
80372d88	802e927c
80372d88	802f7bf4
80372d88	803b2144
80372d88	803b21bc
80372d88	802ccd98
80372d88	802f6d7c
80372f38	803b97e8
80372f74	803b9810
80372f74	803cfa04
80372fcc	8037302c
80372fcc	80377bc0
80372ffc	8037302c
80372ffc	80377bc0
80373068	80035248
803730bc	80035340
803730bc	803cfa04
8037312c	80035664
8037312c	803ccc78
8037312c	803ccd20
8037312c	803ccfd0
8037312c	803cd454
8037312c	803cb934
8037312c	803cb930
8037312c	803e3440
8037312c	803cfa08
8037312c	803bd5d0
8037312c	803bd664
8037312c	803b70c4
8037312c	803cce94
8037312c	80373448
8037312c	800356b0
80373378	80035678
80373378	80372950
80373378	803bd5f4
80373378	803b7160
80373378	800356c4
80373448	8003567c
80373448	802f45e4
80373448	803cd454
80373448	802f4794
80373448	802f5de8
80373448	802f56b0
80373448	803735f8
80373448	802f4900
80373448	800356c8
803735f8	803724f8
80373650	80035674
80373650	80372a74
80373650	802cd4cc
80373650	802e9560
80373650	80372950
80373650	800356c0
80373858	80035680
80373858	80372f24
80373858	800356cc
803738e0	80035688
803738e0	803b2138
803738e0	800356d4
80373acc	803cfa04
80373b0c	80035678
80373b0c	802e3a28
80373b0c	803ccc78
80373b0c	803cce0c
80373b0c	803ccd20
80373b0c	803ccfd0
80373b0c	803cd454
80373b0c	803cb934
80373b0c	802f0adc
80373b0c	803cb930
80373b0c	803e3440
80373b0c	803cfa08
80373b0c	803bd5d0
80373b0c	803bd664
80373b0c	80378630
80373b0c	803c4bf8
80373b0c	802e927c
80373b0c	803b70c4
80373b0c	803b7264
80373b0c	803b9d6c
80373b0c	803b7eb0
80373b0c	803ba020
80373b0c	803bad2c
80373b0c	803b9e04
80373b0c	803784c8
80373b0c	8041c400
80373b0c	802e9308
80373b0c	803b9e30
80373b0c	803ba014
80373b0c	802f78a4
80373b0c	802f7bf4
80373b0c	802f6b34
80373b0c	802f6f50
80373b0c	802f6c00
80373b0c	8002451c
80373b0c	803d78b8
80373b0c	80374208
80373b0c	8031962c
80373b0c	802e1124
80373b0c	802e21c4
80373b0c	802e2280
80373b0c	803cce94
80373b0c	800356c4
80374244	80035680
80374244	803bd5f4
80374244	803c4c28
80374244	803b7f04
80374244	803b761c
80374244	803b7160
80374244	803ccc78
80374244	803cce0c
80374244	803ccd20
80374244	803ccfd0
80374244	803cd454
80374244	803cb934
80374244	802f0adc
80374244	803cb930
80374244	803e3440
80374244	803cfa08
80374244	803bd5d0
80374244	803bd664
80374244	80378630
80374244	803c4bf8
80374244	802e927c
80374244	803b70c4
80374244	803b7264
80374244	803b9d6c
80374244	803b7eb0
80374244	803ba020
80374244	803bad2c
80374244	803b9e04
80374244	8041c400
80374244	802e9308
80374244	803b9e30
80374244	80374208
80374244	803784c8
80374244	803cce94
80374244	800356cc
803747d4	802f7abc
803747d4	802f7a24
803747d4	803bd5f4
803747d4	803c4c28
803747d4	803b7f04
803747d4	803b761c
803747d4	803b7160
803749c4	8003567c
803749c4	80377d00
803749c4	8032c608
803749c4	80374208
803749c4	803773c8
803749c4	802e1124
803749c4	802e190c
803749c4	802e1bc4
803749c4	8037802c
803749c4	80375fe0
803749c4	80374fd8
803749c4	80375d54
803749c4	80377c04
803749c4	8037a060
80374fd8	80035684
80374fd8	8032c608
80374fd8	802ccd98
80374fd8	803b9e94
80374fd8	802e3a28
80374fd8	8037a144
80374fd8	802cd4cc
80374fd8	802e927c
80374fd8	802e9308
80374fd8	803b9d6c
80374fd8	803b9e30
80374fd8	803b9ee8
80374fd8	8032dfe8
80375b14	8041c400
80375b14	802e927c
80375b94	802ccd98
80375b94	803b21bc
80375b94	803b2178
80375b94	803b2144
80375d54	80035678
80375d54	802f0090
80375d54	802e3a28
80375d54	80376360
80375d54	802e1124
80375d54	802e1d04
80375d54	802e1c1c
80375d54	8037846c
80375d54	802e1c74
80375d54	802f7bf4
80375d54	802f6c34
80375d54	802f6c00
80375d54	800356c4
80375fe0	8032c608
80375fe0	8032d9b0
80375fe0	803790e0
80375fe0	802f78a4
80375fe0	802f7abc
80375fe0	8037846c
80375fe0	802e1124
80375fe0	802e19a4
80376294	802e1124
80376294	802e190c
80376294	802e1bc4
80376294	8031896c
80376294	80318af4
80376478	80035684
80376478	803b9e94
803769d8	803b9af4
803769d8	803d78b8
803769d8	802e9308
803769d8	802e9560
80376aec	803bd794
80376b84	8037846c
80376b84	802e1124
80376b84	802e190c
80376b84	802e1bc4
80376c98	80035688
80376c98	80318af4
80376c98	802e3a28
80376c98	8041c400
80376c98	802e927c
80376c98	802e9308
80376c98	803b9d6c
80376c98	803b9e30
80376c98	802f7bf4
80376c98	802f6b34
80376c98	802f78a4
80376c98	802f6f50
80376c98	802f6c00
80376c98	802f6c34
80376c98	803d78b8
80376c98	80374208
80376c98	8037846c
80376c98	800356d4
8037708c	802ccd98
8037708c	803b9ee8
8037708c	802f7abc
8037714c	80035688
8037714c	802e3a28
8037714c	803b9e30
8037714c	802f7bf4
8037714c	802f6b34
8037714c	802f6f20
8037714c	802f6f38
8037714c	803790e0
8037714c	8041c400
8037714c	802e927c
8037714c	802e9308
8037714c	803b9d6c
8037714c	802e1124
8037714c	802e1b34
8037714c	802e19fc
8037714c	802e19a4
8037714c	802e1bc4
8037714c	800356d4
803773c8	80035688
803773c8	80318af4
803773c8	80318a30
803773c8	802e1124
803773c8	802e190c
803773c8	802e1bc4
803773c8	8032c608
803773c8	8032e2f4
803777bc	80035688
80377a44	80378004
80377a44	8032c608
80377a44	8032e2f4
80377a44	803be560
80377a44	80376c3c
80377a44	802f78a4
80377a44	802f7abc
80377a44	802e1124
80377a44	802e19a4
80377bc0	8032c608
80377bc0	8032e2f4
80377c04	803b9e94
80377d00	802f7bf4
80377d00	802f6b34
80377d00	802f6c34
80377eac	80035688
80377eac	8032da84
80377eac	803b9e30
80377eac	803790e0
80377eac	802f7abc
80377eac	802f78a4
80377eac	802e1124
80377eac	802e19a4
80377eac	802e1bc4
80377eac	80318a30
80377eac	80376c3c
80377eac	800356d4
8037802c	802f7abc
803780c0	80035688
803780c0	802f7bf4
803780c0	8002451c
803780c0	802f78a4
803780c0	802f6b34
803780c0	802f6f50
803780c0	802e1124
803780c0	802e1bc4
803780c0	802f6c34
803780c0	802f6c00
803780c0	802e190c
803780c0	802f7a24
803780c0	800356d4
803784c8	803ba7c4
80378530	803ba850
80378530	803cfa04
80378588	80035688
80378588	8037860c
80378588	80377a44
80378588	803777bc
80378588	800356d4
8037864c	803bf490
8037864c	803cfa04
803786a4	803e2c78
803786f0	802ccd8c
803786f0	802ccd98
80378754	803bda3c
80378754	803b2144
80378754	802ccd98
80378754	803be704
80378754	802cd4cc
80378754	802cd4e8
80378970	80035688
80378970	8002f288
80378a1c	80378970
80378c30	803b2138
80378c30	803b220c
80378de4	802eaff4
80378f80	803b2138
803790e0	80035688
803790e0	802cd4cc
803790e0	800356d4
80379170	80035680
80379170	803b2144
80379170	802e3a28
80379170	800356cc
80379298	803cfa04
803792d8	80035674
803792d8	802e3a28
803792d8	803ccd20
803792d8	803ccfd0
803792d8	802f0adc
803792d8	803ccc78
803792d8	802ed23c
803792d8	803cce94
803792d8	803cd454
803792d8	803d4ad0
803792d8	803ca53c
803792d8	803ca4f0
803792d8	803cb930
803792d8	803cfa08
803792d8	803bd5d0
803792d8	803bd664
803792d8	80379d08
803792d8	802e927c
803792d8	8041c400
803792d8	802e9308
803792d8	803ccf44
803792d8	803b70c4
803792d8	803cd38c
803792d8	802ccd98
803792d8	803b7264
803792d8	803b7eb0
803792d8	802cd4cc
803792d8	803d78b8
803792d8	8037aa20
803792d8	80317878
803792d8	8031786c
803792d8	800356c0
80379b34	80035680
80379b34	803bd5f4
80379b34	803cac4c
80379b34	803cad48
80379b34	803b7160
80379b34	803b7f04
80379b34	803b761c
80379b34	802f7abc
80379b34	800356cc
80379d08	8003567c
80379d08	802f45e4
80379d08	803cd454
80379d08	802f4794
80379d08	802f50e4
80379d08	802f5de8
80379d08	802f52f0
80379d08	802cd4cc
80379d08	802f4cf4
80379d08	802f4900
80379d08	800356c8
80379f04	80035684
80379f04	802f7abc
80379f04	800356d0
80379f80	8003567c
8037a060	80035680
8037a060	802ccd98
8037a144	80035680
8037a144	802ccd98
8037a228	8041c6c0
8037a228	803d78b8
8037a228	802e9308
8037a350	80035680
8037a740	8003567c
8037a740	8037a860
8037a740	8037a888
8037a740	803bd794
8037a740	800356c8
8037a888	8003567c
8037a888	803bd2f0
8037a888	803c1930
8037a888	803be5c4
8037a888	803d7e3c
8037a888	800356c8
8037aa20	80317878
8037aa20	8031786c
8037ab1c	803cfa04
8037ab5c	80035670
8037ab5c	802e3a28
8037ab5c	803ccd20
8037ab5c	8037ad18
8037ab5c	803cce94
8037ab5c	800356bc
8037ac6c	80035684
8037ac6c	802f7a24
8037ac6c	803cb02c
8037ac6c	800356d0
8037ad18	8003567c
8037ad18	802f45e4
8037ad18	803cd454
8037ad18	802f4794
8037ad18	802f4fe8
8037ad18	802f50e4
8037ad18	802f5de8
8037ad18	802f5568
8037ad18	8037b3b8
8037ad18	802e3a28
8037ad18	802f78a4
8037ad18	802f4900
8037ad18	800356c8
8037b3b8	80035684
8037b3b8	8037bc8c
8037b5fc	80035680
8037b5fc	800245ec
8037b5fc	80379f80
8037b5fc	802f78a4
8037b5fc	800356cc
8037b75c	8003566c
8037baf0	8003567c
8037baf0	803b226c
8037baf0	802f7bf4
8037baf0	802f6c34
8037baf0	800356c8
8037bdac	802cc5d4
8037be2c	802cc660
8037be68	803195d0
8037be68	8038fd98
8037bf0c	8003564c
8037bf0c	8002451c
8037bf0c	802f46bc
8037bf0c	802f50e4
8037bf0c	802f4900
8037bf0c	80035698
8037c00c	80035668
8037c00c	802f46bc
8037c00c	8002451c
8037c00c	802f50e4
8037c00c	802f4900
8037c00c	800356b4
8037c0d8	80035670
8037c0d8	802f46bc
8037c0d8	8002451c
8037c0d8	802f51f4
8037c0d8	802f4900
8037c0d8	800356bc
8037c1b0	80035678
8037c1b0	802f46bc
8037c1b0	8002451c
8037c1b0	802f4cf4
8037c1b0	802f4900
8037c1b0	800356c4
8037c258	803195d0
8037c258	8037c458
8037c258	8037c4a4
8037c258	8037c550
8037c258	8037c5e8
8037c258	8037c634
8037c258	803b2344
8037c258	8037c7f0
8037c458	8037c6a0
8037c4a4	8037c75c
8037c4a4	8037c7f0
8037c4a4	803857e0
8037c4a4	8037c748
8037c4a4	8037c6a0
8037c550	8037c7a0
8037c550	8037c7f0
8037c550	8038585c
8037c550	8037c6a0
8037c5e8	8037c6a0
8037c634	8037c75c
8037c634	8037c6a0
8037c6a0	803b2394
8037c75c	803195d0
8037c7a0	803195d0
8037c7f0	803195d0
8037c7f0	80383008
8037c858	803195d0
8037c858	803830f8
8037c8c0	803b2394
8037ca98	803d5894
8037ca98	8037dc10
8037cae8	80035688
8037cae8	803195d0
8037cae8	80386960
8037ccdc	802cd3a8
8037cd30	80035688
8037cd30	803195d0
8037cd30	802f2120
8037cd30	800356d4
8037cdcc	80035680
8037cdcc	803195d0
8037cdcc	80384f0c
8037cdcc	8037d0b4
8037cdcc	8038e784
8037cdcc	80385ba0
8037cdcc	80385f7c
8037cdcc	800356cc
8037d0e8	802cd250
8037d124	802cd3a8
8037d164	8037cdcc
8037d164	80384f0c
8037d1b0	802cd250
8037d1ec	802cd3a8
8037d22c	8037cdcc
8037d250	802cd250
8037d28c	802cd3a8
8037d2cc	80035680
8037d2cc	8037cdcc
8037d2cc	803195d0
8037d2cc	80385658
8037d2cc	8038509c
8037d2cc	8037d0b4
8037d2cc	8038fc50
8037d2cc	80384f0c
8037d2cc	8038fd90
8037d2cc	80385ba0
8037d2cc	80385f7c
8037d2cc	800356cc
8037d490	802cd250
8037d4d4	802cd3a8
8037d538	80035688
8037d538	8037cdcc
8037d538	8037c858
8037d538	80385658
8037d538	80384f0c
8037d538	8037d0b4
8037d538	80385ba0
8037d538	80385f7c
8037d538	800356d4
8037d708	802cd250
8037d744	802cd3a8
8037d784	80035688
8037d784	8037cdcc
8037d784	8037c858
8037d784	80385658
8037d784	80384f0c
8037d784	8037d0b4
8037d784	803858e0
8037d784	8002f288
8037da50	802cd250
8037dab8	802cd3a8
8037daf8	80035688
8037daf8	8037cdcc
8037daf8	8037c7f0
8037daf8	8037d0b4
8037daf8	803858fc
8037dc10	802cd250
8037dc4c	802cd3a8
8037dc8c	80035688
8037dc8c	8037cdcc
8037dc8c	8037c72c
8037dc8c	8041c54c
8037dc8c	80385ba0
8037dc8c	80385f7c
8037dc8c	80384f0c
8037dc8c	800356d4
8037dd24	802cd250
8037dd60	802cd3a8
8037dda0	8037cdcc
8037dda0	8037c75c
8037dda0	80386ebc
8037dda0	8038509c
8037dda0	80384f0c
8037de2c	802cd250
8037de68	802cd3a8
8037dea8	80035688
8037dea8	8037cdcc
8037dea8	803195d0
8037dea8	80384dd0
8037dea8	80384f0c
8037dea8	800356d4
8037df74	802ccd8c
8037df74	802cf544
8037df74	802cf2b8
8037e02c	80035688
8037e02c	803ab294
8037e02c	8036e2e8
8037e02c	800356d4
8037e138	803ab388
8037e138	803cfa04
8037e190	8003565c
8037e190	803b40c0
8037e190	803ad790
8037e190	8041b590
8037e190	803bf054
8037e190	803ab430
8037e190	803834d8
8037e190	8037ef38
8037e190	803dfee4
8037e190	802ec9dc
8037e190	8036ed5c
8037e190	803cfa08
8037e190	803b6c58
8037e190	803b6dec
8037e190	803913c0
8037e190	8002451c
8037e190	803cb218
8037e190	8039141c
8037e190	8038d940
8037e190	8038d9fc
8037e190	8038dba0
8037e190	8038e3d8
8037e190	8038e494
8037e190	8038e540
8037e190	80389be8
8037e190	803ccc78
8037e190	803cf6d0
8037e190	803c7054
8037e190	803c70a8
8037e190	8037bf0c
8037e190	8037c00c
8037e190	8037c1b0
8037e190	8037c0d8
8037e190	8037f480
8037e190	8038e9f4
8037e190	8038ea7c
8037e190	803908a0
8037e190	803908f4
8037e190	8038aacc
8037e190	802f472c
8037e190	802f4a54
8037e190	802f4df0
8037e190	802f4900
8037e190	803805b8
8037e190	803803a0
8037e190	8037f714
8037e190	8038bd9c
8037e190	8038be18
8037e190	80256d20
8037e190	80256e4c
8037e190	803ab580
8037e190	802e1124
8037e190	802e15e0
8037e190	802e1fd0
8037e190	802e16a8
8037e190	802f46bc
8037e190	802f50e4
8037e190	8037fd74
8037e190	8041b650
8037e190	803b40b0
8037e190	8038af5c
8037e190	803cce94
8037e190	800356a8
8037ef38	80035684
8037ef38	802f46bc
8037ef38	802f4fe8
8037ef38	802f51f4
8037ef38	802f4900
8037ef38	800356d0
8037f05c	80035680
8037f05c	803ab524
8037f05c	803bf424
8037f05c	80256d20
8037f05c	80256e0c
8037f05c	8038db18
8037f05c	8038d990
8037f05c	8038e4a8
8037f05c	8038e428
8037f05c	8038ebdc
8037f05c	8038ea34
8037f05c	803908ac
8037f05c	8038c0c8
8037f05c	80393b68
8037f05c	803913d0
8037f05c	802f7a24
8037f05c	8038428c
8037f05c	803837e8
8037f05c	80389fc8
8037f05c	803c718c
8037f05c	803c7060
8037f05c	803cb708
8037f05c	802cd06c
8037f05c	802ec9dc
8037f05c	802e1124
8037f05c	802e2010
8037f05c	80324388
8037f05c	8032713c
8037f05c	802e1a54
8037f05c	802e162c
8037f05c	803dfde8
8037f05c	803c4be0
8037f05c	803c4aac
8037f05c	803beaec
8037f05c	8036ed5c
8037f05c	800356cc
8037f480	80035688
8037f480	802f46bc
8037f480	802f4cf4
8037f480	802f4900
8037f480	800356d4
8037f714	80035654
8037f714	803c4be8
8037f714	8036f214
8037f714	803c4be0
8037f714	803c4db0
8037f714	8036e2e8
8037f714	803c4aac
8037f714	803bea7c
8037f714	803bed64
8037f714	803858e0
8037f714	803be660
8037f714	8037fd1c
8037f714	8037fccc
8037f714	802cd4cc
8037f714	8037fd50
8037f714	800356a0
8037fccc	802cd4cc
8037fd74	8003564c
8037fd74	803bed64
8037fd74	8037fd50
8037fd74	8038b3c0
8037fd74	80035698
8038026c	8030b670
8038026c	803906ac
803802cc	80035668
803802cc	80390ac8
803802cc	800356b4
803803a0	8003567c
803803a0	803cfa08
803803a0	80383720
803803a0	8038af9c
803803a0	8038384c
803803a0	803806d0
803803a0	803d5894
803803a0	8037bdac
803803a0	802cd048
803803a0	800356c8
803805b8	80035678
803805b8	803b1dc8
803805b8	803cfa08
803805b8	80383720
803805b8	8038af9c
803805b8	8038384c
803805b8	803806d0
803805b8	800356c4
803806d0	80035684
803806d0	803b1dc8
803806d0	8038a094
803806d0	800356d0
80380800	80324388
80380800	80317878
80380800	803176ec
80380800	803270e8
803808a0	80035688
803808a0	803830f8
803808a0	80380914
803808a0	800356d4
80380914	80035684
80380914	80384f58
80380914	8038c20c
80380914	800356d0
803809a4	80035684
803809a4	80319008
803809a4	8037fd74
803809a4	803813e4
803809a4	80381434
803809a4	80381520
803809a4	80381b34
803809a4	80381c70
803809a4	80382cd0
803809a4	80382f08
803809a4	80382fcc
803809a4	803ab4f0
803809a4	80382544
803809a4	800356d0
80380b68	80035684
80380b68	8038dde4
80380b68	8038e984
80380b68	803904bc
80380b68	8039500c
80380b68	803895d4
80380b68	80390b7c
80380b68	800356d0
80380c10	80035684
80380c10	80380800
80380c10	802e1124
80380c10	802e1a54
80380c10	8038e4dc
80380c10	8038e540
80380c10	8038ec1c
80380c10	8038c114
80380c10	8031922c
80380c10	80319178
80380c10	803181c4
80380c10	80317ca8
80380c10	80324388
80380c10	803ae858
80380c10	8002aaa0
80380c10	80318400
80380c10	80317cf8
80380c10	803182a4
80380c10	8038a28c
80380c10	8038a2e4
80380c10	8038a33c
80380c10	80384518
80380c10	80317d6c
80380c10	8037be68
80380c10	802f7a24
80380c10	8037fd74
80380c10	800356d0
80380f8c	803182a4
80380ff4	8003567c
80380ff4	8032c608
80380ff4	8032dfcc
80380ff4	8032dfe8
80380ff4	803b2178
80380ff4	80386838
80380ff4	8032c6b0
80380ff4	8032d9b0
80380ff4	8038a33c
80380ff4	8038509c
8038131c	80035684
8038131c	8032c608
8038131c	8032d9b0
8038131c	803abac4
8038131c	80318fec
8038131c	800356d0
803813e4	803ab684
803813e4	80380800
80381434	80035684
80381434	8038dcac
80381434	8038e8a8
80381434	8038ffe8
80381434	80386ecc
80381434	803be594
80381434	800356d0
80381520	8003566c
80381520	803195d0
80381520	80384a7c
80381520	80386ecc
80381520	80317f48
80381520	80317ca8
80381520	80317f98
80381520	803181c4
80381520	8002451c
80381520	803858e0
80381520	802f78a4
80381520	802f7bf4
80381520	802f6c00
80381520	802f6b34
80381520	802f6f50
80381520	802e1124
80381520	802e1bc4
80381520	802e190c
80381520	8032c608
80381520	8032d9b0
80381520	802f7a24
80381520	80384a10
80381520	803179c0
80381520	8031838c
80381520	8038131c
80381520	800356b8
80381b34	80035684
80381b34	8038dcac
80381b34	8038e8a8
80381b34	8038ffe8
80381b34	80395008
80381b34	80386ecc
80381b34	803be594
80381b34	80383304
80381b34	80384a7c
80381b34	8038131c
80381b34	800356d0
80381c70	80035664
80381c70	80383304
80381c70	80380ff4
80381c70	8038dcac
80381c70	8038e8a8
80381c70	8038ffe8
80381c70	80395008
80381c70	80386960
80382544	80035678
80382544	803bed64
80382544	803858d8
80382544	8037fd1c
80382544	8037fccc
80382544	802cd4cc
80382544	80388684
80382544	8038ce94
80382544	80382a30
80382544	80382970
80382544	80382ae8
80382544	80382b78
80382544	802e1124
80382544	802e190c
80382544	80317a94
80382544	80317b24
80382544	802e1a54
80382544	800356c4
80382ae8	80382970
80382b78	80035684
80382b78	80385ab0
80382b78	803b2344
80382b78	8038fa84
80382b78	800356d0
80382cd0	80035674
80382cd0	8038dcac
80382cd0	8038e8a8
80382cd0	8038ffe8
80382cd0	80386ecc
80382cd0	803be594
80382cd0	80324388
80382cd0	8032713c
80382cd0	8041afe4
80382cd0	8038a23c
80382cd0	8038a244
80382cd0	8038a24c
80382cd0	8038a254
80382cd0	803835c4
80382cd0	803ab6fc
80382cd0	8038c114
80382cd0	800356c0
80382f08	803aba70
80382f08	803e01b8
80382fcc	803e0238
80383284	8038a084
80383284	80384dd0
80383284	802e1124
80383284	802e190c
80383368	80319008
80383368	803abc30
803833e4	803179dc
803833e4	803abc7c
803834d8	80035684
803834d8	802f46bc
803834d8	802f5de8
803834d8	802f4fe8
803834d8	802f4900
803834d8	800356d0
803835c4	80035680
803835c4	8038a23c
803835c4	8038a244
803835c4	8038a24c
803835c4	8038a254
803835c4	800356cc
8038365c	80318fec
803836b4	802ccd8c
803836b4	802629ac
80383720	80035684
80383720	803b2138
80383720	80390df8
80383720	800356d0
803837e8	80390e04
803837e8	803cfa04
8038384c	8003566c
8038384c	803e36f0
8038384c	803195d0
8038384c	8037fccc
8038384c	8039420c
8038384c	803840b0
8038384c	802e3a28
8038384c	803ccc78
8038384c	803b2144
8038384c	80334770
8038384c	802e927c
8038384c	802e9308
8038384c	803cd454
8038384c	803b70c4
8038384c	802f78a4
8038384c	802f7bf4
8038384c	802f6b34
8038384c	802cd4e8
8038384c	802e8134
8038384c	8002451c
8038384c	803841dc
8038384c	803bc40c
8038384c	802e9560
8038384c	80390e4c
8038384c	80390fd4
8038384c	8038a25c
8038384c	802e1124
8038384c	802e21c4
8038384c	802e2280
8038384c	803cce94
8038384c	800356b8
803840b0	803b8338
803840b0	802f0090
803840b0	802f00e4
803840b0	802f003c
803840b0	802e3a28
803841dc	803b7bdc
803841dc	803bc004
803841dc	803cfa08
803841dc	8038a544
8038428c	80035684
8038428c	803bbcfc
8038428c	803bae2c
8038428c	803b7160
8038428c	802f7a24
8038428c	800356d0
80384518	80035688
80384518	803195d0
80384518	8039420c
80384518	8037fccc
80384518	803840b0
80384518	802e3a28
80384518	802ccd98
80384518	803bc49c
80384518	803bc688
80384518	803bc75c
80384518	803bc3b0
80384518	8030b670
80384518	80389888
80384518	803bc364
80384518	803bc004
80384518	802cd4e8
80384518	80390eb0
80384518	80380240
80384518	80390fd4
80384518	80384a7c
80384518	8038a25c
80384518	800356d4
80384a10	803bed64
80384a10	8038b3d8
80384a7c	802f7bf4
80384dd0	80035688
80384f58	80035688
80384f58	802f7bf4
80384f58	802f6b88
80384f58	8002451c
80384f58	802f78a4
80384f58	802f7a24
80384f58	80390f18
80384f58	8032c608
80384f58	8032e2f4
80384f58	802e1124
80384f58	802e190c
80384f58	802e1bc4
80384f58	803195d0
80384f58	8038099c
80384f58	800356d4
8038509c	8038fda4
8038509c	802e1124
8038509c	802e1bc4
803851c8	80385ba0
803851c8	80385f7c
80385230	803195d0
80385230	803808a0
80385230	8002451c
80385230	802f78a4
80385230	802f7bf4
80385230	802f7a24
80385230	802e1124
80385230	802e190c
803852f0	803195d0
803852f0	80380848
803852f0	8002451c
803852f0	802f78a4
803852f0	802f7bf4
803852f0	802f7a24
803852f0	802e1124
803852f0	802e190c
803853b0	802e1124
803853b0	802e190c
8038540c	8037fccc
8038540c	803195d0
8038540c	8039420c
8038540c	8038e70c
80385528	802f7a24
80385528	803bc048
80385528	802f78a4
80385528	802f7b08
80385528	8032c608
80385528	8032e2f4
80385528	8038fc20
80385528	803195d0
80385528	80380240
80385528	802e1124
80385528	802e190c
80385528	802e1bc4
80385658	803856b4
803856e8	803195d0
803856e8	8039420c
803856e8	8038e70c
803856e8	802e1124
803856e8	802e190c
803857e0	8037fd1c
8038585c	8037fd1c
803858fc	80035688
803858fc	803195d0
803858fc	8037fd1c
80385a5c	8002f288
80385ab0	8038f4c0
80385ab0	8038fc20
80385ab0	8038fbf0
80385ab0	803bc49c
80385ab0	803bc018
80385ab0	80384a7c
80385ba0	80035684
80385ba0	803195d0
80385ba0	80394c5c
80385ba0	8039420c
80385ba0	80394808
80385ba0	802cd9ac
80385ba0	802eaff4
80385f7c	80035684
80385f7c	8037fccc
80385f7c	803195d0
80385f7c	8039420c
80385f7c	80394808
80385f7c	802cd9ac
80386258	80385ba0
80386258	803195d0
803862f8	80390f18
80386348	80035688
80386348	802f0090
80386348	802e3a28
80386348	803b2178
80386348	803b2138
80386348	802cd4e8
80386348	803b2144
80386348	802ecc6c
80386348	80390f90
80386348	8032da84
80386348	802f7a24
80386348	803b21bc
80386348	802f7960
80386348	802f78a4
80386348	802f7bf4
80386348	80385f7c
80386348	8032c608
80386348	8032e2f4
80386348	802e1124
80386348	802e19a4
80386348	802e1bc4
80386348	800356d4
803867bc	802e1124
803867bc	802e1b34
803867bc	802e1a54
80386838	803bc3b0
80386838	802ccd98
80386838	8041ccb4
80386838	802e3a38
80386838	803b22d8
80386838	803b2144
80386968	80035684
80386968	803195d0
80386968	80380b60
80386968	8037fd1c
80386968	80394ad0
80386968	80385a5c
80386968	80390fd4
80386be4	802f78a4
80386be4	802f7a24
80386c38	80035680
80386c38	8038fbf0
80386c38	803195d0
80386c38	80380240
80386c38	8038f4c0
80386c38	803856b4
80386c38	802e1124
80386c38	802e190c
80386c38	80385658
80386c38	800356cc
80386ecc	80035670
80386ecc	803bc7c0
80386ecc	803195d0
80386ecc	80317e58
80386ecc	8038f4c0
80386ecc	803840b0
80388684	8003567c
80388684	803bc3b0
80388684	8030b670
80388684	80389888
80388684	80389800
803895d4	80035680
803895d4	802ce948
803895d4	803bd2f0
803895d4	803c1930
803895d4	803bd794
803895d4	803856b4
803895d4	8030b670
803895d4	80390544
803895d4	800356cc
80389800	802ccd98
80389800	802e3a38
80389800	802ecbd0
80389888	80035684
80389888	802ccd98
80389888	802e3a38
80389888	802ecbd0
80389be8	80035654
80389be8	803ccc78
80389be8	803ccfd0
80389be8	803ccd20
80389be8	803cd454
80389be8	803cb934
80389be8	803cb930
80389be8	803e3440
80389be8	803cfa08
80389be8	803bd5d0
80389be8	803bd664
80389be8	8002451c
80389be8	802f0adc
80389be8	80410d74
80389be8	803e3260
80389be8	803cce0c
80389be8	803ccd84
80389be8	803cce94
80389be8	800356a0
80389fc8	80035674
80389fc8	803bd5f4
80389fc8	800356c0
8038a094	8003567c
8038a094	80390fd4
8038a094	803e36f0
8038a094	800356c8
8038a1c4	802e1124
8038a1c4	802e190c
8038a1c4	802e1bc4
8038a28c	80317e58
8038a2e4	80317e58
8038a33c	80317e58
8038a394	803856b4
8038a424	802ccd8c
8038a424	802ccd98
8038a544	801690bc
8038a598	8016917c
8038a598	803cfa04
8038a610	80203438
8038a734	8003567c
8038aacc	8038aafc
8038af5c	803cf6a0
8038afe0	80035688
8038afe0	803bda3c
8038afe0	803b2138
8038afe0	802e3a28
8038afe0	803be704
8038b17c	8037fd50
8038b1cc	80035684
8038b1cc	8037fccc
8038b1cc	803195d0
8038b1cc	8039420c
8038b1cc	80394808
8038b1cc	800356d0
8038b3d8	80035688
8038b3d8	8037fd50
8038b3d8	800356d4
8038b500	80035688
8038b500	8038bc28
8038b500	802f0090
8038b500	802f00e4
8038b500	802f003c
8038b500	802e3a28
8038b500	803195d0
8038b500	8039420c
8038b500	803b2178
8038b500	803b21bc
8038b500	803be57c
8038b500	803be5f4
8038b500	803be660
8038b500	803bdbac
8038b500	800356d4
8038bdb8	803bf490
8038bdb8	803cfa04
8038be18	80035680
8038be18	8038beb8
8038be18	803c4bf8
8038be18	8038bedc
8038be18	800356cc
8038bedc	803c4db0
8038bedc	8036e2e8
8038bedc	803c4be0
8038bedc	803c4aac
8038bedc	803be790
8038bedc	803bed64
8038c0c8	803c4c28
8038c114	8003567c
8038c114	803c4be0
8038c114	803195d0
8038c114	8038c938
8038c114	8038beb8
8038c114	800356c8
8038c20c	80035674
8038c20c	8038beb8
8038c20c	800356c0
8038c33c	80035684
8038c33c	803195d0
8038c33c	803180ec
8038c33c	80318078
8038c33c	800356d0
8038c938	80035688
8038c938	803195d0
8038c938	80318078
8038c938	800356d4
8038c9b0	80035678
8038c9b0	803195d0
8038c9b0	803bed64
8038c9b0	803858d8
8038c9b0	8037fd1c
8038c9b0	8037fccc
8038c9b0	802cd4cc
8038ce94	80035670
8038ce94	803195d0
8038ce94	8038beb8
8038ce94	80385658
8038ce94	8038c9b0
8038ce94	8038c938
8038ce94	8038c33c
8038ce94	800356bc
8038d17c	80035688
8038d524	803b7f04
8038d524	803cfa04
8038d5c8	803b7f04
8038d648	803b9af4
8038d648	803d78b8
8038d648	803bd794
8038d940	80035248
8038d990	80035340
8038d990	803cfa04
8038d9fc	80035684
8038d9fc	803ccc78
8038d9fc	803ccd20
8038d9fc	803ccfd0
8038d9fc	803cd454
8038d9fc	803cb934
8038d9fc	803cb930
8038d9fc	803e3440
8038d9fc	803cfa08
8038d9fc	803bd5d0
8038d9fc	803bd664
8038d9fc	803cce94
8038d9fc	800356d0
8038db18	80035688
8038db18	8038d5c8
8038db18	803bd5f4
8038db18	800356d4
8038dba0	80035684
8038dba0	802e3a28
8038dba0	800356d0
8038dcac	80035684
8038dcac	8038d644
8038dcac	802e3a28
8038dcac	8038d5c8
8038dcac	800356d0
8038dde4	80035688
8038dde4	8038d648
8038dde4	800356d4
8038de94	803cfa04
8038dee0	80035680
8038dee0	802cd4cc
8038dee0	802f78a4
8038dee0	803195d0
8038dee0	80394ad0
8038e0a8	802f7a24
8038e10c	802cd4cc
8038e1a8	80035688
8038e1a8	802e7c9c
8038e2f0	803d78b8
8038e2f0	8041c6c0
8038e2f0	803195d0
8038e2f0	8038026c
8038e3d8	80035248
8038e428	80035340
8038e428	803cfa04
8038e4a8	8038e4dc
8038e4dc	80035688
8038e4dc	8038e0a8
8038e4dc	800356d4
8038e540	80035680
8038e540	802ccd98
8038e540	802f003c
8038e540	802e3a28
8038e540	8038dee0
8038e540	800356cc
8038e70c	8038dee0
8038e8a8	80035684
8038e8a8	8038e2c0
8038e8a8	8038e0a8
8038e8a8	8038e10c
8038e8a8	800356d0
8038e984	80035688
8038e984	8038e2f0
8038e984	800356d4
8038ea34	803cfa04
8038ea7c	8003567c
8038ea7c	8038f6e4
8038ea7c	803b2344
8038ea7c	803906d8
8038ea7c	803195d0
8038ea7c	803802bc
8038ea7c	8038ecb8
8038ea7c	8038f154
8038ea7c	800356c8
8038ebdc	8038ec1c
8038ebdc	80390810
8038ec1c	8038f64c
8038ec1c	803b2344
8038ec1c	802e1124
8038ec1c	802e1a54
8038ecb8	80035660
8038ecb8	8002451c
8038ecb8	803ccc78
8038ecb8	803ccfd0
8038ecb8	803cd454
8038ecb8	803cb948
8038ecb8	803195d0
8038ecb8	802e3a28
8038ecb8	80394ad0
8038ecb8	8035ceb4
8038f154	80035654
8038f154	8002451c
8038f154	802f46bc
8038f154	803195d0
8038f154	802f5de8
8038f154	802f52f0
8038f154	802e3a28
8038f154	80394ad0
8038f154	8035ceb4
8038f4c0	803856b4
8038f50c	80035680
8038f50c	8038f5c0
8038f50c	803b2344
8038f50c	802f78a4
8038f50c	803195d0
8038f50c	803802c4
8038f50c	800356cc
8038f5c0	8038f620
8038f64c	8038f620
8038f64c	8038f6e4
8038f6e4	802f7a24
8038f764	80035670
8038f764	8038f620
8038f764	803858e0
8038f764	8038fed4
8038f764	8038ff5c
8038f764	802e1124
8038f764	802e190c
8038f764	802e19fc
8038f764	802f7a24
8038f764	803195d0
8038f764	803802c4
8038f764	802ec6a0
8038f764	800356bc
8038fa84	8003567c
8038fa84	8038f5c0
8038fa84	802ec6a0
8038fa84	803858d8
8038fa84	802f78a4
8038fa84	8038fbf0
8038fa84	80386c38
8038fa84	800356c8
8038fc20	802e1124
8038fc20	802e1a54
8038fda4	80035688
8038fda4	803856b4
8038fda4	8038a08c
8038fda4	803852f0
8038fda4	80385230
8038fda4	803853b0
8038fda4	803856e8
8038fda4	8038540c
8038fda4	8038f64c
8038fda4	80386c38
8038fda4	800356d4
8038ff5c	803b2394
8038ffe8	80035684
8038ffe8	8038f620
8038ffe8	8038f64c
8038ffe8	803b2344
8038ffe8	8038f50c
8038ffe8	803195d0
8038ffe8	803802cc
8038ffe8	800356d0
80390278	802f7bf4
80390278	802f6c34
80390278	803b22b4
80390278	803b226c
80390278	8041c400
80390278	802e927c
80390278	802e9308
80390278	803d78b8
80390278	803bd794
803904bc	80035688
803904bc	8038f620
803904bc	80390278
803904bc	800356d4
80390544	80035688
80390544	803856b4
80390544	802e927c
80390544	802e9308
80390544	8041c6c0
80390544	803bd794
80390544	800356d4
803906d8	80035678
803906d8	803ccc78
803906d8	803ccd20
803906d8	803ccfd0
803906d8	803cd454
803906d8	803cb934
803906d8	803cb930
803906d8	803e3440
803906d8	803cfa08
803906d8	803bd5d0
803906d8	803bd664
803906d8	803cce94
803906d8	800356c4
80390810	8003567c
80390810	803bd5f4
80390810	800356c8
803908ac	803cfa04
803908f4	803e7520
803908f4	803eb164
803908f4	803f0bb4
803908f4	803f02c8
803908f4	803f02b4
803908f4	803f0200
803908f4	80380264
803908f4	803f02a0
803908f4	803f02bc
803908f4	803e73c4
803908f4	803e7408
803908f4	803e746c
803908f4	803e7444
803908f4	803e7398
803908f4	803e741c
803908f4	803e73f4
803908f4	803e718c
803908f4	803e7430
803908f4	803e73bc
80390ac8	80035680
80390ac8	802cd4cc
80390ac8	800356cc
80390b7c	80035680
80390b7c	803f02b4
80390b7c	803f0718
80390b7c	8030b8c0
80390b7c	8030b908
80390b7c	80390d68
80390b7c	803f02f8
80390b7c	800356cc
80390d68	803e5798
80390e04	803cfa04
80390f18	8032da84
80390f90	8032da84
803913d0	803cfa04
8039141c	8003567c
8039141c	802e3a28
8039141c	802ccd98
8039141c	803931b0
8039141c	803917e0
8039141c	803932b4
8039141c	80391ce4
8039141c	8002451c
8039141c	803ccc78
8039141c	803ccfd0
8039141c	803cd454
8039141c	803cb934
8039141c	803cb930
8039141c	803e3440
8039141c	803cfa08
8039141c	803bd5d0
8039141c	803bd664
8039141c	803b70c4
8039141c	803cce94
8039141c	800356c8
803917e0	8002451c
803917e0	803ccc78
803917e0	803ccfd0
803917e0	803cd454
803917e0	803cb948
803917e0	803918c4
803917e0	803cce94
803918c4	80035668
803918c4	802ccd98
803918c4	802e3a28
803918c4	80394ad0
803918c4	8037fccc
803918c4	80394808
803918c4	800245ec
803918c4	800356b4
80391a88	80035668
80391a88	802ccd98
80391a88	80394ad0
80391a88	80393c54
80391a88	80394808
80391a88	8037fccc
80391a88	800356b4
80391ce4	803930f0
803931b0	8002451c
803931b0	803ccc78
803931b0	803ccfd0
803931b0	803cd454
803931b0	803cb948
803931b0	803cb94c
803931b0	80393848
803931b0	803cce94
803932b4	8002451c
803932b4	803ccc78
803932b4	803ccfd0
803932b4	803cd454
803932b4	803cb948
803932b4	80391a88
803932b4	803cce94
8039334c	80035680
8039334c	802e3a28
8039334c	80340780
8039334c	802f0090
8039334c	802f003c
8039334c	800356cc
803936c0	80035680
803936c0	803bd2f0
803936c0	803c176c
803936c0	803be5c4
803936c0	803d7d60
803936c0	800356cc
80393848	80035654
80393848	802cd4cc
80393848	802e7c9c
80393848	8002f288
80393848	803b3160
80393b68	80035688
80393b68	803bd5f4
80393b68	803b7160
80393b68	800356d4
80393c54	8003567c
80393c54	8037fd1c
80393ef4	80035688
80393ef4	8039334c
80393ef4	8041ccb4
80393ef4	802ccddc
8039420c	8003565c
80394808	80035674
80394808	802f0090
80394808	802f00e4
80394808	802f003c
80394808	802e3a28
80394808	803b3160
80394808	802e7c9c
80394ad0	80035670
80394ad0	803b3160
80394ad0	802e7c9c
80394c5c	80035688
80394c5c	8039420c
80394c5c	80393c54
80394f00	80035684
80394f00	80393c54
8039500c	80035678
8039500c	803d78b8
8039500c	8037a860
8039500c	803936c0
8039500c	803bd794
8039500c	800356c4
80395168	8003567c
80395168	8002451c
80395168	803e36f0
80395168	800356c8
803951f4	8002451c
803951f4	803e36f0
80395290	802cc5d4
80395290	803b2138
80395290	802cd4e8
80395318	802cc660
80395354	80035670
80395354	80319a54
80395354	802f45e4
80395354	8039ce38
80395354	802f4794
80395354	802f4df0
80395354	802f4900
80395354	802cd4e8
80395354	800356bc
803954a8	80319a54
803954a8	80397950
803954a8	8039565c
803954a8	80395808
803954a8	803d5894
803954a8	80395848
803954a8	802ef650
803954a8	803b2144
8039565c	80319a54
8039565c	8030b670
8039565c	802e9560
8039565c	80397950
8039565c	802ea12c
80395848	802cd250
8039589c	802cd3a8
803958d8	80035688
803958d8	80319a54
803958d8	802f2120
803958d8	80397950
803958d8	80395808
803958d8	8039565c
803958d8	800356d4
80395990	80319a54
80395990	8030b670
80395990	802e9560
80395990	802ea12c
80395c18	802cd250
80395c18	803b2138
80395c18	802cd4e8
80395ca8	802cd3a8
80395ce4	80035680
80395ce4	802cd4e8
80395ce4	800356cc
80395d84	8003567c
80395d84	80319a54
80395d84	802f45e4
80395d84	8039ce38
80395d84	802f4794
80395d84	802f4bf8
80395d84	802f4900
80396214	802ef650
80396214	803b2144
80396288	80035688
80396288	803b2144
803963b8	802ccd8c
803963b8	802cf544
803963b8	802cf2b8
80396410	80035684
80396410	803ab294
80396410	803b2144
80396410	803b2138
80396410	8039cbd0
80396410	800356d0
8039666c	803ab388
8039666c	803cfa04
803966c4	8003567c
803966c4	803b40c0
803966c4	803ad790
803966c4	8041b590
803966c4	803bf054
803966c4	803ab430
803966c4	8039ceac
803966c4	803cfa08
803966c4	8039d264
803966c4	803da02c
803966c4	802e3a28
803966c4	803abefc
803966c4	8041c400
803966c4	802e927c
803966c4	8041c82c
803966c4	802ccd98
803966c4	802ea12c
803966c4	803b2144
803966c4	803becb0
803966c4	8039ba00
803966c4	80395354
803966c4	8039bbec
803966c4	8039bd20
803966c4	8039c6dc
803966c4	80397390
803966c4	803bcf10
803966c4	803973a4
803966c4	803bd000
803966c4	803973b8
803966c4	803bd0b0
803966c4	803973c4
803966c4	803b21bc
803966c4	803bcd5c
803966c4	803cb218
803966c4	8039be84
803966c4	803b8018
803966c4	8039d3d8
803966c4	8039e564
803966c4	802cd4e8
803966c4	802ef650
803966c4	802e979c
803966c4	80256d20
803966c4	80256e4c
803966c4	802f78a4
803966c4	802f45e4
803966c4	802f4794
803966c4	802f50e4
803966c4	802f4bf8
803966c4	802f4900
803966c4	802e1124
803966c4	802e15e0
803966c4	802e1fd0
803966c4	8039cb30
803966c4	803ab580
803966c4	8039a94c
803966c4	8039b1b0
803966c4	8041b650
803966c4	803b40b0
803966c4	800356c8
803973d8	80035678
803973d8	802ec78c
803973d8	8032c608
803973d8	8032dc20
803973d8	803ab524
803973d8	803cb708
803973d8	8039d768
803973d8	802d0120
803973d8	803c8b70
803973d8	802e9734
803973d8	802f7abc
803973d8	80256d20
803973d8	80256e0c
803973d8	80317ca8
803973d8	80318468
803973d8	80317878
803973d8	803176fc
803973d8	80324388
803973d8	8032713c
803973d8	8039cab4
803973d8	802e1124
803973d8	802e2080
803973d8	802e2010
803973d8	802e162c
803973d8	803abf0c
803973d8	800356c4
80397640	80035688
80397640	8039b674
80397640	8039d904
80397640	80397988
80397640	803979e4
80397640	80397ae4
80397640	80397b74
80397640	80398368
80397640	80398a84
80397640	80399108
80397640	80399b60
80397640	80399be0
80397834	8039ea30
80397834	803181c4
803978b4	80317ca8
803978b4	80318468
80397904	8039a94c
80397904	803abc7c
80397988	803ab684
80397988	8039c1d8
80397988	8039a94c
803979e4	803c8b70
803979e4	8031922c
803979e4	80318550
803979e4	802e1124
803979e4	802e190c
803979e4	8039a94c
80397ae4	8039a94c
80397b74	80035688
80397b74	80318550
80397b74	80317c0c
80397b74	80317ca8
80397b74	802e2108
80397b74	802e1124
80397b74	802e19a4
80397b74	8039e6ac
80397b74	802e1bc4
80397b74	802f78a4
80397b74	802f7abc
80397b74	803be560
80397b74	8032c608
80397b74	8032dc20
80397b74	8032dc38
80397b74	8039c76c
80397b74	803179f8
80397b74	802e190c
80397b74	803c8b70
80397b74	8039e690
80397b74	8039e7ec
80397b74	8032d9b0
80397b74	8039e784
80397b74	803b2144
80397b74	802ecc6c
80397b74	8039a91c
80397b74	8039a94c
80397b74	803abac4
80397b74	800356d4
80398368	80035688
80398368	8039a2c0
80398368	8039e53c
80398368	802e2108
80398368	802e1124
80398368	802e19a4
80398368	80328720
80398368	802f78a4
80398368	802f7abc
80398368	802e190c
80398368	80399db8
80398368	80399cb0
80398368	8039c538
80398368	8039b76c
80398368	8039b894
80398368	8039a8cc
80398368	8039a178
80398368	803b2144
80398368	802ecc6c
80398368	8039c4c0
80398368	80399f88
80398a84	80035688
80398a84	8039c220
80398a84	8039a2c0
80398a84	8039e53c
80398a84	802e2108
80398a84	802e1124
80398a84	802e19a4
80398a84	80328720
80398a84	802f78a4
80398a84	802f7abc
80398a84	802e190c
80398a84	80399db8
80398a84	80399cb0
80398a84	8039c538
80398a84	8039b76c
80398a84	8039b894
80398a84	8039a8cc
80398a84	8039a178
80398a84	803b2144
80398a84	802ecc6c
80398a84	8039c4c0
80398a84	80399f88
80399108	8003567c
80399108	8039b504
80399108	803b224c
80399108	803b21bc
80399108	802e3a28
80399108	8039d0bc
80399108	80317a94
80399108	80317b24
80399108	80317878
80399108	803176fc
80399108	80324388
80399108	8032713c
80399108	8039a94c
80399108	8041afe4
80399108	8039cd10
80399108	803abc80
80399108	803ab6fc
80399108	8039e848
80399108	803994f4
80399108	800356c8
80399460	8039cbd0
80399460	803994f4
80399460	80318550
803994f4	80035680
803994f4	80317ca8
803994f4	803179f8
803994f4	802f7abc
803994f4	8039c1d8
803994f4	8039cab4
803994f4	802cd4e8
803994f4	8039e5a8
803994f4	8039c6dc
803994f4	802ccd98
803994f4	802ea12c
803994f4	80328720
803994f4	80397390
803994f4	803bcf10
803994f4	803973a4
803994f4	803bd000
803994f4	803973b8
803994f4	803bd0b0
803994f4	803973c4
803994f4	803b2144
803994f4	803b21bc
803994f4	803bcd5c
803994f4	8039e564
803994f4	80399afc
803994f4	802e7910
803994f4	80395354
803994f4	80328104
803994f4	802e979c
803994f4	802f45e4
803994f4	802f4794
803994f4	802f50e4
803994f4	802f4900
803994f4	8039b1b0
803994f4	800356cc
80399afc	80035688
80399afc	803d5894
80399afc	80395290
80399afc	802cd048
80399afc	800356d4
80399b60	803aba70
80399b60	8039a94c
80399be0	803e0238
80399c1c	803b2344
80399cb0	80035680
80399cb0	802ef650
80399cb0	803b2138
80399cb0	802cd4e8
80399cb0	803b2144
80399cb0	802ecc6c
80399cb0	800356cc
80399db8	80035688
80399db8	8039a8cc
80399db8	8032c608
80399db8	8032d9b0
80399db8	8039a178
80399db8	803c8b70
80399db8	800356d4
80399f88	803c8b70
80399f88	803b2344
80399f88	802e2108
80399f88	802e1124
80399f88	802e19a4
8039a2c0	80035688
8039a94c	80318550
8039a94c	80317c0c
8039a94c	802e1124
8039a94c	802e190c
8039a94c	8032c608
8039a94c	8032dc20
8039a94c	8032dc38
8039a94c	803c8b70
8039a94c	803179f8
8039a94c	80318468
8039a94c	803184dc
8039a94c	8039aeb8
8039a94c	8039af5c
8039a94c	802f78a4
8039a94c	802f7abc
8039a94c	802e19a4
8039a94c	8039e8c0
8039a94c	8039e570
8039af7c	80317a94
8039af7c	80317b24
8039af7c	8039a94c
8039b0c4	80317a94
8039b0c4	8039a94c
8039b1b0	80035684
8039b1b0	803b2344
8039b1b0	8039a91c
8039b1b0	803becb0
8039b1b0	802ccd98
8039b1b0	802ea12c
8039b1b0	802e3a28
8039b1b0	803b2144
8039b1b0	803b21bc
8039b1b0	803bcd5c
8039b1b0	8039be84
8039b1b0	803c8b70
8039b1b0	803c8308
8039b1b0	803c82f8
8039b1b0	802cd4e8
8039b1b0	8039e5a8
8039b1b0	800356d0
8039b504	80035688
8039b504	802e3a28
8039b504	803bd000
8039b504	803bcf10
8039b504	80328720
8039b504	800356d4
8039b76c	80035680
8039b76c	8032c608
8039b76c	8032d9b0
8039b76c	800356cc
8039b894	8039b968
8039b9ac	8039e868
8039b9ac	8039b504
8039ba00	8003567c
8039ba00	802d0120
8039ba00	802ec308
8039ba00	80328104
8039ba00	803b2144
8039ba00	803b21bc
8039ba00	80336498
8039ba00	803d5894
8039ba00	80395290
8039ba00	802cd048
8039ba00	802e7910
8039ba00	8039ce0c
8039ba00	8039cd50
8039ba00	8032c608
8039ba00	8032dc38
8039ba00	800356c8
8039bbec	80035684
8039bbec	802ec308
8039bbec	803d5894
8039bbec	80395290
8039bbec	802cd048
8039bbec	802e7910
8039bbec	803b2144
8039bbec	803b21bc
8039bbec	80336498
8039bbec	800356d0
8039bd20	80035684
8039bd20	802ec308
8039bd20	80328104
8039bd20	803b2144
8039bd20	803b21bc
8039bd20	80336498
8039bd20	803d5894
8039bd20	80395290
8039bd20	802cd048
8039bd20	802e7910
8039bd20	8032c608
8039bd20	8032dc38
8039bd20	800356d0
8039be84	8003564c
8039be84	80035698
8039c07c	80035668
8039c07c	803b2344
8039c07c	800356b4
8039c1d8	80324388
8039c1d8	80317878
8039c1d8	803176ec
8039c1d8	803270e8
8039c220	80035688
8039c220	802f78a4
8039c220	802f7abc
8039c220	80328720
8039c220	802e1124
8039c220	802e190c
8039c220	800356d4
8039c414	80035684
8039c414	803184dc
8039c414	802e1124
8039c414	802e190c
8039c414	800356d0
8039c4c0	80035684
8039c4c0	803184dc
8039c4c0	800356d0
8039c6dc	802e979c
8039c6dc	8039e570
8039c76c	8032c608
8039c76c	8032e2f4
8039c7c4	8032c608
8039c8b0	8032c608
8039cab4	803d82f8
8039cb30	803c4f6c
8039cb30	802e3a28
8039cb30	802ccd98
8039cb30	803c5594
8039cbd0	80035684
8039cbd0	802f46bc
8039cbd0	802f5de8
8039cbd0	802f4fe8
8039cbd0	802f4900
8039cbd0	800356d0
8039cd50	803b1dc8
8039ceac	8039cf90
8039ceac	8039d080
8039ceac	8039cbd0
8039cf90	80035684
8039cf90	8039ce38
8039cf90	802f46bc
8039cf90	802f4cf4
8039cf90	802f4fe8
8039cf90	802f4900
8039cf90	800356d0
8039d134	802ccd8c
8039d134	802629ac
8039d134	802ccd98
8039d264	803b2144
8039d398	803cfa04
8039d3d8	80035674
8039d3d8	803ccc78
8039d3d8	803ccfd0
8039d3d8	803cd454
8039d3d8	803cb934
8039d3d8	803cb930
8039d3d8	803e3440
8039d3d8	803cfa08
8039d3d8	803bd5d0
8039d3d8	803bd664
8039d3d8	8039ea78
8039d3d8	803c4bf8
8039d3d8	802e3a28
8039d3d8	802cd4e8
8039d3d8	802f45e4
8039d3d8	802f4794
8039d3d8	802f50e4
8039d3d8	802f4900
8039d3d8	803cce94
8039d3d8	800356c0
8039d768	802f7abc
8039d768	803bd5f4
8039d768	803c4c28
8039e354	8041c6c0
8039e3d8	80035688
8039e3d8	803b224c
8039e3d8	802eaff4
8039e5a8	802f7abc
8039e6ac	802eaff4
8039e8c0	8039e570
8039e9bc	8039e570
8039ea30	803bd794
8039ea94	803bf490
8039ea94	803cfa04
8039eaec	803e2c78
8039eb38	802ccd8c
8039eb38	8039eb78
8039eb84	802cc5d4
8039eb84	8039ef1c
8039ebd0	802cc660
8039ec0c	8003567c
8039ec0c	802f46bc
8039ec0c	802f4df0
8039ec0c	802f4900
8039ec0c	800356c8
8039ed3c	80319b0c
8039ed64	80035684
8039ed64	80319b0c
8039ed64	8039eef0
8039ed64	803a6864
8039ed64	803d5894
8039ed64	8039ef88
8039ed64	803a3ecc
8039ed64	8039f164
8039ed64	8039f4fc
8039ed64	8039f6c0
8039ed64	800356d0
8039ef88	802cd250
8039ef88	802cc578
8039efe4	802cd3a8
8039f020	8039f0e4
8039f048	8039f0e4
8039f048	802cc578
8039f048	803a625c
8039f0e4	80319b0c
8039f0e4	803a6864
8039f164	802cd250
8039f1c0	802cd3a8
8039f1fc	8039f5f8
8039f224	80035684
8039f224	8039f5f8
8039f224	803a6444
8039f224	803a6a6c
8039f224	803a6610
8039f4fc	80035688
8039f4fc	802cc578
8039f4fc	80319b0c
8039f4fc	803a0864
8039f4fc	800356d4
8039f5f8	80319b0c
8039f5f8	8039eef0
8039f5f8	803a3ecc
8039f6c0	802cd250
8039f704	802cd3a8
8039f740	8039f7b0
8039f768	8039f7b0
8039f7b0	80319b0c
8039f8ac	802ccd8c
8039f8ac	802cf544
8039f8ac	802cf2b8
8039f954	80035684
8039f954	803ab294
8039f954	8039f910
8039f954	803cf6d0
8039f954	803c7054
8039f954	803cfa08
8039f954	803a916c
8039f954	803cf6a8
8039f954	803a97f8
8039f954	803a2f58
8039f954	803a540c
8039f954	800356d0
8039fb4c	8003567c
8039fb4c	803a3038
8039fb4c	803a9848
8039fb4c	803c7060
8039fb4c	803ab388
8039fb4c	803cfa04
8039fb4c	800356c8
8039fc80	80035680
8039fc80	803b40c0
8039fc80	803ad790
8039fc80	8041b590
8039fc80	803bf054
8039fc80	803ab430
8039fc80	803b2138
8039fc80	803a2d60
8039fc80	803a03d4
8039fc80	803a2814
8039fc80	803a19cc
803a03d4	8003567c
803a03d4	802f46bc
803a03d4	802f4df0
803a03d4	802f50e4
803a03d4	802f4900
803a03d4	800356c8
803a04cc	80035680
803a04cc	803c4aac
803a04cc	80256d20
803a04cc	80256e0c
803a04cc	8032c608
803a04cc	8032dc20
803a04cc	803a5764
803a04cc	802ec78c
803a04cc	803a26ec
803a04cc	803cb708
803a04cc	803c718c
803a04cc	803a32d0
803a04cc	803a94e0
803a04cc	802e1124
803a04cc	802e2080
803a04cc	802e2010
803a04cc	802e162c
803a04cc	80317878
803a04cc	803176fc
803a04cc	80324388
803a04cc	8032713c
803a04cc	803ab524
803a04cc	803abf0c
803a04cc	800356cc
803a064c	803a0a18
803a064c	803a0990
803a064c	803a0a6c
803a064c	803a0b64
803a064c	803a0cf4
803a064c	803a1160
803a064c	803a1208
803a064c	803a2628
803a0720	80035688
803a0720	803a9588
803a0720	803a3e28
803a0720	803a6b88
803a0720	803aac6c
803a0720	800356d4
803a07e8	803abc7c
803a07e8	803a1890
803a0874	80035688
803a0874	803a659c
803a0874	803a6fb0
803a0874	80319248
803a0874	802e1124
803a0874	802e190c
803a0874	800356d4
803a0990	80319178
803a0990	803a1890
803a0a18	803ab684
803a0a18	803a25e0
803a0a18	803a1890
803a0a6c	803a26ec
803a0a6c	80319178
803a0a6c	803a1244
803a0a6c	803a1890
803a0b64	80035680
803a0b64	803a26ec
803a0b64	803a14a4
803a0b64	803a1244
803a0b64	803a9728
803a0b64	803a6324
803a0b64	803a1890
803a0b64	800356cc
803a0cf4	8003567c
803a0cf4	803a26ec
803a0cf4	803a1244
803a0cf4	80317a94
803a0cf4	80317b24
803a0cf4	80319178
803a0cf4	802e1124
803a0cf4	802e190c
803a1160	803aba70
803a1160	803a1890
803a1208	803e0238
803a1244	80035684
803a1244	803ab4f0
803a1244	803a17e0
803a1244	803a33bc
803a1244	803a9a34
803a1244	803a59ac
803a1244	803a9584
803a1244	803a1324
803a1244	803a15e8
803a1244	800356d0
803a1324	802ccd98
803a14a4	80035688
803a14a4	803a4018
803a14a4	803a5ec0
803a14a4	800356d4
803a15e8	80035688
803a15e8	803a6864
803a15e8	802e1124
803a15e8	802e190c
803a15e8	803a6438
803a15e8	803d7ac4
803a15e8	803c4a9c
803a15e8	803ec97c
803a15e8	802e954c
803a15e8	8041c004
803a15e8	803179f8
803a15e8	800356d4
803a17e0	803a1ca8
803a17e0	8032c608
803a17e0	8032d9b0
803a17e0	803abac4
803a1890	80035684
803a1890	80317c0c
803a1890	80319178
803a1890	803a671c
803a1890	803a6530
803a1890	802e1124
803a1890	802e190c
803a1890	803e01b8
803a1890	800356d0
803a19cc	803ab1ac
803a1a50	80035654
803a1a50	802ec6d0
803a1a50	802ccd98
803a1a50	802ec308
803a1a50	802e9800
803a1a50	803a5554
803a1a50	803a5e58
803a1a50	803b1dc8
803a1a50	800356a0
803a1d4c	80035684
803a1d4c	803a25e0
803a1d4c	803a90c8
803a1d4c	8031922c
803a1d4c	80319178
803a1d4c	80317b08
803a1d4c	803a1e2c
803a1d4c	800356d0
803a1e2c	80035684
803a1e2c	803a659c
803a1e2c	803a58d8
803a1e2c	803a40e0
803a1e2c	803aada4
803a1e2c	80319248
803a1e2c	800356d0
803a1f20	803c4db0
803a1f20	803c4aac
803a1fe0	80035688
803a1fe0	803bed88
803a1fe0	802e3a28
803a1fe0	803a5144
803a1fe0	803a51f8
803a1fe0	803a524c
803a1fe0	803be57c
803a1fe0	803b2178
803a1fe0	803a5eb8
803a1fe0	800356d4
803a2178	80035688
803a2178	803a1cf0
803a2178	8032c608
803a2178	803a6864
803a2178	8032d9b0
803a2178	803a625c
803a2178	803a6878
803a2178	803a5ec8
803a2178	803a22fc
803a2178	803a90b8
803a2178	800356d4
803a2334	80035688
803a2334	803a1cf0
803a2334	8032c608
803a2334	803a6864
803a2334	8032d9b0
803a2334	803a625c
803a2334	803a6878
803a2334	803a5ec8
803a2334	803a22fc
803a2334	803a90b8
803a2334	800356d4
803a24b8	803a1cf0
803a24b8	8032c608
803a24b8	803a6864
803a24b8	8032d9b0
803a24b8	803a625c
803a254c	803a1cf0
803a254c	8032c608
803a254c	803a6864
803a254c	8032d9b0
803a254c	803a625c
803a25e0	80324388
803a25e0	80317878
803a25e0	803176ec
803a25e0	803270e8
803a2628	803c4f6c
803a2628	8041c004
803a2628	802e3a28
803a2628	803bed88
803a2628	802ce948
803a2628	803c5594
803a26ec	803b842c
803a26ec	803b849c
803a2780	80035684
803a2780	803a1140
803a2780	803a90a0
803a2780	803a9088
803a2780	800356d0
803a2814	80035680
803a2814	802f45f4
803a2814	802f47ec
803a2814	802f4cf4
803a2814	803ab1ac
803a2814	802f4df0
803a2814	803ab170
803a2814	803ab1bc
803a2814	803ab1c8
803a2814	802f4900
803a2814	800356cc
803a2d60	80035684
803a2d60	802f46bc
803a2d60	802f5de8
803a2d60	802f4fe8
803a2d60	802f4900
803a2d60	800356d0
803a2e5c	802ccd8c
803a2e5c	802629ac
803a2e5c	802ccd98
803a2f58	802ccd98
803a3038	803a32d0
803a3038	803cfa04
803a308c	80035688
803a308c	803a32d0
803a308c	803ccc78
803a308c	803ccfd0
803a308c	803cd454
803a308c	803cb934
803a308c	803cb930
803a308c	803e3440
803a308c	803cfa08
803a308c	803bd5d0
803a308c	803bd664
803a308c	803a4cd0
803a308c	803c4bf8
803a308c	802e3a28
803a308c	802cd4cc
803a308c	803a4c4c
803a308c	803a4130
803a308c	803cce94
803a308c	800356d4
803a32d0	802f7a24
803a32d0	803c4c28
803a32d0	803bd5f4
803a33bc	80035680
803a33bc	802e3a28
803a33bc	802ce948
803a33bc	802ce970
803a33bc	803a9694
803a3ca8	80035684
803a3ca8	803aa910
803a3ca8	803aa990
803a3ca8	803a2764
803a3ca8	803aae00
803a3ca8	803a9078
803a3ca8	803aaf28
803a3ca8	803a9090
803a3ca8	803ab0ac
803a3ca8	803a90a8
803a3ca8	803a9954
803a3ca8	800356d0
803a3e28	803a4130
803a3e28	803bd794
803a3e64	803a96b4
803a3e64	802e3a28
803a3fb8	802e9560
803a3fb8	802e3a28
803a40e0	803a42d0
803a40e0	803a4c4c
803a4130	8041c6c0
803a4130	802e9308
803a4130	8041c400
803a4130	803d78b8
803a4130	802e9560
803a42d0	802e3a28
803a42d0	802e954c
803a42d0	8041c004
803a437c	803a9694
803a444c	803a9694
803a464c	803a9694
803a471c	80035680
803a471c	802e3a38
803a48a0	80035688
803a48a0	803a471c
803a48a0	803a4a9c
803a48a0	800356d4
803a48ec	802e3a38
803a48ec	802e3a28
803a48ec	803a437c
803a48ec	803a96b4
803a48ec	803a444c
803a48ec	803a464c
803a48ec	803a4a9c
803a49c8	80035688
803a49c8	803a471c
803a49c8	803a4a9c
803a49c8	802f7a24
803a49c8	800356d4
803a4a9c	80035688
803a4c4c	802f7abc
803a4cec	803bf490
803a4cec	803cfa04
803a4d58	802ccd8c
803a4d58	802ccd98
803a4dd8	803bda3c
803a4dd8	802ccd98
803a4dd8	803be704
803a4dd8	802e8134
803a5144	8041c6c0
803a5144	8041c82c
803a5144	803a51f8
803a5144	803a524c
803a51f8	802e3a28
803a51f8	803a52b4
803a524c	802e3a28
803a524c	803a5354
803a52b4	802e3a28
803a52b4	80344260
803a52b4	8041c004
803a52b4	802ccd98
803a52b4	803be660
803a5354	802e3a28
803a5354	80344260
803a5354	8041c004
803a5354	802ccd98
803a5354	803be5f4
803a54f4	803a5764
803a54f4	803cfa04
803a5554	8003567c
803a5554	803a5764
803a5554	803d5894
803a5554	8039eb84
803a5554	802cd048
803a5554	8039ec0c
803a5554	802e7910
803a5554	803eff1c
803a5554	803efde8
803a5554	803efea0
803a5554	803e7408
803a5554	803e7398
803a5554	803e718c
803a5554	803cfa08
803a5554	803cf6d0
803a5554	80340364
803a5554	803a9610
803a5554	803a8c24
803a5554	803a58d8
803a5554	800356c8
803a5764	803a8bc0
803a5764	803efeac
803a5764	802f7a24
803a5764	802e7910
803a5764	802edea4
803a5764	802e97f0
803a5764	803c8b78
803a5764	803cf6a0
803a5898	803cfa04
803a58d8	80035688
803a58d8	803a8bc0
803a58d8	803b2344
803a58d8	803a958c
803a58d8	802e3a28
803a58d8	803a8cc4
803a58d8	803a9610
803a58d8	803a8d08
803a58d8	803a835c
803a58d8	800356d4
803a59ac	80035688
803a59ac	803a5d54
803a59ac	802edea4
803a59ac	803a835c
803a59ac	803a83fc
803a59ac	80319b0c
803a59ac	803a7d04
803a59ac	803a7c68
803a59ac	8039eef0
803a59ac	803a3ecc
803a59ac	802e7c9c
803a5dcc	8002f288
803a5e00	803a671c
803a5e00	803a89dc
803a5e58	802eca4c
803a5e58	803a8c24
803a5e58	803a835c
803a5ec8	8003567c
803a5ec8	80319b0c
803a5ec8	8039eef0
803a5ec8	803a8924
803a5ec8	803a8edc
803a5ec8	803a3e64
803a5ec8	802eaff4
803a625c	802e1124
803a625c	802e19a4
803a625c	802e1bc4
803a6324	803b2344
803a6324	803a89dc
803a6444	80035688
803a6444	80319b0c
803a6444	8039eef0
803a6444	803a3ecc
803a6444	803a3e64
803a6444	803a8edc
803a6444	802e7c9c
803a6444	8002f288
803a6444	800356d4
803a6530	80319b0c
803a6530	8039eef0
803a6530	803a3f94
803a659c	803a5d54
803a659c	80340364
803a6610	80035688
803a6610	80319b0c
803a6610	803a8edc
803a6610	8039eef0
803a6610	803a3e64
803a6610	802eaff4
803a671c	80035688
803a671c	8002451c
803a671c	802f78a4
803a671c	802e1124
803a671c	802e1bc4
803a671c	800356d4
803a6898	80035684
803a6898	803a88e4
803a6898	803a854c
803a6898	803b2144
803a6898	803b2178
803a6898	802ed6bc
803a6898	802ed6a8
803a6898	802ed614
803a6898	802ed600
803a6a6c	80035678
803a6a6c	80319b0c
803a6a6c	8039eef0
803a6a6c	803a3ecc
803a6a6c	803a8edc
803a6a6c	803a4020
803a6a6c	800356c4
803a6b88	803b2144
803a6b88	803b21bc
803a6b88	802ccd98
803a6b88	803d78b8
803a6b88	803efea8
803a6b88	803efde0
803a6b88	802f00e4
803a6b88	802f0090
803a6b88	802f003c
803a6b88	802e3a28
803a6b88	803524a8
803a6b88	803efd14
803a6b88	803efddc
803a6fb0	802f78a4
803a6fb0	802f7abc
803a6fb0	802e1124
803a6fb0	802e190c
803a7044	8041c004
803a7044	802ccd98
803a7044	802e3a28
803a7044	803a8f80
803a7044	803a49c8
803a7044	803a8d68
803a7044	803a8e58
803a7044	803a8dd4
803a7044	803a3f94
803a7044	80319b0c
803a7044	803a0874
803a7044	803a8980
803a7044	803a8658
803a7044	8041c6c0
803a7044	803a3fb8
803a7044	803a4c4c
803a72b4	8003567c
803a72b4	80319b0c
803a72b4	803a81b0
803a72b4	803a6898
803a72b4	803a8f20
803a72b4	802e3a28
803a72b4	8039eef0
803a72b4	802ccda8
803a77b0	80319b0c
803a77b0	803a5e00
803a77b0	803a671c
803a77b0	8032c608
803a77b0	8032d9b0
803a77b0	802e1124
803a77b0	802e190c
803a7894	803a89a8
803a7c68	80319b0c
803a7c68	8039eef0
803a7c68	803a3ecc
803a7c68	803a7da0
803a7c68	803a6898
803a7d04	80319b0c
803a7d04	8039eef0
803a7d04	803a3ecc
803a7d04	803a7da0
803a7d04	803a6898
803a7da0	80035674
803a7da0	80319b0c
803a7da0	8039eef0
803a7da0	803a3ecc
803a7da0	803a085c
803a7da0	803a1140
803a7da0	803a3e64
803a7da0	803a9694
803a81b0	80035688
803a81b0	80319b0c
803a81b0	8039eef0
803a81b0	803a3ecc
803a81b0	803a3e64
803a81b0	803a8edc
803a835c	8002451c
803a835c	803c7214
803a835c	803efde4
803a83fc	803a8bc0
803a854c	803b2144
803a854c	803b2178
803a854c	802ecc6c
803a8658	803c8d14
803a89dc	803c8b78
803a89dc	803b2344
803a8bc0	802f7a24
803a8c24	802f7a24
803a8c24	8002451c
803a8c24	802f78a4
803a8c24	802f7bf4
803a8c24	802f6b34
803a8cc4	802e3a28
803a8d08	803b224c
803a8d08	803b21bc
803a8d08	802e3a28
803a8d68	8032c608
803a8d68	8032e2f4
803a8dd4	803b2344
803a8dd4	802e1124
803a8dd4	802e19a4
803a8e58	803b2344
803a8e58	802e1124
803a8e58	802e19a4
803a8edc	803a8f20
803a8edc	802e3a28
803a8f20	802e954c
803a8f20	8041c004
803a8f80	80035684
803a8f80	802578d0
803a8f80	80257030
803a8f80	8002f288
803a90e8	802ccd8c
803a90e8	802629ac
803a90e8	802ccd98
803a9190	803a94e0
803a9190	803cfa04
803a91f0	80035688
803a91f0	803a94e0
803a91f0	802ccd98
803a91f0	802e3a28
803a91f0	8033c558
803a91f0	802e9308
803a91f0	803b74a4
803a91f0	803b9d6c
803a91f0	803b7eb0
803a91f0	8041c6c0
803a91f0	8041c82c
803a91f0	800356d4
803a94e0	803b7f04
803a94e0	803b761c
803a958c	80344260
803a958c	8041c004
803a958c	802ccd98
803a9610	80344260
803a9610	8041c004
803a9610	802ccd98
803a9610	803b2178
803a9758	802e1124
803a9758	802e190c
803a9848	803cf6a0
803a9888	80035684
803a9888	8041af48
803a9888	803eff1c
803a9888	803efde8
803a9888	803efea0
803a9888	803e7408
803a9888	803e7398
803a9888	803e718c
803a9888	803aada4
803a9888	800356d0
803a9954	80035688
803a9954	803aa99c
803a9954	803aac34
803a9954	803aabec
803a9954	800356d4
803a9a34	80035674
803a9a34	803aac08
803a9c18	80035684
803a9c18	802ccd98
803a9c18	8034725c
803a9c18	802e9308
803a9c18	802ea12c
803a9c18	8002451c
803a9c18	803d78b8
803a9c18	803efea8
803a9c18	803efde0
803a9c18	803c7214
803a9c18	803efde4
803a9c18	802f00e4
803a9c18	802f0090
803a9c18	802e3a28
803a9c18	803524a8
803a9c18	802f003c
803a9c18	803efd14
803a9c18	803efddc
803a9c18	800356d0
803aa588	80035654
803aa588	80319b0c
803aa588	8039eef0
803aa588	803b2344
803aa588	802ccd98
803aa588	802e3a28
803aa588	803aacd0
803aa588	803a42d0
803aa588	803a9694
803aa910	80035684
803aa910	803aa8cc
803aa910	800356d0
803aa99c	80035684
803aa99c	803b2344
803aa99c	802ccd98
803aa99c	802e3a28
803aa99c	803aacd0
803aa99c	802e1124
803aa99c	802e190c
803aa99c	800356d0
803aac34	803b2344
803aac6c	80035688
803aac6c	803a9c18
803aac6c	800356d4
803aacd0	80035680
803aacd0	802ccda8
803aacd0	8002f288
803aada4	803aac08
803aada4	803aac34
803aae00	80035684
803aae00	80319b0c
803aae00	803a2764
803aae00	803a1140
803aae00	803a9758
803aae00	803a6fb0
803aae00	802ea12c
803aae00	802f78a4
803aae00	802f7abc
803aae00	802e1124
803aae00	802e190c
803aae00	802e1bc4
803aae00	803aabec
803aae00	800356d0
803aaf28	80035680
803aaf28	80319b0c
803aaf28	8039eef0
803aaf28	802ea12c
803aaf28	802f78a4
803aaf28	802f7abc
803aaf28	803a48a0
803aaf28	802e1124
803aaf28	802e190c
803aaf28	803a2764
803aaf28	803a1140
803aaf28	802e1bc4
803aaf28	803aabec
803aaf28	800356cc
803ab0ac	80035688
803ab0ac	80319b0c
803ab0ac	8039eef0
803ab0ac	803a4008
803ab0ac	802e1124
803ab0ac	802e190c
803ab0ac	803a2764
803ab0ac	803a1140
803ab0ac	802e1bc4
803ab0ac	800356d4
803ab1d4	802ccd8c
803ab210	8041afe4
803ab254	803cf6a0
803ab294	80035688
803ab294	803e1564
803ab294	8041afe4
803ab294	800356d4
803ab388	803e159c
803ab388	803cf6a0
803ab470	803be1b8
803ab470	803bea7c
803ab470	8032c608
803ab470	8032ca88
803ab524	8032c608
803ab524	8032ca88
803ab580	80324388
803ab580	803ab634
803ab580	8031f294
803ab580	8031f29c
803ab580	803270e8
803ab580	803e022c
803ab634	8041afe4
803ab684	8031f294
803ab684	8031f2a4
803ab684	80324388
803ab684	8032713c
803ab684	803e0174
803ab684	803e022c
803ab6fc	80035678
803ab6fc	80324388
803ab6fc	803af29c
803ab6fc	803af60c
803ab6fc	803af45c
803ab6fc	8031e0d0
803ab6fc	8031e0d8
803ab6fc	803270e8
803ab6fc	800356c4
803aba70	8031e0d0
803aba70	8031e0e0
803aba70	80324388
803aba70	8032713c
803abac4	80035684
803abac4	803ab634
803abac4	8031f294
803abac4	8031f29c
803abac4	80324388
803abac4	80327158
803abac4	802e1124
803abac4	802e190c
803abac4	802e1858
803abac4	800356d0
803abbb4	80324388
803abbb4	80327178
803abbb4	802e1124
803abbb4	802e18a4
803abc34	803abbb4
803abc34	803e01b8
803abca0	80035678
803abca0	803abe0c
803abca0	800356c4
803abf40	80035688
803abf40	80043618
803abf40	8041c66c
803abf40	803c4db0
803abf40	80035558
803abf40	803bf348
803abf40	8041b6ac
803abf40	803d4ae0
803abf40	8032c520
803abf40	803c7510
803abf40	803c2f34
803abf40	803c4ff8
803abf40	803c5150
803abf40	803c4bf8
803abf40	803c1e54
803abf40	803c6b2c
803abf40	80324248
803abf40	803b40ec
803abf40	803b4414
803abf40	8032e508
803abf40	803af930
803abf40	803af0cc
803abf40	803d1874
803abf40	8041b650
803abf40	800356d4
803ac1f0	803cfa08
803ac1f0	802f6ffc
803ac1f0	802f7124
803ac1f0	803c4bf8
803ac250	803c4c28
803ac250	802f723c
803ac250	803c1e98
803ac250	803cdc2c
803ac250	8032c5a8
803ac250	803bf3e8
803ac250	8032431c
803ac250	8032e554
803ac250	803c7554
803ac250	803c2f70
803ac250	803af110
803ac250	803af974
803ac378	8032c608
803ac378	8032d9c0
803ac378	8032daac
803ac378	8032c6b0
803ac378	8032d9b0
803ac378	803be57c
803ac378	803be594
803ac378	803be5ac
803ac378	803be5f4
803ac378	803be660
803ac378	803be704
803ac378	803bec8c
803ac378	803be1b8
803ac378	803be1dc
803ac378	803c0648
803ac378	803c0818
803ac378	803c09e8
803ac378	803c0bcc
803ac378	803c0d90
803ac378	803c0e4c
803ac378	803acb64
803ac378	80324388
803ac378	8032789c
803ac378	803b10cc
803ac378	803b1158
803ac378	803d42c0
803acb64	803e02f0
803acb64	803e0310
803acbd4	8032c608
803acbd4	8032d9c0
803acbd4	8032c6b0
803acbd4	8032d9b0
803acbd4	803d42c0
803acdc4	8041b6ac
803acdc4	80035558
803acdc4	803ad02c
803acdc4	803ad364
803acdc4	803ada28
803acdc4	803adb20
803acdc4	803adf70
803acdc4	803ad834
803acdc4	803ad910
803acdc4	803adc18
803acdc4	803b40d0
803acdc4	8032c608
803acdc4	8032caf8
803acdc4	80413b20
803acfb8	802e1124
803acfb8	802e152c
803ad02c	80035684
803ad02c	803b40c0
803ad02c	803d4d94
803ad02c	80324388
803ad02c	80325400
803ad02c	80325444
803ad02c	80316484
803ad02c	803ccc78
803ad02c	803ccfd0
803ad02c	803cd454
803ad02c	803d4f70
803ad02c	803cce94
803ad02c	803d512c
803ad02c	803d4e6c
803ad02c	8032c608
803ad02c	803d50c0
803ad02c	803acfb8
803ad02c	803270e8
803ad02c	803b5074
803ad02c	803bf238
803ad02c	803d5148
803ad02c	803d4f04
803ad02c	803c480c
803ad02c	803b379c
803ad02c	803b405c
803ad02c	803bf308
803ad02c	80324390
803ad02c	800356d0
803ad364	80035688
803ad364	803b40c0
803ad364	8041b590
803ad364	803bf054
803ad364	80324388
803ad364	80325400
803ad364	80325444
803ad364	80327748
803ad364	803e271c
803ad364	802e1124
803ad364	802e162c
803ad364	802e1de8
803ad364	802e1d88
803ad364	802e1458
803ad364	8032776c
803ad364	803acfb8
803ad364	8041b650
803ad364	803b40b0
803ad364	800356d4
803ad464	8032c608
803ad464	8032caf8
803ad464	801133c8
803ad464	803c4a9c
803ad464	803ec994
803ad464	803bf238
803ad464	803c480c
803ad464	803b405c
803ad464	803bf308
803ad51c	80035688
803ad51c	8041b76c
803ad51c	803b226c
803ad51c	80324388
803ad51c	803ae858
803ad51c	80074318
803ad51c	804101a0
803ad51c	803c4a9c
803ad51c	803eb90c
803ad51c	8040fa4c
803ad51c	803eb8ac
803ad51c	800356d4
803ad79c	8032c608
803ad79c	8032caf8
803ad79c	803bf238
803ad79c	803c480c
803ad79c	803ad51c
803ad79c	803b405c
803ad79c	803bf308
803ad834	803b40c0
803ad834	8041b590
803ad834	803bf054
803ad834	80324388
803ad834	80325400
803ad834	803e1a6c
803ad834	803acfb8
803ad834	8032c61c
803ad834	8041b650
803ad834	803b40b0
803ad910	803b40c0
803ad910	8041b590
803ad910	803bf054
803ad910	80324388
803ad910	80325400
803ad910	803270e8
803ad910	80325444
803ad910	802e1124
803ad910	802e1458
803ad910	8032776c
803ad910	803acfb8
803ad910	803af180
803ad910	8041b650
803ad910	803b40b0
803ada28	803b40c0
803ada28	8041b590
803ada28	803bf054
803ada28	80324388
803ada28	80325400
803ada28	803e2608
803ada28	803bea7c
803ada28	803acfb8
803ada28	80327748
803ada28	802e1124
803ada28	802e1fd0
803ada28	802e1d58
803ada28	802e1db8
803ada28	802e15e0
803ada28	8032c61c
803ada28	8041b650
803ada28	803b40b0
803adb20	803b40c0
803adb20	8041b590
803adb20	803bf054
803adb20	803ac1f0
803adb20	803cf8ac
803adb20	803cf750
803adb20	803b9060
803adb20	803b6d80
803adb20	802cce1c
803adb20	80324388
803adb20	80325400
803adb20	803e2608
803adb20	803be74c
803adb20	803be790
803adb20	803bea7c
803adb20	803acfb8
803adb20	8041b650
803adb20	803b40b0
803adb20	803b50b8
803adc18	80035684
803adc18	803b40d0
803adc18	803b3acc
803adc18	80324388
803adc18	80324390
803adc18	802e1124
803adc18	802e1458
803adc18	8032e504
803adc18	803ac378
803adc18	802cd02c
803adc18	803c6694
803adc18	803e24f0
803adc18	802f74c4
803adc18	802f72d8
803adc18	802f45dc
803adc18	803c21e0
803adc18	803bee04
803adc18	8030b670
803adc18	802e9560
803adc18	803c4cac
803adc18	801133c8
803adc18	803c4a9c
803adc18	803ec994
803adc18	803e27bc
803adc18	803ae410
803adc18	803bf238
803adc18	803ae308
803adc18	803c795c
803adc18	803c2fa8
803adc18	803c480c
803adc18	803b405c
803adc18	803ac368
803adc18	803bf308
803adc18	800356d0
803adf70	80035684
803adf70	803b40d0
803adf70	803b3acc
803adf70	803d4d94
803adf70	802e1124
803adf70	802e1458
803adf70	803acbd4
803adf70	8030b670
803adf70	803c4cac
803adf70	802e9560
803adf70	80324388
803adf70	8032771c
803adf70	802f74c4
803adf70	802f72d8
803adf70	80327208
803adf70	80324390
803adf70	803c6694
803adf70	803e24f0
803adf70	803bee04
803adf70	801133c8
803adf70	803c4a9c
803adf70	803ec994
803adf70	803c21e0
803adf70	803bf238
803adf70	803d5148
803adf70	803d512c
803adf70	803b40c0
803adf70	803d4e6c
803adf70	803d4f04
803adf70	8032c608
803adf70	803d50b8
803adf70	803171a8
803adf70	803d50c0
803adf70	80325444
803adf70	803b40b0
803adf70	8031729c
803adf70	803c5c94
803adf70	803c795c
803adf70	803c2fa8
803adf70	803c480c
803adf70	803ac368
803adf70	803b405c
803adf70	803bf308
803adf70	800356d0
803ae308	802d0120
803ae308	802cd4cc
803ae308	803c4f6c
803ae308	803c5594
803ae308	803c5c94
803ae410	803bf238
803ae410	803c4a9c
803ae410	803eb90c
803ae410	80329258
803ae410	803c795c
803ae410	803c2fa8
803ae410	803c480c
803ae410	803eb8ac
803ae410	80329778
803ae410	803bf308
803ae410	803291f4
803ae570	802ccd8c
803ae570	803c6420
803ae570	80035028
803ae570	802629ac
803ae660	8002451c
803ae660	803cfa04
803ae660	804159e0
803ae660	803cfa34
803ae660	80415cc4
803ae660	8041be9c
803ae784	803cfa04
803ae784	803cf6a0
803ae7f4	80020520
803ae858	8002aaa0
803ae858	803ae608
803ae858	803ae8c4
803ae8c4	803ae7f4
803ae8c4	8041bd98
803ae950	803cfa04
803ae974	80413b20
803ae974	80413ce8
803ae974	8025443c
803ae974	803bf238
803ae974	803ad51c
803ae974	80254490
803ae974	803bf308
803ae9fc	80035688
803ae9fc	8003a160
803ae9fc	800463e4
803ae9fc	8004d9e0
803ae9fc	800523a4
803ae9fc	803cf700
803ae9fc	803cf750
803ae9fc	803ccc60
803ae9fc	803ce998
803ae9fc	8041ba54
803ae9fc	8041b140
803ae9fc	8041b42c
803ae9fc	8041b7a0
803ae9fc	80414d2c
803ae9fc	80414d98
803ae9fc	80418e00
803ae9fc	80413aa8
803ae9fc	8041b650
803ae9fc	803beed0
803ae9fc	803bf080
803ae9fc	8041061c
803ae9fc	80410624
803ae9fc	80410678
803ae9fc	8040f53c
803ae9fc	803b42d4
803ae9fc	803cf20c
803ae9fc	803cf32c
803ae9fc	803aee08
803ae9fc	803d48c0
803ae9fc	803ca320
803ae9fc	803b439c
803ae9fc	803ad790
803ae9fc	803b347c
803ae9fc	803b34f8
803ae9fc	803aecc0
803ae9fc	80413b20
803ae9fc	8041b6ac
803ae9fc	803bf238
803ae9fc	80035558
803ae9fc	803b379c
803ae9fc	803bf308
803ae9fc	803b38d8
803ae9fc	803b3714
803ae9fc	803b34c0
803ae9fc	803bf348
803ae9fc	803b40c0
803ae9fc	8041b590
803ae9fc	80415368
803ae9fc	802f456c
803ae9fc	802f4558
803ae9fc	802e1124
803ae9fc	802e1178
803ae9fc	803d4d38
803ae9fc	80329138
803ae9fc	8032919c
803ae9fc	803291c8
803ae9fc	800356d4
803aeccc	803295ec
803aeccc	803cf250
803aeccc	802f45a8
803aeccc	802e1124
803aeccc	802e13a8
803aeccc	803d4d88
803aeccc	8040f580
803aeccc	80410638
803aeccc	803bef14
803aeccc	803cf8ac
803aeccc	80415454
803aeccc	80418fec
803aeccc	804121f8
803aed34	803ae9fc
803aed34	80025f14
803aed34	803aed9c
803aed34	803acdc4
803aed34	803ac250
803aed34	803aeccc
803aed9c	803abf40
803aed9c	803acfb8
803aed9c	803ad008
803aee08	803ccc08
803aee08	803cf3f0
803aee08	803cf0e4
803aee08	803ccd84
803aee08	803cce94
803aee08	803cd454
803aee08	80025f14
803aee08	803af770
803aee08	8002886c
803aee08	803af788
803aefd8	803aed34
803af014	803ab210
803af070	803ab254
803af070	803cfa04
803af0cc	803cfa08
803af0cc	803af014
803af110	803af070
803af29c	80035680
803af29c	8041af54
803af29c	800356cc
803af45c	80035688
803af45c	8041af54
803af45c	800356d4
803af7b0	803cf6e4
803af7b0	803cf6d0
803af7b0	803b0424
803af898	803cf6a4
803af898	803cf6a0
803af898	803cfa04
803af930	803cfa08
803af930	803af7b0
803afc34	80035688
803afc34	80324388
803afc34	80327584
803afc34	8002ab98
803afc34	803af998
803afc34	800356d4
803afcc0	80035688
803afcc0	803afe18
803afcc0	803b2344
803afcc0	802f105c
803afcc0	802e8a48
803afcc0	800356d4
803afec0	80035654
803afec0	803b15b4
803afec0	802ec73c
803afec0	802f472c
803afec0	802d6ee4
803afec0	802f5d34
803afec0	802f4cf4
803afec0	802f4900
803afec0	803216c8
803afec0	803216d0
803afec0	803b026c
803afec0	803b0fd0
803afec0	802ec6f8
803afec0	802e887c
803afec0	800356a0
803b0224	803dc8ac
803b0224	803b026c
803b026c	80035684
803b026c	802ec73c
803b026c	803e2240
803b026c	802f105c
803b026c	803b2344
803b026c	802e8a48
803b026c	803b1fcc
803b026c	803e0240
803b026c	803e024c
803b026c	800356d0
803b0424	80035654
803b0424	803af980
803b0424	8041afe4
803b0424	80324388
803b0424	80327584
803b0424	8002ab98
803b0424	802f45f4
803b0424	802d3704
803b0424	802f45e4
803b0424	802d37d4
803b0424	802f472c
803b0424	802d6ee4
803b0424	802f5d34
803b0424	802f4a14
803b0424	802f51f4
803b0424	802f4900
803b0424	802f4794
803b0424	802f5de8
803b0424	802f46bc
803b0424	802f5f3c
803b0424	803ae858
803b0424	803af998
803b0424	800356a0
803b09a4	80035668
803b09a4	803b0ecc
803b09a4	803b0cbc
803b09a4	803b1c00
803b09a4	803b0d20
803b09a4	803b0d60
803b09a4	803b0f58
803b09a4	803b2018
803b09a4	803b2074
803b09a4	803b20c0
803b0d60	8003566c
803b0d60	802f45f4
803b0d60	802d3704
803b0d60	802f45e4
803b0d60	802d37d4
803b0d60	802f47e8
803b0d60	802f4cf4
803b0d60	802f4900
803b0d60	800356b8
803b0fd0	8032c608
803b0fd0	8032dc38
803b0fd0	80324388
803b0fd0	803270e8
803b1040	80324388
803b1040	80327194
803b1040	8032c608
803b1040	8032dc20
803b1040	802e1124
803b1040	802e18a4
803b1040	8032713c
803b1040	803abf34
803b1040	803b0224
803b10cc	802e1124
803b10cc	802e190c
803b10cc	802e1858
803b10cc	8032c608
803b10cc	8032dc38
803b10cc	80324388
803b10cc	803270e8
803b10cc	80327808
803b1158	802e1124
803b1158	802e190c
803b1158	802e1858
803b1158	8032c608
803b1158	8032dc38
803b1158	80324388
803b1158	803270e8
803b1158	80327808
803b11e4	802e1124
803b11e4	802e18a4
803b11e4	80324388
803b11e4	8032713c
803b11e4	8032c608
803b11e4	8032dc20
803b11e4	803abf34
803b1234	803b0224
803b1234	80324388
803b1234	80327194
803b1264	802e1124
803b1264	802e18a4
803b1264	8032c608
803b1264	8032dc20
803b1264	803abf34
803b12c0	802e1124
803b12c0	802e1858
803b12c0	8032c608
803b12c0	8032dc38
803b12c0	80324388
803b12c0	803270e8
803b1330	802e1124
803b1330	802e18a4
803b1330	8032c608
803b1330	8032dc20
803b1330	803abf34
803b1330	803d5ae0
803b13ac	802e1124
803b13ac	802e18a4
803b13ac	8032c608
803b13ac	8032dc20
803b13ac	803d5ae0
803b1424	80035684
803b1424	802f45e4
803b1424	80324388
803b1424	803271b4
803b1424	803b1670
803b1424	803e1790
803b1424	800356d0
803b1550	803b1670
803b1550	803150f4
803b1550	803152e0
803b1550	803b026c
803b15b4	802e1124
803b15b4	802e1858
803b15b4	8032c608
803b15b4	8032dc38
803b15b4	803150f4
803b15b4	80315264
803b15b4	8031526c
803b15b4	80324388
803b15b4	803270e8
803b15b4	803152e0
803b15b4	8032e34c
803b1670	802e1124
803b1670	802e18a4
803b1670	8032c608
803b1670	8032e34c
803b1670	8032dc20
803b1670	80324388
803b1670	8032713c
803b16cc	803216c8
803b16cc	8032170c
803b16cc	803b0fd0
803b1704	8003567c
803b1704	802f45e4
803b1704	802f472c
803b1704	802f5de8
803b1704	802f6074
803b1704	803b0fac
803b1704	802f4900
803b1704	803216c8
803b1704	803216f4
803b1704	80324388
803b1704	80327178
803b1704	80327194
803b1704	800356c8
803b18ac	80035688
803b18ac	803af998
803b18ac	803b1aa8
803b18ac	803b4b94
803b18ac	800356d4
803b195c	803af998
803b19b8	803150f4
803b19b8	80315288
803b19b8	803b15b4
803b1a3c	8002ab98
803b1aa8	80035688
803b1aa8	803af980
803b1aa8	80324388
803b1aa8	80327574
803b1aa8	803b09a4
803b1aa8	8002451c
803b1aa8	800356d4
803b1c64	80035670
803b1c64	802f472c
803b1c64	802d6ee4
803b1c64	802f5d34
803b1c64	802f45e4
803b1c64	800356bc
803b1e5c	80035674
803b1e5c	802f45e4
803b1e5c	802f472c
803b1e5c	802f5de8
803b1e5c	802f6074
803b1e5c	802f4900
803b1e5c	800356c0
803b2144	802cd4e8
803b2178	803b2320
803b2178	802cd4e8
803b21bc	8041c400
803b220c	803b2320
803b220c	802cd4e8
803b226c	8002eed0
803b2290	8002f024
803b22b4	8002eac4
803b22d8	8002f020
803b22fc	8002efa8
803b2320	8002f028
803b2344	8041c54c
803b2394	803b2344
803b2414	803b2178
803b2414	803b21bc
803b2414	802e3a28
803b2478	80035688
803b2478	802f003c
803b2478	802e3a28
803b2478	802e954c
803b2478	8041c004
803b2478	802f0090
803b2478	80344260
803b2478	800356d4
803b2624	8003566c
803b2624	802f0090
803b2624	802e3a28
803b2624	802ccddc
803b2624	802ccd98
803b2624	802eaff4
803b2cf4	801def24
803b2cf4	8041c6c0
803b2dd0	80035680
803b2dd0	80344260
803b2dd0	803b2f90
803b2fc4	80035688
803b2fc4	802e3a28
803b3160	80035684
803b3160	802f0090
803b3160	802e3a28
803b3160	802ccddc
803b3160	8002f288
803b32e0	80035688
803b32e0	803b2138
803b32e0	8041c400
803b32e0	802ccd98
803b32e0	802ce970
803b32e0	803b32c4
803b32e0	803b224c
803b32e0	800356d4
803b347c	803cfa08
803b347c	803b345c
803b34c0	803cfa04
803b34f8	80035680
803b34f8	803cf6d0
803b34f8	803d5520
803b34f8	803ccc78
803b34f8	803ccfd0
803b34f8	80074318
803b34f8	803cd454
803b34f8	804159a0
803b34f8	803cfa34
803b34f8	803ca760
803b34f8	80410e24
803b34f8	803e8b00
803b34f8	803d54d8
803b34f8	803bf238
803b34f8	803d5510
803b34f8	803d5688
803b34f8	803bf308
803b34f8	803d5518
803b34f8	803cce94
803b34f8	800356cc
803b3714	803d55e8
803b3714	803cf6a0
803b3714	803e8a74
803b3714	803cad48
803b379c	80035688
803b39e4	80035684
803b39e4	803b40d0
803b39e4	803ad024
803b39e4	8032c61c
803b39e4	802e1124
803b39e4	802e17a8
803b39e4	8032c608
803b39e4	8032e328
803b39e4	80413d64
803b39e4	802e16f8
803b39e4	8025443c
803b39e4	800356d0
803b3afc	80035684
803b3afc	803ad024
803b3afc	8013379c
803b3afc	803e2254
803b3afc	803acfb8
803b3afc	80324388
803b3afc	803271b4
803b3afc	80327194
803b3afc	80327178
803b3afc	80325444
803b3afc	80253080
803b3afc	80316484
803b3afc	802530a0
803b3afc	8032c608
803b3afc	80252908
803b3afc	80253054
803b3afc	800356d0
803b3d74	80035684
803b3d74	80252ff8
803b3d74	80324388
803b3d74	803ae858
803b3d74	803b4ffc
803b3d74	803164f8
803b3d74	802530a0
803b3d74	80252fe8
803b3d74	803b4fac
803b3d74	8032c608
803b3d74	80316484
803b3d74	803271d0
803b3d74	803ad024
803b3d74	803271ec
803b3d74	800356d0
803b405c	803b39e4
803b405c	8024c2f4
803b405c	80254490
803b405c	803b3d74
803b40ec	80035650
803b40ec	8024c5d0
803b40ec	8024bea4
803b40ec	80324388
803b40ec	803ae858
803b40ec	8024bf64
803b40ec	8024c370
803b40ec	8024c3dc
803b40ec	8003569c
803b42d4	80253d04
803b42d4	802523e4
803b42d4	803b466c
803b42d4	80252578
803b439c	80253d04
803b439c	80253d18
803b439c	80253e9c
803b4414	80113534
803b4414	8024c6d4
803b4414	802525e4
803b444c	803b3904
803b444c	803ad008
803b448c	803b3904
803b4508	80035684
803b4508	80324388
803b4508	803ae858
803b4508	803b3904
803b4508	800356d0
803b459c	803b3904
803b45d4	80074318
803b466c	8003a998
803b466c	80025f14
803b466c	80074318
803b4754	8024c274
803b47cc	803b3904
803b47cc	80005fb4
803b486c	803b3904
803b486c	803b195c
803b492c	800060b8
803b492c	803b3904
803b49bc	803b3904
803b4a30	8003567c
803b4a30	803b3904
803b4a30	800356c8
803b4aec	8024c604
803b4b1c	80035688
803b4b1c	80005fb4
803b4b1c	8024c5e0
803b4b1c	8024c328
803b4b1c	8024c470
803b4b1c	800356d4
803b4b94	80035680
803b4b94	80005fb4
803b4b94	8024c5e0
803b4b94	8024c328
803b4b94	8024d144
803b4b94	8024d480
803b4b94	803b4ffc
803b4b94	8024c3e0
803b4b94	800356cc
803b4c94	803b3904
803b4c94	8024c430
803b4c94	803b195c
803b4d28	80035688
803b4d28	803b3904
803b4d28	8002ab7c
803b4d28	8002abb4
803b4d28	800356d4
803b4dd0	80035688
803b4dd0	803b3904
803b4dd0	8002ace4
803b4dd0	800356d4
803b4e4c	80035680
803b4e4c	803b3904
803b4e4c	8002ab98
803b4e4c	80250c6c
803b4e4c	80324388
803b4e4c	80250cb0
803b4e4c	80251420
803b4e4c	800356cc
803b4fac	80250c44
803b4fac	8041afe4
803b4fac	80250cb0
803b4fac	80251060
803b4ffc	80035684
803b4ffc	80250c44
803b4ffc	80250cb0
803b4ffc	80250dc8
803b4ffc	800356d0
803b5074	8024c554
803b5074	803ad008
803b5074	8024c4fc
803b5110	80035688
803b5110	803ad788
803b5110	80324388
803b5110	8032786c
803b5110	803bf054
803b5110	8004354c
803b5110	8041b6ac
803b5110	802e1124
803b5110	802e16f8
803b5110	800356d4
803b51ec	802e1124
803b51ec	802e17a8
803b51ec	803ad788
803b51ec	803d4d94
803b51ec	803d5148
803b51ec	803d50ac
803b5244	803ad024
803b5244	80324388
803b5244	803271d0
803b52b0	803bad2c
803b532c	803b5410
803b532c	803cfa04
803b538c	803b5410
803b538c	803b7f54
803b538c	803b7ce0
803b5410	803b7d70
803b548c	801db848
803b548c	80173094
803b5534	80035688
803b5534	801db8b4
803b5534	80173100
803b5534	803cfa04
803b5534	800356d4
803b55f0	80035678
803b55f0	801d8c4c
803b55f0	801dfda4
803b55f0	800356c4
803b5708	80035688
803b5708	801db840
803b5708	803b2cd0
803b5708	802cd4cc
803b5708	800356d4
803b57b8	80035688
803b57b8	803b2cd0
803b57b8	802cd4cc
803b57b8	800356d4
803b5864	80035680
803b5864	803b5b84
803b5864	803b2cd0
803b5864	802cd4cc
803b5864	80180b50
803b5864	800356cc
803b5978	80035680
803b5978	803b5b84
803b5978	803b2cd0
803b5978	802cd4cc
803b5978	80180b50
803b5978	800356cc
803b5a8c	803b5b84
803b5b0c	803b5b84
803b5b84	801d8c4c
803b5c00	803cfa08
803b5c00	803b548c
803b5c80	803cfa04
803b5d3c	80035684
803b5d3c	803b52b0
803b61b4	8015fe48
803b628c	803b5410
803b628c	801dec34
803b628c	8017dc38
803b628c	803b532c
803b628c	803cfa04
803b636c	80035688
803b6568	803b61b4
803b6568	801d72e0
803b6568	803b2ce0
803b6568	80161af8
803b6568	801d7430
803b6600	801db7ec
803b6600	803b2cd0
803b6658	80035688
803b6658	803b5410
803b6658	803b538c
803b6658	800356d4
803b66d0	803b5410
803b66d0	803b538c
803b6768	802e3a28
803b6768	802cd4cc
803b6768	802ce948
803b67f4	80035684
803b67f4	8015fe48
803b6bc4	802e3a28
803b6c58	80035248
803b6d04	803b6eec
803b6d04	80035340
803b6d04	803cfa04
803b6d80	801e1858
803b6dec	80035688
803b6dec	803b6eec
803b6dec	801e4e5c
803b6dec	801b3e88
803b6dec	803b850c
803b6dec	803b8560
803b6dec	803b8980
803b6dec	803b8bac
803b6dec	801b2358
803b6dec	800356d4
803b6eec	801dec34
803b6eec	803b893c
803b6eec	803b8c28
803b6eec	803b88b8
803b6f84	80035680
803b6f84	8002e958
803b6f84	8017b6d0
803b6f84	800356cc
803b70c4	8003567c
803b70c4	803b850c
803b70c4	803b8560
803b70c4	803b8bac
803b70c4	800356c8
803b7160	80035688
803b7160	803b893c
803b7160	803b8c28
803b7160	803b88b8
803b7160	800356d4
803b71d8	803b893c
803b7228	803b893c
803b7264	80035680
803b7264	803b893c
803b7264	8016b098
803b7264	8016a3b8
803b7264	801e4e5c
803b7264	8016a0cc
803b7264	803cfa08
803b7264	803b9998
803b7264	803b9a50
803b7264	800356cc
803b7368	80035684
803b7368	8016b098
803b7368	801dfdd0
803b7368	801dfcd4
803b7368	801dfe48
803b7368	803b7ab0
803b7368	803cfa08
803b7368	803b9998
803b7368	803b9a50
803b7368	800356d0
803b74a4	80035684
803b74a4	8016b098
803b74a4	801dfdd0
803b74a4	801dfcd4
803b74a4	801dfe48
803b74a4	803b787c
803b74a4	803cfa08
803b74a4	803b9998
803b74a4	803b9a50
803b74a4	800356d0
803b761c	803b9a90
803b7674	80035678
803b7674	803b893c
803b7674	8016b098
803b7674	8016a3b8
803b7674	803cfa08
803b7674	803b97e8
803b7674	801e4e5c
803b7674	801b5e98
803b7674	8016a0cc
803b7674	801dec34
803b7674	803b9510
803b7674	803b95cc
803b7674	800356c4
803b7824	803b9650
803b787c	80035684
803b787c	801def54
803b787c	801e4e5c
803b787c	801b4ec8
803b787c	8016b098
803b787c	803b79a0
803b787c	80161af8
803b787c	8016a0cc
803b787c	801dec34
803b787c	800356d0
803b79a0	80161af8
803b79a0	801dfe48
803b7ab0	80035684
803b7ab0	801e4e5c
803b7ab0	801cd95c
803b7ab0	801def54
803b7ab0	8016b098
803b7ab0	803b79a0
803b7ab0	80161af8
803b7ab0	8016a0cc
803b7ab0	801dec34
803b7ab0	800356d0
803b7bdc	8003567c
803b7bdc	803b71d8
803b7bdc	803cf6a8
803b7bdc	803badf0
803b7bdc	803bae74
803b7bdc	800356c8
803b7c98	80178f78
803b7ce0	80178f78
803b7ce0	8017aab0
803b7d70	80179c44
803b7d70	8017afb0
803b7dfc	803b97c8
803b7dfc	80178f78
803b7e58	803b97c8
803b7e58	80179c44
803b7eb0	80178f78
803b7f04	80179c44
803b7f54	8017d524
803b7f54	8017bed4
803b7f54	803b2cd0
803b7f54	8017d6c4
803b7f54	802ccd98
803b8018	80035688
803b816c	80035688
803b8338	80035680
803b8338	803b8304
803b8338	803b2ce0
803b8338	80161af8
803b8338	803b8314
803b8338	8017d370
803b8338	800356cc
803b842c	803b8d44
803b842c	801b4320
803b842c	8017d244
803b842c	80177f7c
803b849c	803b8d44
803b849c	801b4358
803b849c	8017d244
803b849c	80177f7c
803b8560	80035654
803b8560	803ccc78
803b8560	803ccfd0
803b8560	803cd454
803b8560	803d4ad8
803b8560	803cfa34
803b8560	803d4a04
803b8560	8023f404
803b8560	8023fa5c
803b8560	8023f994
803b8560	801e25fc
803b8560	8024086c
803b8560	80243d68
803b8560	803b2dcc
803b8560	80161af8
803b8560	8023ded0
803b8560	8016b034
803b8560	80026640
803b8560	80034f44
803b8560	80026030
803b8560	803bad60
803b8560	803b8f80
803b8560	8023f558
803b8560	803cce94
803b8560	800356a0
803b88b8	80035684
803b88b8	803b8ca4
803b88b8	801dec34
803b88b8	803cfa04
803b88b8	800356d0
803b8980	80035688
803b8980	80161af8
803b8980	801e4e5c
803b8980	8017c0a0
803b8980	803b8d44
803b8980	8017d244
803b8980	8017d6c4
803b8980	800356d4
803b8bac	80035680
803b8bac	8017b420
803b8bac	800356cc
803b8c28	80035680
803b8c28	8017b50c
803b8c28	800356cc
803b8ca4	8003566c
803b8ca4	803b8fd4
803b8ca4	800356b8
803b8d44	801b4244
803b8d44	801b4390
803b8d44	801b4320
803b8d44	801b4358
803b9060	803cfa08
803b9060	801e4368
803b9060	803b9140
803b90e8	801e43b0
803b90e8	803cfa04
803b9180	80035680
803b9180	803cfa04
803b9180	800356cc
803b920c	8003567c
803b920c	803cfa04
803b920c	800356c8
803b92a0	803cfa08
803b9310	80035684
803b9310	803cfa04
803b9310	800356d0
803b9368	8003567c
803b9368	803cfa34
803b9368	800356c8
803b9510	803bad2c
803b956c	803b9650
803b956c	803cfa04
803b95cc	80035688
803b95cc	803b9650
803b95cc	800356d4
803b96c4	801809d4
803b96c4	80161af8
803b9730	803b2dcc
803b9730	8016b034
803b977c	803b2ce0
803b977c	8016af68
803b9810	801b4f4c
803b9810	803cfa04
803b986c	80035684
803b986c	801d8c4c
803b986c	801d8c70
803b986c	800356d0
803b98f8	80035684
803b98f8	801d8c4c
803b98f8	801d8c70
803b98f8	800356d0
803b9998	803bad2c
803b99e8	803b9a90
803b99e8	803cfa04
803b9af4	80161af8
803b9af4	803b2cf4
803b9ba8	80161af8
803b9ba8	803b2cd0
803b9bfc	801def54
803b9bfc	8023c1e4
803b9bfc	8016afac
803b9c74	80161af8
803b9c74	801def54
803b9c74	8023ecd0
803b9c74	803b2cd0
803b9cf0	80161af8
803b9cf0	801def54
803b9cf0	8023ecd0
803b9cf0	803b2cd0
803b9d6c	803b2dcc
803b9d6c	8016b034
803b9db8	803b2ce0
803b9db8	8016af68
803b9e30	803b2ce0
803b9e30	801691f0
803b9e94	80161af8
803b9e94	803b2cd0
803b9ee8	803b2ce0
803b9ee8	801691f0
803b9f4c	80161af8
803b9f4c	803b2cd0
803b9fa0	803b2ce0
803b9fa0	801691f0
803ba190	801690bc
803ba1e4	8016917c
803ba1e4	803cfa04
803ba258	80035678
803ba258	80203438
803ba258	803ba760
803ba258	803b2cd0
803ba258	802cd4cc
803ba258	803b9e28
803ba258	803b71d0
803ba258	80180b50
803ba258	800356c4
803ba3dc	8003567c
803ba3dc	803ba760
803ba3dc	803b2cd0
803ba3dc	802cd4cc
803ba3dc	803b9e28
803ba3dc	803b71d0
803ba3dc	80180b50
803ba3dc	800356c8
803ba534	80035680
803ba534	803ba760
803ba534	803b9e28
803ba534	803b71d0
803ba534	800356cc
803ba610	8003567c
803ba610	803ba760
803ba610	803b2cd0
803ba610	802cd4cc
803ba610	803b9e28
803ba610	803b71d0
803ba610	80180b50
803ba610	800356c8
803ba7c4	803cfa08
803ba7c4	803ba190
803ba850	803cfa04
803ba8f4	80035684
803ba8f4	803b52b0
803bab20	803b5410
803bab20	8017dc38
803bab20	803b532c
803bab20	803cfa04
803babf0	803b2ce0
803babf0	8016af68
803bac68	803b2cd0
803badf0	803bacf8
803bae2c	803cf6a0
803bae74	80035688
803bae74	803baf20
803bae74	800356d4
803baf20	80035680
803baf20	8015fe48
803baf20	8016ac9c
803baf20	801e4e5c
803baf20	802468f8
803baf20	8016b098
803baf20	803b787c
803baf20	803b7c98
803baf20	80246098
803baf20	80245678
803baf20	80249c18
803baf20	80245eb0
803baf20	80249fe4
803baf20	80245408
803baf20	803bb48c
803baf20	8024b074
803baf20	8024b204
803baf20	803bb4a4
803baf20	8024a864
803baf20	803bb768
803baf20	803bb78c
803baf20	803bb858
803baf20	803bb8a4
803baf20	803bb95c
803baf20	803bba58
803baf20	803bbca0
803baf20	803bbcbc
803baf20	803bbcd8
803baf20	803bbce8
803baf20	80178f78
803baf20	8017aab0
803baf20	8017a56c
803baf20	800356cc
803bb4a4	80035688
803bb4a4	80161af8
803bb4a4	801def54
803bb4a4	801e2e0c
803bb78c	80035684
803bb78c	801e2e0c
803bb78c	800356d0
803bb8a4	80035688
803bb8a4	802473dc
803bb8a4	800356d4
803bb95c	80035688
803bb95c	801e2e0c
803bb95c	800356d4
803bba58	80035684
803bba58	801e2e0c
803bba58	801def54
803bba58	80161af8
803bba58	800356d0
803bbcfc	8017afb0
803bbcfc	8017a804
803bbcfc	80179c44
803bc048	80161af8
803bc048	803b2cd0
803bc09c	80161af8
803bc09c	801def54
803bc09c	8023ecd0
803bc09c	803b2cd0
803bc09c	8002f288
803bc164	80161af8
803bc164	801def54
803bc164	8023ecd0
803bc164	803b2cd0
803bc164	803b2178
803bc1fc	803bc284
803bc1fc	803b2cf4
803bc284	80161af8
803bc284	8023c4ac
803bc2d4	803bc1fc
803bc2d4	803d78b8
803bc2d4	802e9308
803bc364	803b2dcc
803bc364	8016b034
803bc3b0	801809d4
803bc3b0	803b2cf4
803bc40c	803bc3b0
803bc40c	803d78b8
803bc40c	802e9308
803bc49c	803b2ce0
803bc49c	8016af68
803bc4e8	80161af8
803bc4e8	803b2cd0
803bc53c	803bc164
803bc53c	801809d4
803bc53c	803b2cf4
803bc53c	803b2178
803bc53c	803b2138
803bc53c	802cd4e8
803bc53c	8041c400
803bc53c	802e9308
803bc53c	803b2dcc
803bc53c	8016b034
803bc688	803b2ce0
803bc688	801691f0
803bc6ec	803b2cd0
803bc75c	803b2ce0
803bc75c	801691f0
803bc7cc	8024b8cc
803bc844	8024b870
803bc8a8	801dfda4
803bc8e0	802453b8
803bc8e0	801e4efc
803bc944	8024b450
803bc944	801e4efc
803bc9c0	803bda3c
803bc9c0	803be704
803bc9c0	802cd4cc
803bcae4	803bd14c
803bcae4	803b22b4
803bcae4	803b226c
803bcae4	803be660
803bcae4	803be5f4
803bcae4	803bdbac
803bcd5c	803b2138
803bcd5c	803b220c
803bcf10	80035688
803bcf10	803bcfc0
803bcf10	80385a5c
803bcf10	800356d4
803bd000	80035688
803bd000	803bcfc0
803bd000	80385a5c
803bd000	800356d4
803bd0b0	802eaff4
803bd2a8	803bd274
803bd2a8	803bd2f0
803bd3ac	80035688
803bd3ac	80035438
803bd3ac	803cfa04
803bd3ac	800356d4
803bd434	803cfa08
803bd434	80035088
803bd4c4	80035688
803bd4c4	803bd520
803bd4c4	800356d4
803bd520	803e2c78
803bd578	803cfa04
803bd5f4	803cfa04
803bd664	803e2b88
803bd794	803e2c78
803bda3c	803606f8
803bda3c	802cd4cc
803bda3c	803bdb28
803bdb28	802e3a28
803bdb28	802cd4cc
803be0b8	803be298
803be0b8	803be34c
803be0b8	803eacdc
803be0b8	803ead40
803be1dc	80035688
803be1dc	803bdb28
803be1dc	803d7ac4
803be1dc	800356d4
803be298	80035684
803be298	803be084
803be298	8041ccb4
803be298	802e3a38
803be298	800356d0
803be34c	8003567c
803be34c	8002475c
803be34c	8041c6c0
803be34c	800356c8
803be5f4	802e3a28
803be5f4	803d7ac4
803be660	802e3a28
803be660	803d7ac4
803be74c	803cf6d0
803be74c	803beb44
803be790	803cf6d0
803be790	803c2348
803be790	803c72a4
803be790	803bc9c0
803be790	80378754
803be790	803bfb2c
803be790	803bfcdc
803be790	803c0054
803be790	803c3514
803be790	80338de8
803be790	8034fd90
803be790	803cfa08
803be790	8036063c
803be790	8038afe0
803be790	803a4dd8
803be790	803c3d48
803be790	803c6bc4
803bea7c	80035684
803bea7c	803cf6a0
803bea7c	803be790
803bea7c	800356d0
803beaec	803cf6a0
803beb44	803be790
803bebbc	80035684
803bebbc	803cf6a0
803bebbc	800356d0
803bee04	80035684
803bee04	800356d0
803beed0	803cfa08
803beed0	803bef4c
803bef14	803bef98
803bef98	803bf1dc
803bef98	803cfa04
803bf05c	803cfa04
803bf080	803e3af0
803bf080	803e3ae8
803bf080	80410f4c
803bf080	803e3a9c
803bf080	803e387c
803bf080	803e3cf0
803bf080	803e58dc
803bf080	803e3f14
803bf080	803e57ac
803bf080	803e3f58
803bf080	80074244
803bf080	803e58bc
803bf080	803e4370
803bf080	803f1aa0
803bf080	803f7cbc
803bf080	803f1b80
803bf1dc	803e3be8
803bf1dc	803e396c
803bf238	803ad024
803bf238	803b40d0
803bf238	803e5840
803bf238	803e4064
803bf238	803e58bc
803bf238	80329290
803bf308	80329314
803bf348	80035688
803bf348	803cfa08
803bf348	803c437c
803bf348	803c4504
803bf348	800356d4
803bf438	802ccd8c
803bf438	80035248
803bf490	803cf6a0
803bf52c	803cf6a0
803bf608	80340364
803bf67c	80035688
803bf67c	803a5d54
803bf888	80035684
803bf888	80035558
803bf888	800356d0
803bf91c	80035688
803bf91c	803a5d54
803bfb2c	803bda3c
803bfb2c	803be704
803bfbe0	803bdbac
803bfbe0	803be57c
803bfbe0	803be594
803bfbe0	803b2178
803bfcdc	803bda3c
803bfcdc	803b2138
803bfcdc	803be704
803bfcdc	802ec6d0
803bfcdc	803be660
803bfcdc	803be5f4
803bfe24	803c001c
803bfe24	803be660
803bfe24	803b2178
803bfe24	802ef650
803bfe24	803b21bc
803bfe24	803be5f4
803c0054	803bda3c
803c0054	803be704
803c0140	803be57c
803c0140	803be594
803c0140	802f0090
803c0140	802e3a28
803c0140	802ecbd0
803c0140	802f00e4
803c0140	802f003c
803c0140	803be660
803c0348	803be57c
803c0348	803be594
803c0348	802f0090
803c0348	802e3a28
803c0348	803b2178
803c0348	802ef6b4
803c0348	802cd4e8
803c0348	803b21bc
803c0348	802f00e4
803c0348	803b2414
803c0348	803c02e8
803c0348	802f003c
803c0348	803be5f4
803c0348	803be660
803c0648	803be57c
803c0648	803be594
803c0648	802f0090
803c0648	802e3a28
803c0648	802ecbd0
803c0648	803b2290
803c0818	803be57c
803c0818	803be594
803c0818	802f0090
803c0818	802e3a28
803c0818	802ecbd0
803c0818	803b2290
803c09e8	803be57c
803c09e8	803be594
803c09e8	802f0090
803c09e8	802e3a28
803c09e8	802ecbd0
803c09e8	803b2178
803c09e8	803b2138
803c09e8	802cd4e8
803c09e8	803b21bc
803c09e8	802f00e4
803c09e8	802f003c
803c09e8	803be5f4
803c0bcc	803be57c
803c0bcc	803be594
803c0bcc	802f0090
803c0bcc	802e3a28
803c0bcc	802ecbd0
803c0bcc	803b2178
803c0bcc	802ef6b4
803c0bcc	802cd4e8
803c0bcc	803b21bc
803c0bcc	802f00e4
803c0bcc	802f003c
803c0bcc	803be5f4
803c0d90	803be57c
803c0d90	803be594
803c0d90	803c02e8
803c0d90	803be5f4
803c0d90	803be660
803c0e4c	803be57c
803c0e4c	803be594
803c0e4c	803c02e8
803c0e4c	803be5f4
803c0e4c	803be660
803c0f2c	80035688
803c0f2c	803bdbac
803c0f2c	8002451c
803c0f2c	800356d4
803c1028	80035688
803c1028	803ec5c0
803c1028	803ec9a8
803c176c	80035684
803c176c	803ec98c
803c176c	802e9308
803c176c	803c1888
803c176c	800356d0
803c1888	80035680
803c1888	8041ab98
803c1930	80035688
803c1930	803ec98c
803c1930	802e9308
803c1930	803c1888
803c1930	800356d4
803c1a5c	80035680
803c1a5c	803ec98c
803c1a5c	802e9308
803c1a5c	8041ab98
803c1b70	80035688
803c1b70	803ec98c
803c1b70	8041c82c
803c1b70	8041c004
803c1b70	802e3a28
803c1b70	802ccda8
803c1b70	8041ccb4
803c1b70	802e3a38
803c1b70	802ecbd0
803c1b70	802f003c
803c1b70	802ce948
803c1b70	800356d4
803c1e54	803cf6d0
803c1e54	803c1ed0
803c1e98	803c1f98
803c1ed0	803c224c
803c1f40	803bf490
803c1f40	803cf6a0
803c1f98	803c1f40
803c1f98	803cf6a0
803c209c	80035684
803c209c	800356d0
803c2108	80035684
803c2108	800356d0
803c2174	80035684
803c2174	800356d0
803c21e0	80035684
803c21e0	800356d0
803c226c	803c2108
803c226c	803c209c
803c226c	803c2174
803c2348	803bda3c
803c2348	802e3a28
803c2348	803be704
803c25bc	802d0120
803c25bc	803c2f00
803c25bc	803be594
803c25bc	8041aa40
803c2650	802d0120
803c2650	802f0090
803c2650	802e3a28
803c2718	80035684
803c2718	802d0120
803c2f34	803cfa08
803c2f70	803cfa04
803c2fa8	80035668
803c2fa8	8041bfa0
803c2fa8	8041c400
803c2fa8	802e927c
803c2fa8	8041c004
803c2fa8	8002f288
803c2fa8	800356b4
803c3514	803bda3c
803c3514	803b2138
803c3514	802ccd98
803c3514	803be704
803c3514	802cd4e8
803c3514	802e3a28
803c3634	803cf6a0
803c3690	80035684
803c3c84	802cd4cc
803c3cfc	802ccd8c
803c3cfc	802ccd98
803c3d48	803bda3c
803c3d48	803be704
803c3e04	80035680
803c3e04	802e3a28
803c3f60	803bdbac
803c3f60	8041cd7c
803c3f60	803be5f4
803c3f60	803be660
803c437c	80035680
803c437c	802e8134
803c437c	800356cc
803c44a4	803c4744
803c44a4	803cfa04
803c4504	80035684
803c4504	803c459c
803c4504	803cfa08
803c4504	803c1028
803c4504	800356d0
803c459c	80035678
803c459c	803e64a4
803c459c	803ec5f4
803c459c	803ec994
803c459c	803ec2d8
803c459c	803ec16c
803c459c	803eb1fc
803c459c	803ea6d0
803c459c	803eb1b0
803c459c	803c4cac
803c459c	803ec224
803c459c	8036f214
803c459c	800356c4
803c4744	80035688
803c4744	803e6400
803c4744	800356d4
803c480c	80035674
803c480c	803eb90c
803c480c	803eb5e0
803c480c	803cf6d0
803c480c	803c4e00
803c480c	800245ec
803c480c	803cf6a0
803c480c	803eb8ac
803c480c	800356c0
803c4aac	80035680
803c4aac	803ec5f4
803c4aac	803ec994
803c4aac	803ec2d8
803c4aac	803c1028
803c4aac	803ec16c
803c4aac	803eb1b0
803c4aac	803c4cac
803c4aac	803ec224
803c4aac	8036f214
803c4aac	800356cc
803c4cac	80035684
803c4cac	8041c6c0
803c4cac	8041c82c
803c4cac	803ec4c0
803c4cac	803c1b70
803c4cac	800356d0
803c4db0	803b22fc
803c4db0	803b2320
803c4e20	803be5c4
803c4f6c	802ccd98
803c4ff8	803cfa08
803c4ff8	803c503c
803c503c	80035688
803c503c	803c4f6c
803c503c	800356d4
803c50d8	803c54e8
803c50d8	803bf490
803c50d8	803cfa04
803c5150	8003565c
803c5150	80035558
803c5150	803bf348
803c5150	80410964
803c5150	803cfa34
803c5150	80410a44
803c5150	803e8b00
803c5150	803e89f8
803c5150	803e88c4
803c5150	803e64a4
803c5150	803ec5f4
803c5150	803ec16c
803c5150	803c54cc
803c5150	803f1b80
803c5150	80045138
803c5150	800356a8
803c54e8	80035674
803c54e8	803e6400
803c54e8	803e8a74
803c54e8	803cfa04
803c54e8	803bf3e8
803c54e8	800356c0
803c5594	80035684
803c5594	802e3a28
803c5594	802cd4cc
803c5594	800356d0
803c5628	80035688
803c5628	803be084
803c5628	802e3a38
803c5628	802ce948
803c5628	802ce970
803c5628	802ccd98
803c5628	8041c400
803c5628	802e927c
803c5628	802ea12c
803c5628	803d7ac4
803c5628	8041ccb4
803c5628	8041c6c0
803c5628	803c4cac
803c5628	800356d4
803c5c94	80035658
803c5c94	803c54cc
803c5c94	803c5628
803c5c94	803c480c
803c5c94	803eb90c
803c5c94	803ec994
803c5c94	803eb5e0
803c5c94	803eb8ac
803c5c94	803c5c4c
803c5c94	803e3e98
803c5c94	803e3d74
803c5c94	803f01c8
803c5c94	803f00a0
803c5c94	803eff1c
803c5c94	803efde8
803c5c94	803efea0
803c5c94	803e7408
803c5c94	803e7398
803c5c94	803efde4
803c5c94	803efde0
803c5c94	803ec5c0
803c5c94	803efd14
803c5c94	803efddc
803c5c94	803f009c
803c5c94	803f0154
803c5c94	803f014c
803c5c94	803e741c
803c5c94	803eff58
803c5c94	803f0098
803c5c94	803efeac
803c5c94	803f0158
803c5c94	800356a4
803c63a8	802ccd8c
803c63a8	802ef554
803c63a8	80344260
803c63a8	803c54cc
803c6420	803b2138
803c6420	802cd4e8
803c6478	803bf490
803c6478	803cf6a0
803c64d0	802cd4cc
803c64d0	802e927c
803c6578	803ca53c
803c6578	803ca4f0
803c6694	802cd4e8
803c6724	8041c400
803c6724	802e927c
803c6724	803e2c78
803c6a9c	802cd4cc
803c6a9c	802e927c
803c6b2c	803c64d0
803c6b2c	803c6578
803c6b64	802ccd8c
803c6b64	803c6420
803c6b64	80035028
803c6bc4	803bda3c
803c6bc4	803be704
803c6c6c	80035678
803c6c6c	802cd4cc
803c6c6c	802ccda8
803c6c6c	8041ce1c
803c6c6c	800356c4
803c6d40	803bdbac
803c6d40	802cd4cc
803c6d40	803b226c
803c6d40	8041cd7c
803c6d40	802ef554
803c6d40	803c6fc0
803c6d40	8041cba0
803c6d40	8002f288
803c6d40	803c7020
803c6d40	803be5f4
803c6d40	803be660
803c6fc0	8002f288
803c6fc0	803c7020
803c7060	803cf6a0
803c70a8	80035678
803c70a8	803cd454
803c70a8	803ca53c
803c70a8	80410f00
803c70a8	803e8b00
803c70a8	8002451c
803c70a8	800356c4
803c718c	80035680
803c718c	803e8a74
803c718c	803cad48
803c718c	800356cc
803c7214	8003567c
803c7214	80025f14
803c7214	800356c8
803c72a4	803bda3c
803c72a4	802ccd98
803c72a4	803be704
803c72a4	803c73f4
803c72a4	802f003c
803c72a4	802e3a28
803c72a4	803be5f4
803c73f4	803be660
803c73f4	802f003c
803c73f4	802e3a28
803c73f4	803be5f4
803c7470	803be594
803c7470	802f003c
803c7470	802e3a28
803c7470	803be5f4
803c7470	803bdbac
803c7510	803cfa08
803c7510	803c7624
803c7554	803c7830
803c758c	80035678
803c758c	80410d74
803c758c	80410f00
803c758c	80025f14
803c758c	800356c4
803c7624	80035688
803c7624	803efb7c
803c7624	803f1b80
803c7624	803ca53c
803c7624	803c758c
803c7624	803e8b00
803c7624	803c7904
803c7624	800356d4
803c7830	803e8a74
803c7830	803cad48
803c7830	803cfa04
803c795c	80035678
803c795c	803bf874
803c795c	803efb0c
803c795c	803efafc
803c795c	803efad8
803c795c	803efabc
803c795c	803efa44
803c795c	800356c4
803c7a7c	80035680
803c7a7c	803cfa08
803c7a7c	803ccc78
803c7a7c	803ccfd0
803c7a7c	803cd454
803c7a7c	803cb944
803c7a7c	802f46bc
803c7a7c	803c9174
803c7a7c	802f4900
803c7a7c	803cb950
803c7a7c	803c8dc0
803c7a7c	803cb16c
803c7a7c	803cce94
803c7a7c	800356cc
803c7c18	80035684
803c7c18	803cfa08
803c7c18	803ccc78
803c7c18	803ccfd0
803c7c18	803cd454
803c7c18	803cb950
803c7c18	803c8fd8
803c7c18	803cb16c
803c7c18	803cce94
803c7c18	800356d0
803c7d20	803c91fc
803c7d20	803caeec
803c7d20	803cfa04
803c7da8	80035248
803c7e8c	8003567c
803c7e8c	803cf6a4
803c7e8c	803cfa04
803c7e8c	803c9be4
803c7e8c	80035340
803c7e8c	800356c8
803c7fa0	80035680
803c7fa0	803cf6e4
803c7fa0	803cfa08
803c7fa0	80035088
803c7fa0	803f3fe0
803c7fa0	803c8318
803c7fa0	800356cc
803c817c	8003567c
803c817c	8041c6c0
803c817c	803c9b30
803c817c	800356c8
803c8280	8041c004
803c8318	803b2344
803c851c	80035680
803c851c	803fca44
803c851c	803fc9d4
803c851c	803c89a4
803c89a4	80035678
803c8b78	8041af54
803c8b78	803c8318
803c8dc0	80035684
803c8dc0	80035248
803c8dc0	803c92d8
803c8dc0	800356d0
803c8e50	803ccc08
803c8e50	80035248
803c8eb8	803ccc08
803c8ee8	803cce94
803c8ee8	803cf6a0
803c8f40	803cce94
803c8f40	80035340
803c8f40	803cf6a0
803c8fd8	80035670
803c8fd8	80035248
803c8fd8	803ccd84
803c8fd8	803c9128
803c8fd8	803c92d8
803c8fd8	800356bc
803c9128	803ccd84
803c9174	80035688
803c9174	80035248
803c9174	803c97b4
803c9174	800356d4
803c91fc	80035340
803c91fc	803cfa04
803c9260	80035680
803c9260	803cd38c
803c9260	800356cc
803c92d8	8003566c
803c92d8	802f2c84
803c92d8	803ccc08
803c92d8	802f2eb0
803c92d8	803c9260
803c92d8	803cce94
803c92d8	803ccd20
803c92d8	803cd20c
803c92d8	803ccd84
803c92d8	803cd13c
803c92d8	803cd064
803c92d8	803cce0c
803c92d8	803ccc78
803c92d8	802ed23c
803c92d8	803cd454
803c92d8	802f3054
803c92d8	802f2f80
803c92d8	8002451c
803c92d8	803cd38c
803c92d8	802f2e00
803c92d8	802f2cf0
803c92d8	800356b8
803c97b4	80035664
803c97b4	8002451c
803c97b4	802f4a54
803c97b4	803ccc78
803c97b4	803c9260
803c97b4	803cce94
803c97b4	803ccc08
803c97b4	803cce0c
803c97b4	802ed23c
803c97b4	803ccd84
803c97b4	803cd454
803c97b4	802f51f4
803c97b4	802f50e4
803c97b4	800356b0
803c9ae8	803cfa04
803c9b30	8041c6c0
803c9bf0	80344260
803c9bf0	803c8d14
803c9bf0	8041c004
803c9bf0	802e3a28
803c9f14	80034f44
803c9f84	8003567c
803c9f84	803ca270
803c9f84	800356c8
803ca270	8002451c
803ca2c0	803ca368
803ca2c0	803cf6a0
803ca320	803cf6d0
803ca320	803c9f84
803ca368	803ca918
803ca368	803ca994
803ca368	803caa08
803ca368	803caa7c
803ca368	803caaf0
803ca368	803cab64
803ca368	803cabd8
803ca3e8	8003567c
803ca3e8	803cb954
803ca3e8	803ca6d0
803ca3e8	803cbe08
803ca3e8	8003bac8
803ca3e8	800356c8
803ca4f0	803ca3e8
803ca4f0	803e3440
803ca53c	8003567c
803ca53c	803cba10
803ca53c	803ca6d0
803ca53c	803cbf44
803ca53c	8003bac8
803ca53c	800356c8
803ca620	80035684
803ca620	803cbc08
803ca620	803ca6d0
803ca620	803cc530
803ca620	800356d0
803ca6d0	80035680
803ca6d0	803d4ae0
803ca6d0	803d4900
803ca6d0	803d4b14
803ca6d0	800356cc
803ca760	8003567c
803ca760	803ccc08
803ca760	803ccc78
803ca760	802ed23c
803ca760	803ccd84
803ca760	803cce94
803ca760	803cce0c
803ca760	803cd454
803ca760	803cba10
803ca760	803d4a04
803ca760	803cbf44
803ca760	8003bac8
803ca760	800356c8
803ca918	80035684
803ca918	803cac4c
803ca918	800356d0
803ca994	80035684
803ca994	803cad48
803ca994	800356d0
803caa08	80035684
803caa08	803cadf8
803caa08	800356d0
803caa7c	80035684
803caa7c	803caeec
803caa7c	800356d0
803caaf0	80035684
803caaf0	803cb02c
803caaf0	800356d0
803cab64	80035684
803cab64	803cb0cc
803cab64	800356d0
803cabd8	80035684
803cabd8	803cb16c
803cabd8	800356d0
803cac4c	80035684
803cac4c	803f3114
803cac4c	803cfa04
803cac4c	803ca270
803cac4c	800356d0
803cad48	80035684
803cad48	803cf6a0
803cad48	803ca270
803cad48	800356d0
803cadf8	80035680
803cadf8	803f3114
803cadf8	803cfa04
803cadf8	803ca270
803cadf8	800356cc
803caeec	80035680
803caeec	803f3114
803caeec	803cfa04
803caeec	803ca270
803caeec	800356cc
803cafec	803cf6a0
803cb02c	80035684
803cb02c	803cf6a0
803cb02c	803ca270
803cb02c	800356d0
803cb0cc	80035684
803cb0cc	803cf6a0
803cb0cc	803ca270
803cb0cc	800356d0
803cb16c	80035684
803cb16c	803cfa04
803cb16c	803ca270
803cb16c	800356d0
803cb218	80035680
803cb218	803d4900
803cb218	803cb29c
803cb218	803cfa04
803cb218	800356cc
803cb29c	80035650
803cb29c	80416370
803cb29c	8002451c
803cb29c	803cfa08
803cb29c	804163d0
803cb29c	803cc8ac
803cb29c	803cc9a8
803cb29c	803c9f14
803cb29c	8041625c
803cb29c	804162e0
803cb29c	80412810
803cb29c	8041280c
803cb29c	8041af54
803cb29c	803cbe08
803cb29c	803cbf44
803cb29c	803cc080
803cb29c	803cc160
803cb29c	803cc530
803cb29c	803cc66c
803cb29c	803cc2f8
803cb29c	8003bac8
803cb29c	8003569c
803cb708	80035670
803cb708	803cac4c
803cb708	803cad48
803cb708	803cadf8
803cb708	803caeec
803cb708	803cb02c
803cb708	803cb0cc
803cb708	803cb16c
803cb708	803cf6a4
803cb708	800356bc
803cb954	80035688
803cb954	803ccb38
803cb954	800356d4
803cba10	80035688
803cba10	803ccb38
803cba10	800356d4
803cbac8	803ccb38
803cbb64	803ccb38
803cbc08	803ccb38
803cbcac	803ccb38
803cbd50	80035688
803cbd50	803ccb38
803cbd50	800356d4
803cbe08	8003566c
803cbe08	8002451c
803cbe08	803cc3b8
803cbe08	803ccb38
803cbe08	800356b8
803cbf44	80035674
803cbf44	8002451c
803cbf44	803ccb38
803cbf44	80410e28
803cbf44	800356c0
803cc080	80035674
803cc080	8002451c
803cc080	803ccb38
803cc080	803cc488
803cc080	800356c0
803cc160	8003566c
803cc160	803f3254
803cc160	803f1b98
803cc160	803cf6d0
803cc160	803f303c
803cc160	8002451c
803cc160	803ccb38
803cc160	800356b8
803cc2f8	80035678
803cc2f8	8002451c
803cc2f8	803ccb38
803cc2f8	800356c4
803cc3b8	80035678
803cc3b8	803f3254
803cc3b8	803f1b98
803cc3b8	803f303c
803cc3b8	800356c4
803cc488	80035680
803cc488	803f3254
803cc488	803f1b98
803cc488	803f303c
803cc488	800356cc
803cc530	80035658
803cc530	802e9560
803cc530	803ccb38
803cc530	8002451c
803cc530	800356a4
803cc66c	80035670
803cc66c	803ccb38
803cc66c	8002451c
803cc66c	800356bc
803cc8ac	80035674
803cc8ac	803c9f14
803cc8ac	800356c0
803cc9a8	80035688
803cc9a8	803cb954
803cc9a8	803cba10
803cc9a8	803cbac8
803cc9a8	803cbb64
803cc9a8	803cbc08
803cc9a8	803cbcac
803cc9a8	803cbd50
803cc9a8	800356d4
803ccb98	803fca94
803ccc08	803cd718
803ccc78	80035688
803ccc78	803cd718
803ccc78	803cd4c4
803ccc78	80005fb4
803ccc78	800356d4
803ccd20	803cd45c
803ccd84	803ccee8
803ccd84	803cd45c
803cce0c	80035688
803cce0c	803ccee8
803cce0c	803cd4c4
803cce0c	803cd718
803cce0c	80005fb4
803cce0c	800356d4
803cce94	803ccee8
803cce94	803cf6a0
803ccee8	803cd854
803ccf44	80035684
803ccf44	803cd45c
803ccf44	803cdb74
803ccf44	80021ba0
803ccf44	800356d0
803ccfd0	80035684
803ccfd0	803cd4c4
803ccfd0	803cd45c
803ccfd0	803cdb74
803ccfd0	80021ba0
803ccfd0	800356d0
803cd064	80035684
803cd064	803ccc08
803cd064	803cd45c
803cd064	803cdb74
803cd064	80005fb4
803cd064	800356d0
803cd0fc	803cd45c
803cd13c	80035680
803cd13c	803ccee8
803cd13c	803cd45c
803cd13c	80021ba0
803cd13c	800356cc
803cd254	80035684
803cd254	803cd4c4
803cd254	803cd3d4
803cd254	800356d0
803cd2ec	80035684
803cd2ec	803cd4c4
803cd2ec	803cd3d4
803cd2ec	800356d0
803cd45c	80035688
803cd45c	803ccee8
803cd45c	803cd718
803cd45c	80005fb4
803cd45c	800356d4
803cd520	803cf6e4
803cd520	803cd5a4
803cd718	803cd4f4
803cd718	803cd520
803cd718	803cd6e0
803cd718	803cd96c
803cd854	80035688
803cd854	803cdbdc
803cd854	803cd6e0
803cd854	803cd670
803cd854	803cd6b8
803cd854	803cd5f0
803cd854	803cf6a4
803cd854	800356d4
803cd96c	80035688
803cd96c	803cd4f4
803cd96c	803cdbdc
803cd96c	803cd64c
803cd96c	803cd6b8
803cd96c	800356d4
803cda34	80035684
803cda34	803cd4f4
803cda34	803cdbdc
803cda34	803cd6e0
803cda34	803cd670
803cda34	803cd96c
803cda34	803cd718
803cda34	80005fb4
803cda34	803cd854
803cda34	800356d0
803cdb74	803cd718
803cdb74	803cda34
803cdc2c	803cdd78
803cdc78	80035688
803cdc78	803cfa08
803cdc78	803cddd4
803cdc78	803ce760
803cdc78	803ce178
803cdc78	800356d4
803cde14	80035688
803cde14	803cfa04
803cde14	800356d4
803cdedc	803cdeac
803cdf5c	803cdeac
803cdf5c	803ce32c
803cdff0	803cdeac
803ce044	803cdeac
803ce098	803cdeac
803ce178	803ce488
803ce27c	80035680
803ce27c	803cdeac
803ce27c	800356cc
803ce32c	803cdeac
803ce41c	803cfa04
803ce540	803ce3e4
803ce598	803cfa04
803ce5d8	80035688
803ce5d8	803ce50c
803ce5d8	800356d4
803ce654	80035684
803ce654	800356d0
803ce718	803ce3e4
803ce760	803ce3e4
803ce7b8	803cdd78
803ce7b8	803cfa04
803ce830	80035684
803ce830	8002451c
803ce830	800356d0
803ce8a4	803ce45c
803ce8dc	80035688
803ce8dc	803ce50c
803ce8dc	800356d4
803ce940	803cfa04
803ce9c8	803ccc78
803cea0c	803cea6c
803cea0c	803cce94
803cea0c	803cf6a0
803cea6c	803cf6a4
803cea6c	803cce0c
803ceac8	803cd38c
803ceac8	803cea6c
803ceac8	803cce0c
803ceac8	803cd454
803ceac8	804183d4
803ceac8	804181b4
803ceac8	804182a4
803ceac8	803cf6e4
803ceac8	800060b8
803ceac8	80418230
803ceac8	80418248
803cec08	80035688
803cec08	800356d4
803cf0e4	8003567c
803cf0e4	803cf6e4
803cf0e4	80005fb4
803cf0e4	80025f14
803cf0e4	803cec08
803cf0e4	803ccc08
803cf0e4	803cce0c
803cf0e4	803cf6a4
803cf0e4	800356c8
803cf20c	803cf6d0
803cf20c	803cf288
803cf250	803cf2ac
803cf2ac	80035684
803cf2ac	803cea0c
803cf2ac	803cf250
803cf2ac	803cf6a0
803cf2ac	800356d0
803cf32c	80035688
803cf32c	803cf434
803cf32c	803cf6d0
803cf32c	803ce9c8
803cf32c	803ceac8
803cf32c	803cea0c
803cf32c	800356d4
803cf3f0	803cf434
803cf434	80035684
803cf434	803cd454
803cf434	80025f14
803cf434	800356d0
803cf530	803cfa04
803cf700	8041108c
803cf700	80411cb4
803cf700	8041115c
803cf750	80035674
803cf750	803cf964
803cf750	80411a60
803cf750	80411744
803cf750	804117b4
803cf750	800356c0
803cf8ac	80035678
803cf8ac	803cf964
803cf8ac	804119f8
803cf8ac	80411980
803cf8ac	80411a94
803cf8ac	800356c4
803cfa68	802ccd8c
803cfa68	803cf6f8
803cfaa4	803cfad4
803cfb10	803cfad4
803cfb10	803eff1c
803cfb10	803efde8
803cfba8	803cfd7c
803cfba8	803efeac
803cfba8	803cfa04
803cfc08	80035684
803cfc08	803cfd7c
803cfc08	80295314
803cfc08	80295228
803cfc08	800356d0
803cfd7c	8029647c
803cfd7c	80295818
803cfe44	802959e4
803cfe44	80295ebc
803cfe44	80299c7c
803cfe44	80295ec4
803cff10	803cfe44
803cfff8	80295dac
803cfff8	80295d58
803cfff8	80295e3c
803d00c8	80295ebc
803d0148	803e2254
803d01c0	80035688
803d01c0	803dc94c
803d01c0	800356d4
803d0230	803b1c64
803d0264	803b1c3c
803d0298	803b1dd8
803d02cc	803b1e00
803d0320	80035680
803d0320	802f45e4
803d0320	803e1790
803d0320	800356cc
803d0374	80035680
803d0374	802f45e4
803d0374	803e1790
803d0374	800356cc
803d03c8	80035680
803d03c8	802f45e4
803d03c8	803e1790
803d03c8	800356cc
803d041c	80035680
803d041c	802f45e4
803d041c	803e1790
803d041c	800356cc
803d0470	80035680
803d0470	802f45e4
803d0470	803e1790
803d0470	800356cc
803d04c4	80035680
803d04c4	802f45e4
803d04c4	803e1790
803d04c4	800356cc
803d0518	80035680
803d0518	802f45e4
803d0518	803e1790
803d0518	800356cc
803d056c	80035680
803d056c	802f45e4
803d056c	803e1790
803d056c	800356cc
803d05c0	80035680
803d05c0	802f45e4
803d05c0	803e1790
803d05c0	800356cc
803d0614	80035680
803d0614	802f45e4
803d0614	803e1790
803d0614	800356cc
803d0668	80035680
803d0668	802f45e4
803d0668	803e1790
803d0668	800356cc
803d06bc	80035680
803d06bc	802f45e4
803d06bc	803e1790
803d06bc	800356cc
803d0710	80035680
803d0710	802f45e4
803d0710	803e1790
803d0710	800356cc
803d0764	80035680
803d0764	802f45e4
803d0764	803e1790
803d0764	800356cc
803d07b8	80035680
803d07b8	802f45e4
803d07b8	803e1790
803d07b8	800356cc
803d080c	80035680
803d080c	802f45e4
803d080c	803e1790
803d080c	800356cc
803d0860	80035680
803d0860	802f45e4
803d0860	803e1790
803d0860	800356cc
803d08b4	80035680
803d08b4	802f45e4
803d08b4	803e1790
803d08b4	800356cc
803d0908	80035680
803d0908	802f45e4
803d0908	803e1790
803d0908	800356cc
803d095c	80035680
803d095c	802f45e4
803d095c	803e1790
803d095c	800356cc
803d09b0	80035680
803d09b0	802f45e4
803d09b0	803e1790
803d09b0	800356cc
803d0a04	80035680
803d0a04	802f45e4
803d0a04	803e1790
803d0a04	800356cc
803d0a58	80035680
803d0a58	802f45e4
803d0a58	803e1790
803d0a58	800356cc
803d0aac	80035680
803d0aac	802f45e4
803d0aac	803e1790
803d0aac	800356cc
803d0b00	80035680
803d0b00	802f45e4
803d0b00	803e1790
803d0b00	800356cc
803d0b54	80035680
803d0b54	802f45e4
803d0b54	803e1790
803d0b54	800356cc
803d0ba8	80035680
803d0ba8	802f45e4
803d0ba8	803e1790
803d0ba8	800356cc
803d0bfc	80035680
803d0bfc	802f45e4
803d0bfc	803e1790
803d0bfc	800356cc
803d0c50	80035680
803d0c50	802f45e4
803d0c50	803e1790
803d0c50	800356cc
803d0ca4	80035680
803d0ca4	802f45e4
803d0ca4	803e1790
803d0ca4	800356cc
803d0cf8	80035680
803d0cf8	802f45e4
803d0cf8	803e1790
803d0cf8	800356cc
803d0d4c	80035680
803d0d4c	802f45e4
803d0d4c	803e1790
803d0d4c	800356cc
803d0da0	80035680
803d0da0	802f45e4
803d0da0	803e1790
803d0da0	800356cc
803d0df4	80035680
803d0df4	802f45e4
803d0df4	803e1790
803d0df4	800356cc
803d0e48	80035680
803d0e48	802f45e4
803d0e48	803e1790
803d0e48	800356cc
803d0e9c	80035680
803d0e9c	802f45e4
803d0e9c	803e1790
803d0e9c	800356cc
803d0ef0	80035680
803d0ef0	802f45e4
803d0ef0	803e1790
803d0ef0	800356cc
803d0f44	80035680
803d0f44	802f45e4
803d0f44	803e1790
803d0f44	800356cc
803d0f98	80035680
803d0f98	802f45e4
803d0f98	803e1790
803d0f98	800356cc
803d0fec	80035680
803d0fec	802f45e4
803d0fec	803e1790
803d0fec	800356cc
803d1040	80035680
803d1040	802f45e4
803d1040	803e1790
803d1040	800356cc
803d1094	80035680
803d1094	802f45e4
803d1094	803e1790
803d1094	800356cc
803d10e8	80035680
803d10e8	802f45e4
803d10e8	803e1790
803d10e8	800356cc
803d113c	80035680
803d113c	802f45e4
803d113c	803e1790
803d113c	800356cc
803d1190	80035680
803d1190	802f45e4
803d1190	803e1790
803d1190	800356cc
803d11e4	80035680
803d11e4	802f45e4
803d11e4	803e1790
803d11e4	800356cc
803d1238	80035680
803d1238	802f45e4
803d1238	803e1790
803d1238	800356cc
803d128c	80035680
803d128c	802f45e4
803d128c	803e1790
803d128c	800356cc
803d12e0	80035680
803d12e0	802f45e4
803d12e0	803e1790
803d12e0	800356cc
803d1334	80035680
803d1334	802f45e4
803d1334	803e1790
803d1334	800356cc
803d1388	80035680
803d1388	802f45e4
803d1388	803e1790
803d1388	800356cc
803d13dc	80035680
803d13dc	802f45e4
803d13dc	803e1790
803d13dc	800356cc
803d1430	80035680
803d1430	802f45e4
803d1430	803e1790
803d1430	800356cc
803d1484	80035680
803d1484	802f45e4
803d1484	803e1790
803d1484	800356cc
803d14d8	80035680
803d14d8	802f45e4
803d14d8	803e1790
803d14d8	800356cc
803d152c	80035680
803d152c	802f45e4
803d152c	803e1790
803d152c	800356cc
803d1580	80035680
803d1580	802f45e4
803d1580	803e1790
803d1580	800356cc
803d15d4	80035680
803d15d4	802f45e4
803d15d4	803e1790
803d15d4	800356cc
803d1628	80035680
803d1628	802f45e4
803d1628	803e1790
803d1628	800356cc
803d167c	80035680
803d167c	802f45e4
803d167c	803e1790
803d167c	800356cc
803d16d0	80035680
803d16d0	802f45e4
803d16d0	803e1790
803d16d0	800356cc
803d1724	80035680
803d1724	802f45e4
803d1724	803e1790
803d1724	800356cc
803d1778	80035680
803d1778	802f45e4
803d1778	803e1790
803d1778	800356cc
803d17cc	80035680
803d17cc	802f45e4
803d17cc	803e1790
803d17cc	800356cc
803d1820	80035680
803d1820	802f45e4
803d1820	803e1790
803d1820	800356cc
803d1874	803cfa08
803d1874	803d4388
803d1874	803cdc78
803d1874	803ce540
803d1874	803ce21c
803d1874	803ce718
803d1874	803b18a4
803d1874	803ce238
803d42c0	80324388
803d42c0	803271ec
803d42c0	803271d0
803d42c0	803ce0f0
803d42c0	803ce104
803d42c0	803ce118
803d42c0	803ce134
803d42c0	803ce150
803d42c0	803ce164
803d4388	80035684
803d4388	803c4bf8
803d4388	800356d0
803d4414	803bf490
803d4414	803cfa04
803d446c	803c4c28
803d446c	803d4414
803d446c	803cfa04
803d44e4	80035678
803d44e4	8040f674
803d44e4	800356c4
803d4688	80035678
803d4688	803e7520
803d4688	803e7408
803d4688	803e7398
803d4688	803e6ca8
803d4688	803e74d0
803d4688	800356c4
803d47d0	80035248
803d4838	803ccc08
803d4868	803cce94
803d4868	803cf6a0
803d48c0	803cfa08
803d48c0	803d47d0
803d4900	80035678
803d4900	804159a0
803d4900	803cfa08
803d4900	80415c74
803d4900	80412810
803d4900	8041280c
803d4900	8041af54
803d4900	803cfa04
803d4900	800356c4
803d4a04	8003567c
803d4a04	804159a0
803d4a04	803cfa08
803d4a04	80415c74
803d4a04	80412810
803d4a04	8041280c
803d4a04	8041af54
803d4a04	803cfa04
803d4a04	800356c8
803d4ae0	804182fc
803d4b14	80035688
803d4b14	80418378
803d4b14	803cfa04
803d4b14	803cce0c
803d4b14	800356d4
803d4b98	8003567c
803d4b98	804159a0
803d4b98	803cfa08
803d4b98	80415c74
803d4b98	804182fc
803d4b98	803cce0c
803d4b98	800356c8
803d4c98	8041625c
803d4c98	80412810
803d4d38	803cf6d0
803d4d38	803d4d9c
803d4d9c	803e3b18
803d4e18	803d50c0
803d4e18	803cf6a0
803d4e6c	803cfff8
803d4f04	803c4a9c
803d4f04	803eb90c
803d4f04	803eb5e0
803d4f04	803cff48
803d4f04	803eb8ac
803d4f70	80035684
803d4f70	803d50c0
803d4f70	8002451c
803d4f70	802ec238
803d4f70	803170a0
803d4f70	803cfb10
803d4f70	803cfaa4
803d4f70	803cfc08
803d4f70	803cff10
803d4f70	803cfef0
803d4f70	803cfed0
803d4f70	800356d0
803d50c0	803d00c8
803d50c0	803cfba8
803d50c0	802ec29c
803d51bc	803bf490
803d51bc	803cf6a0
803d5254	80035680
803d5520	803bf348
803d5520	803cf6d0
803d5520	803d5188
803d5520	803c4bf8
803d55e8	803c4c28
803d55e8	803bf3e8
803d55e8	803cf6a0
803d56f4	803d5830
803d56f4	803cfa04
803d5760	80035680
803d5760	803cfa08
803d5760	800356cc
803d5830	803cfa04
803d5a68	803cfa08
803d5a68	803d5a34
803d5aac	803cfa04
803d5ae0	80035688
803d5ae0	803b189c
803d5ae0	803d5b5c
803d5ae0	803b2110
803d5ae0	800356d4
803d5bc0	80323f68
803d5bc0	8032c608
803d5bc0	8032dc38
803d5c10	8032c608
803d5c10	8032dc20
803d5c7c	80035678
803d5c7c	802f46bc
803d5c7c	802f5de8
803d5c7c	802f61ac
803d5c7c	802f4900
803d5c7c	80324388
803d5c7c	803ae858
803d5c7c	8002aaa0
803d5c7c	8002abb4
803d5c7c	800356c4
803d5df0	803d5f80
803d5df0	803bf490
803d5df0	803cf6a0
803d5e68	80035674
803d5e68	803d5fe4
803d5e68	802f45f4
803d5e68	802d3704
803d5e68	802f472c
803d5e68	802f4a54
803d5e68	803ccc78
803d5e68	802f4cf4
803d5e68	803ccfd0
803d5e68	803cd454
803d5e68	802d37d4
803d5e68	802f4900
803d5e68	803cce94
803d5e68	800356c0
803d5f80	803d6774
803d5fe4	80035664
803d5fe4	803ccc78
803d5fe4	803ccc08
803d5fe4	802f0adc
803d5fe4	803ccd84
803d5fe4	803cce94
803d5fe4	803cd454
803d5fe4	803cb930
803d5fe4	803e3440
803d5fe4	803cb950
803d5fe4	802f2c84
803d5fe4	803cf6e4
803d5fe4	80035088
803d5fe4	802f2e00
803d5fe4	802f2f80
803d5fe4	8041c82c
803d5fe4	803d66d8
803d5fe4	803d66ec
803d5fe4	803d66fc
803d5fe4	8037a860
803d5fe4	802f2cf0
803d5fe4	800356b0
803d66fc	80035688
803d66fc	802e3a28
803d66fc	800356d4
803d6774	80035678
803d6774	803cac4c
803d6774	803cf6a4
803d6774	800356c4
803d6834	803d68a8
803d68a8	80035688
803d68a8	803d6940
803d68a8	803d6b78
803d68a8	803d6cec
803d68a8	800356d4
803d6940	8003567c
803d6940	8037a860
803d6940	803d69d0
803d6940	803e2c78
803d6940	800356c8
803d69d0	80035684
803d69d0	803d6aec
803d69d0	803d6b74
803d69d0	803bd2f0
803d69d0	803c176c
803d69d0	803be5c4
803d69d0	803d7d60
803d69d0	800356d0
803d6b78	8003567c
803d6b78	8037a860
803d6b78	803d69d0
803d6b78	803d6c30
803d6b78	803c4e20
803d6b78	800356c8
803d6c30	803d6aec
803d6c30	802e3a28
803d6cec	80035654
803d6cec	803d69d0
803d6cec	803d6b74
803d6cec	803bd2f0
803d6cec	803c1a5c
803d6cec	803c1b68
803d6cec	803d74b0
803d6cec	803d6ca0
803d6cec	803be5c4
803d6cec	803be5dc
803d6cec	803d7090
803d7090	80035688
803d7090	803d6aec
803d7090	803d7170
803d7090	803b2fc4
803d7090	802ea12c
803d7090	800356d4
803d718c	803e2c78
803d71ec	80344454
803d71ec	803e2c78
803d725c	80344454
803d725c	803e2c78
803d7414	80035688
803d7414	803d78b8
803d7414	802e3a28
803d7414	800356d4
803d74f0	803d5d8c
803d74f0	803d867c
803d7544	803d7718
803d7544	803d86e0
803d7544	803d5df0
803d7544	803cfa04
803d75b0	803cb708
803d75b0	803d7604
803d7604	80035688
803d7604	803ccc78
803d7604	803cd454
803d7604	803ca53c
803d7604	803d682c
803d7604	803cce0c
803d7604	803cb218
803d7604	803d5e68
803d7604	803d8758
803d7604	803cb950
803d7604	802f2c84
803d7604	802f2e00
803d7604	802f2f80
803d7604	802f2cf0
803d7604	803cce94
803d7604	800356d4
803d7718	803d785c
803d7718	803d5f80
803d7718	803d97b8
803d7718	803cad48
803d7718	803cb708
803d7718	803cfa04
803d77b8	803d72e8
803d77b8	803d9f60
803d7800	803d785c
803d7800	803c4bf8
803d785c	803c4c28
803d78b8	8033c558
803d78b8	803b22b4
803d78b8	803b226c
803d78b8	802ce948
803d78b8	802e3a28
803d78b8	8041ccb4
803d78b8	802e3a38
803d7ac4	80035688
803d7ac4	802e3a28
803d7ac4	803b226c
803d7ac4	803b22b4
803d7ac4	802ce948
803d7ac4	800356d4
803d7c1c	802ccda8
803d7c1c	802ccddc
803d7d60	80035684
803d7d60	802e3a28
803d7d60	803d7c1c
803d7d60	800356d0
803d7e3c	80035680
803d7e3c	802e3a28
803d7e3c	802ea12c
803d7e3c	803d7c1c
803d7e3c	800356cc
803d8004	803cd38c
803d8004	802e658c
803d8090	803ccc08
803d8104	803cce94
803d8104	803cfa04
803d81f0	802e927c
803d81f0	80334770
803d81f0	802e9308
803d82f8	8041c6c0
803d83fc	803bf490
803d83fc	803cf6a0
803d8454	80035670
803d8454	803d82ac
803d8454	8030b670
803d8454	803d78b8
803d8454	802e9308
803d8454	803d6b74
803d8454	803bd2a8
803d8454	803c4f4c
803d8454	803ec98c
803d867c	803d83e0
803d86e0	803d97b8
803d86e0	803d83fc
803d86e0	803bf490
803d86e0	803cfa04
803d8758	8003564c
803d8758	802f45f4
803d8758	802d3704
803d8758	802f45e4
803d8758	802d37d4
803d8758	803cfa08
803d8758	80035088
803d8758	802f472c
803d8758	802f4a54
803d8758	803cce0c
803d8758	802f52f0
803d8758	802f4bf8
803d8758	802e927c
803d8758	80334770
803d8758	802e9308
803d8758	802f51f4
803d8758	802f50e4
803d8758	802e1124
803d8758	802e1e98
803d8758	802f5de8
803d8758	802f4cf4
803d8758	802f4900
803d8758	803cd454
803d8758	803cd38c
803d8758	803ccd20
803d8758	802f0adc
803d8758	803ccc78
803d8758	803ccf44
803d8758	803cce94
803d8758	802ed23c
803d8758	80415924
803d8758	803cb218
803d8758	803cb930
803d8758	803cb934
803d8758	803e3440
803d8758	803d4b98
803d8758	803d4ad0
803d8758	803cb940
803d8758	803c7a7c
803d8758	803bd5d0
803d8758	803bd664
803d8758	803d4b14
803d8758	803ccd84
803d8758	803cd2ec
803d8758	803cd254
803d8758	803d965c
803d8758	803cb948
803d8758	803bd390
803d8758	803bd434
803d8758	803bd4ac
803d8758	803c7da8
803d8758	803c7fa0
803d8758	803c8080
803d8758	803c817c
803d8758	8030b670
803d8758	803c9b30
803d8758	803c9bf0
803d8758	803b70c4
803d8758	803c4bf8
803d8758	80035698
803d95d4	803ccc08
803d9604	803cce94
803d9604	803cfa04
803d965c	80035680
803d965c	802f0adc
803d965c	803cd454
803d965c	803cbd50
803d965c	803cb950
803d965c	802f2c84
803d965c	802f2e00
803d965c	802f2cf0
803d965c	803cf6e4
803d965c	802f3054
803d965c	803cce94
803d965c	800356cc
803d97b8	80035670
803d97b8	803b7160
803d97b8	802e1124
803d97b8	802e1efc
803d97b8	802f7a24
803d97b8	80035438
803d97b8	803cac4c
803d97b8	803c7d20
803d97b8	803cadf8
803d97b8	803bd5f4
803d97b8	803cad48
803d97b8	803cf6a4
803d97b8	803c4c28
803d97b8	800356bc
803d9ac4	8003565c
803d9ac4	803d82ac
803d9ac4	8030b670
803d9ac4	803d78b8
803d9ac4	802e9308
803d9ac4	803d6b74
803d9ac4	803bd2a8
803d9ac4	803c1930
803d9ac4	803c1a5c
803d9ac4	803b2478
803d9ac4	803c1b68
803d9ac4	803d8394
803d9ec0	803bd4bc
803d9ec0	803bd4c4
803d9ec0	803bd794
803d9f60	80035680
803d9f60	803d82ac
803d9f60	803c851c
803d9f60	803d816c
803d9f60	800356cc
803da02c	80035684
803da02c	803cd38c
803da02c	800356d0
803da0b8	802ccd8c
803da0b8	803da0f4
803da104	80035688
803da104	803bf4e8
803da104	800356d4
803da178	80035688
803da178	803b7160
803da178	803bf52c
803da178	803cfa04
803da178	800356d4
803da20c	802f472c
803da20c	802f52f0
803da20c	802f4900
803da27c	802f472c
803da27c	802f4bf8
803da27c	802f4900
803da2ec	802f472c
803da2ec	802f52f0
803da2ec	802f4900
803da35c	802f472c
803da35c	802f52f0
803da35c	802f4900
803da3cc	802f472c
803da3cc	802f52f0
803da3cc	802f4900
803da43c	80035670
803da43c	802f472c
803da43c	802f4cf4
803da43c	802d6ee4
803da43c	802f5d34
803da43c	802f51f4
803da43c	802f52f0
803da43c	802f4bf8
803da43c	802f4a54
803da43c	803b70c4
803da43c	802f4900
803da43c	803b7264
803da43c	803b7eb0
803da43c	803b9db8
803da43c	803b2144
803da43c	803b9bfc
803da43c	800356bc
803da778	802f472c
803da778	802f4cf4
803da778	802f4900
803da7e8	80035678
803da7e8	802f472c
803da7e8	802d6ee4
803da7e8	802f5d34
803da7e8	802f4a54
803da7e8	803ccc78
803da7e8	802f4900
803da7e8	803cd454
803da7e8	803da02c
803da7e8	803d81f0
803da7e8	803b2144
803da7e8	803b9bfc
803da7e8	803cce94
803da7e8	800356c4
803daa10	80035678
803daa10	802f472c
803daa10	802d6ee4
803daa10	802f5d34
803daa10	802f4a54
803daa10	803ccc78
803daa10	802f4900
803daa10	803cd454
803daa10	803da02c
803daa10	803d81f0
803daa10	803b2144
803daa10	803b9bfc
803daa10	803cce94
803daa10	800356c4
803dac2c	803c200c
803dac2c	802f472c
803dac2c	802f5424
803dac2c	802f4900
803dac2c	803bf56c
803dac2c	803bf588
803dad34	80035688
803dad34	802f472c
803dad34	802f4cf4
803dad34	802f4900
803dad34	800356d4
803dadd8	80035680
803dadd8	802f472c
803dadd8	802f52f0
803dadd8	802f50e4
803dadd8	802f4900
803dadd8	803bea7c
803dadd8	803bedac
803dadd8	803c3e04
803dafbc	80035670
803dafbc	803db5c0
803dafbc	802f472c
803dafbc	802f52f0
803dafbc	802f4900
803dafbc	803bea7c
803dafbc	803bec44
803dafbc	803be660
803dafbc	803be5f4
803dafbc	8032c608
803dafbc	8032dc38
803dafbc	803bf5c8
803dafbc	802f78a4
803dafbc	802f7a24
803dafbc	802e1124
803dafbc	802e190c
803dafbc	802d6ee4
803dafbc	802f5d34
803dafbc	802f4a54
803dafbc	803ccc78
803dafbc	803cd454
803dafbc	803da02c
803db5d8	8003567c
803db5d8	802d0120
803db5d8	802f472c
803db5d8	802f52f0
803db5d8	802f50e4
803db5d8	8002f288
803db848	80035670
803db848	803d78b8
803db848	802e9308
803db848	803c4f4c
803db848	803ec98c
803dba3c	802e9734
803dba94	80035684
803dba94	803e1564
803dba94	80035248
803dba94	803bf4e8
803dba94	803b2138
803dba94	800356d0
803dbbd0	803bf52c
803dbbd0	80035340
803dbbd0	803e159c
803dbbd0	803cf6a0
803dbc5c	80035688
803dbc5c	802f45f4
803dbc5c	802f47ec
803dbc5c	802f52f0
803dbc5c	803b2178
803dbc5c	802cd4cc
803dbc5c	802f4900
803dbc5c	800356d4
803dbd14	803dbd48
803dbd14	803dc030
803dbd48	80035680
803dbd48	803cfa08
803dbd48	803b6c58
803dbd48	803b6dec
803dbd48	803dfde8
803dbd48	803d74f0
803dbd48	802f7d14
803dbd48	802eb8d4
803dbd48	803d75b0
803dbd48	803d7800
803dbd48	802f7d94
803dbd48	803c4bf8
803dbd48	803c200c
803dbd48	803bf56c
803dbd48	803de608
803dbd48	803da0b0
803dbd48	803e0398
803dbd48	802ebe14
803dbd48	802f45f4
803dbd48	802d3704
803dbd48	803da43c
803dbd48	802d37d4
803dbd48	803de940
803dbd48	803deaf8
803dbd48	8032efb0
803dbd48	8032f0b0
803dbd48	8032f168
803dbd48	80337310
803dbd48	803373a4
803dbd48	80331628
803dbd48	80332ae4
803dbd48	80323bd0
803dbd48	803d5a68
803dbd48	800356cc
803dc030	80035678
803dc030	803dbc5c
803dc030	802f45e4
803dc030	802f4794
803dc030	802f5ec8
803dc030	802ec308
803dc030	803b8018
803dc030	802ec6d0
803dc030	802cd4cc
803dc030	802ef718
803dc030	803c4bf8
803dc030	803e04a0
803dc030	803b1fcc
803dc030	803de608
803dc030	803da0b0
803dc030	802cd01c
803dc030	803e04b8
803dc030	8032f168
803dc030	80332ae4
803dc030	803de658
803dc030	802f4900
803dc030	803da7e8
803dc030	803b0cbc
803dc030	803dad34
803dc030	803daa10
803dc030	803da778
803dc030	8033740c
803dc030	802f78a4
803dc030	80324388
803dc030	803270e8
803dc030	8032c608
803dc030	8032dc38
803dc030	803bf588
803dc030	800356c4
803dc3f0	803c202c
803dc3f0	803b6eec
803dc3f0	802ebdb4
803dc3f0	803d7544
803dc3f0	802f7d48
803dc3f0	802eb97c
803dc3f0	80337470
803dc3f0	80337344
803dc3f0	8032f0fc
803dc3f0	8032f050
803dc3f0	803deb68
803dc3f0	803cb708
803dc3f0	803d5aac
803dc554	80035688
803dc554	8032f470
803dc554	80337470
803dc554	80331930
803dc554	803dcaa4
803dc554	803c4c28
803dc554	803e079c
803dc554	802d0120
803dc554	802ec78c
803dc554	802cd024
803dc554	803da7e8
803dc554	802f7a24
803dc554	80324388
803dc554	8032713c
803dc554	800356d4
803dc658	803e0738
803dc658	803dc6e4
803dc658	80324388
803dc658	8032713c
803dc698	803e04b8
803dc698	803dc77c
803dc698	80324388
803dc698	803270e8
803dc6e4	80035688
803dc6e4	8032f470
803dc6e4	80337470
803dc6e4	803dcaa4
803dc6e4	80331930
803dc6e4	802f7a24
803dc6e4	800356d4
803dc77c	8003567c
803dc77c	8033740c
803dc77c	803dc9a0
803dc77c	803de608
803dc77c	80332ae4
803dc77c	802f78a4
803dc77c	800356c8
803dc878	803dc554
803dc878	803dc3f0
803dc8ac	80035680
803dc8ac	803b0cbc
803dc8ac	803dad34
803dc8ac	802ec6d0
803dc8ac	800356cc
803dc94c	80035688
803dc94c	803daa10
803dc94c	800356d4
803dc9a0	80035680
803dc9a0	802f7a24
803dc9a0	802f78a4
803dc9a0	800356cc
803dcaa4	80035684
803dcaa4	802f7a24
803dcaa4	800356d0
803dcb3c	802f45e4
803dcb3c	802ec73c
803dcc24	80035678
803dcc24	8032c608
803dcc24	8032dc38
803dcc24	802ec6d0
803dcc24	8032dc20
803dcc24	803b12c0
803dcc24	802f105c
803dcc24	802f1e10
803dcc24	803d5b98
803dcc24	803de244
803dcc24	803e15f8
803dcc24	803dda98
803dcc24	803dd948
803dcc24	803de520
803dcc24	803dec58
803dcc24	803dde3c
803dcc24	803ddf04
803dcc24	803ddbd8
803dcc24	802d0120
803dcc24	802ee84c
803dcc24	803df048
803dcc24	803df3e0
803dcc24	802ea394
803dcc24	80323bd0
803dcc24	80323a94
803dcc24	802e1124
803dcc24	802e190c
803dcc24	8032f470
803dcc24	80331930
803dcc24	803db5c0
803dcc24	803b40c0
803dcc24	803ad790
803dcc24	8041b590
803dcc24	803bf054
803dcc24	802cd024
803dcc24	803e0738
803dcc24	802e1d88
803dcc24	803da778
803dcc24	802cd01c
803dcc24	803de608
803dcc24	8032f168
803dcc24	80332ae4
803dcc24	803e04b8
803dcc24	803de658
803dcc24	803da0b0
803dcc24	802f472c
803dcc24	802f4900
803dcc24	803b1bf0
803dcc24	803bf5c8
803dcc24	803b40b0
803dcc24	8041b650
803dcc24	802e1fd0
803dcc24	802e1d58
803dcc24	802e1db8
803dcc24	803dba3c
803dcc24	802e7910
803dcc24	803afeb4
803dcc24	802ee8c8
803dcc24	803da3cc
803dcc24	803b2138
803dcc24	802cd4cc
803dcc24	80328b64
803dcc24	802d3354
803dcc24	802e979c
803dcc24	803b220c
803dcc24	803b21bc
803dcc24	803d5894
803dcc24	802cf558
803dcc24	802cd048
803dcc24	802cf5e0
803dcc24	802ea380
803dcc24	803dac2c
803dcc24	803dafbc
803dcc24	803dacf8
803dcc24	803b026c
803dcc24	803def54
803dcc24	803dad18
803dcc24	80323f18
803dcc24	803dadd8
803dcc24	803bf588
803dcc24	803dad24
803dcc24	803dd7dc
803dcc24	803bea7c
803dcc24	803bedac
803dcc24	802f46bc
803dcc24	802f52f0
803dcc24	802f4cf4
803dcc24	803c3e04
803dcc24	803b224c
803dcc24	802d32b0
803dcc24	802d33dc
803dcc24	803b2144
803dcc24	802cd450
803dcc24	803df138
803dcc24	803df4e8
803dcc24	800356c4
803dd7dc	80035688
803dd7dc	803de608
803dd7dc	803b1be0
803dd7dc	803dcb3c
803dd7dc	802cd4cc
803dd7dc	803da2ec
803dd7dc	802ea380
803dd7dc	80328b64
803dd7dc	803da35c
803dd7dc	803b2138
803dd7dc	802d3354
803dd7dc	802e7910
803dd7dc	802e979c
803dd7dc	803def54
803dd7dc	800356d4
803dd948	80035688
803dd948	802d0120
803dd948	802ee84c
803dd948	803def54
803dd948	800356d4
803dda98	8032f9e4
803dda98	802d0120
803dda98	8035ceb4
803ddbd8	80035654
803ddbd8	802d0120
803ddbd8	802e7c9c
803dde3c	80035688
803dde3c	802d0120
803dde3c	802ee84c
803dde3c	803374c0
803dde3c	8033740c
803dde3c	800356d4
803ddf04	80035684
803ddf04	803320b8
803ddf04	802d0120
803ddf04	802ee84c
803ddf04	802e7c9c
803de0a0	802f78a4
803de0a0	802f7a24
803de0a0	80337470
803de0a0	80331930
803de0a0	802d0120
803de0a0	8032f2c4
803de120	80337470
803de120	8032f470
803de120	80331930
803de120	803e1790
803de178	80337470
803de178	8032f470
803de178	8033184c
803de1b8	803de120
803de1b8	803de178
803de1b8	803deed8
803de1b8	803de0a0
803de244	80035688
803de244	8032c608
803de244	8032d9c0
803de244	8032daac
803de244	8032d9b0
803de244	802eeac8
803de244	802ee980
803de520	80035684
803de520	803db5d8
803de520	803da778
803de520	803dfc50
803de520	800356d0
803de5b0	8032ffac
803de5b0	80332804
803de658	803de704
803de658	803de794
803de704	80035688
803de704	802f7a24
803de704	800356d4
803de794	80035678
803de794	802f45e4
803de794	802f4794
803de794	802f5de8
803de794	802f4cf4
803de794	802f52f0
803de794	802cd4cc
803de794	803b2394
803de794	803de90c
803de794	803de608
803de794	803b189c
803de794	803dc9a0
803de794	802f4900
803de794	800356c4
803de90c	802cd4e8
803de940	80035684
803de940	803ccc78
803de940	803cd454
803de940	803cb218
803de940	803ccd20
803de940	803ccfd0
803de940	803cb934
803de940	803cb930
803de940	803e3440
803de940	803cfa08
803de940	803bd5d0
803de940	803bd664
803de940	803cf6d0
803de940	803db824
803de940	803bd2a8
803de940	803c4bf8
803de940	803cce94
803de940	800356d0
803deaf8	803ccc78
803deaf8	803cd454
803deaf8	803cb218
803deaf8	803cce94
803deb68	803cb708
803deb68	803bd5f4
803deb68	803c4c28
803dec00	803bf490
803dec00	803cf6a0
803dec58	8003566c
803dec58	802d0120
803dec58	8035ceb4
803deed8	80035688
803deed8	803def54
803deed8	803b0f10
803deed8	803b0f1c
803deed8	800356d4
803def54	803b0f10
803def54	80323a94
803def54	803b0cbc
803def54	803b0f08
803def54	803239f0
803def54	80323b30
803def54	80323b80
803df048	80035684
803df048	803def54
803df048	802ec6d0
803df048	803d5894
803df048	802d32b0
803df048	802cd048
803df048	802e7910
803df048	802e979c
803df048	8032c608
803df048	8032dc38
803df048	803239a0
803df048	803bf588
803df048	802e1124
803df048	802e2010
803df048	802e1de8
803df048	802e1d88
803df048	800356d0
803df138	80035684
803df138	803db5c0
803df138	803b40c0
803df138	803ad790
803df138	8041b590
803df138	803bf054
803df138	802cd024
803df138	803e0738
803df138	8032f470
803df138	80331930
803df138	803bf424
803df138	803de608
803df138	8032f168
803df138	80332ae4
803df138	803e04b8
803df138	803de658
803df138	803da0b0
803df138	803da778
803df138	803b40b0
803df138	8041b650
803df138	802e1124
803df138	802e1fd0
803df138	802e1d58
803df138	802e1db8
803df138	802f46bc
803df138	802f4cf4
803df138	802f52f0
803df138	802ec6d0
803df138	802cd4cc
803df138	803b224c
803df138	803b21bc
803df138	803d5894
803df138	802d32b0
803df138	802cd048
803df138	802e7910
803df138	802e979c
803df138	802f4900
803df138	800356d0
803df3e0	80035684
803df3e0	803def54
803df3e0	802ec6d0
803df3e0	803d5894
803df3e0	802d32b0
803df3e0	802cd048
803df3e0	802e7910
803df3e0	802e979c
803df3e0	8032c608
803df3e0	8032dc38
803df3e0	803239a0
803df3e0	803bf588
803df3e0	802e1124
803df3e0	802e2010
803df3e0	802e1de8
803df3e0	802e1d88
803df3e0	802e162c
803df3e0	802e15e0
803df3e0	800356d0
803df4e8	8003567c
803df4e8	803db5c0
803df4e8	803b40c0
803df4e8	803ad790
803df4e8	8041b590
803df4e8	803bf054
803df4e8	803e0738
803df4e8	8032f470
803df4e8	80331930
803df4e8	803bf424
803df4e8	803de608
803df4e8	8032f168
803df4e8	80332ae4
803df4e8	803e04b8
803df4e8	803de658
803df4e8	803da0b0
803df4e8	803b40b0
803df4e8	8041b650
803df4e8	802e1124
803df4e8	802e1fd0
803df4e8	802e1d58
803df4e8	802e1db8
803df4e8	802e2040
803df4e8	802e19a4
803df4e8	802e19fc
803df4e8	802f46bc
803df4e8	802f4cf4
803df4e8	802f52f0
803df4e8	802ec6d0
803df4e8	802cd4cc
803df4e8	803b224c
803df4e8	803b21bc
803df4e8	803d5894
803df4e8	802d32b0
803df4e8	802cd048
803df4e8	802e7910
803df4e8	802e979c
803df4e8	803bea7c
803df4e8	803bedd0
803df4e8	803c6c6c
803df4e8	803dcb3c
803df4e8	803b2138
803df4e8	802d3354
803df4e8	802d33dc
803df4e8	802ea380
803df4e8	802f4900
803df4e8	803bf5c8
803df4e8	802e2080
803df4e8	803b16cc
803df4e8	803be57c
803df4e8	803be594
803df4e8	802e21c0
803df4e8	802e1ad4
803df4e8	802cd024
803df4e8	802e1a54
803df4e8	802e1de8
803df4e8	802e1d88
803df4e8	802cd01c
803df4e8	802e162c
803df4e8	802e15e0
803df4e8	8032c608
803df4e8	8032dc20
803df4e8	803dba3c
803df4e8	800356c8
803dfc50	80035684
803dfc50	803def54
803dfc50	803da20c
803dfc50	803da27c
803dfc50	802ec6d0
803dfc50	803d5894
803dfc50	802d32b0
803dfc50	802cd048
803dfc50	803b2144
803dfc50	802cd450
803dfc50	802d3354
803dfc50	802e7910
803dfc50	802e979c
803dfc50	8032c608
803dfc50	8032dc38
803dfc50	803bf588
803dfc50	802e1124
803dfc50	802e2010
803dfc50	802e1de8
803dfc50	800356d0
803dfde8	803b70c4
803dfee4	803b7160
803dff7c	803b70c4
803e008c	803b7160
803e0174	803bf5c8
803e01b8	803bf588
803e01b8	802d0120
803e01b8	802e7910
803e01b8	802e979c
803e0258	803de608
803e0258	803da0b0
803e02a8	803de608
803e02a8	803da0b0
803e0340	802ccd8c
803e0340	802f77d4
803e0340	802ccd98
803e0398	80035248
803e0408	803e0738
803e0408	80035340
803e0408	803bf490
803e0408	803cfa04
803e04b8	80035650
803e04b8	802f45e4
803e04b8	802f45ec
803e04b8	802d3704
803e04b8	802f4794
803e04b8	802f4cf4
803e04b8	802f5e60
803e04b8	802f5348
803e0738	80035688
803e0738	803e0e40
803e0738	800356d4
803e079c	803e0738
803e07d0	80035684
803e07d0	803e0eb8
803e07d0	800356d0
803e0838	80035670
803e0838	803f01c8
803e0838	803f00a0
803e0838	803f009c
803e0838	803b8018
803e0838	802ccd98
803e0838	803d7ac4
803e0838	803eff58
803e0838	803f0098
803e0838	803f0158
803e0838	800356bc
803e0a24	80035688
803e0a24	803b2138
803e0a24	800356d4
803e0ae4	803e0e40
803e0ae4	803cfa04
803e0b44	80035670
803e0b44	802f45e4
803e0b44	802f4794
803e0b44	802f4bf8
803e0b44	802f45f4
803e0b44	8002451c
803e0b44	802f4df0
803e0b44	802d6ee4
803e0b44	802f5ba0
803e0b44	802f5d34
803e0b44	802f47e8
803e0b44	802f50e4
803e0b44	803b224c
803e0b44	802f4af8
803e0b44	802f4900
803e0b44	802f5de8
803e0b44	803e0ed4
803e0b44	800356bc
803e0e40	80035688
803e0e40	802ec7b8
803e0e40	800356d4
803e0ed4	80035684
803e0ed4	803e1108
803e0ed4	803b8018
803e0ed4	802ec308
803e0ed4	803b21bc
803e0ed4	803b220c
803e0ed4	802cd4cc
803e0ed4	803d5894
803e0ed4	802cf558
803e0ed4	802cd048
803e0ed4	802cf5e0
803e0ed4	802e7910
803e0ed4	802cf62c
803e0ed4	802cf3d8
803e0ed4	800356d0
803e1108	80035670
803e1108	802cd4cc
803e1108	802d2d44
803e1108	802d014c
803e1108	8041c54c
803e1108	802ec6f8
803e159c	803bf490
803e159c	803cf6a0
803e15f8	802ec19c
803e15f8	803d77b8
803e15f8	803e07d0
803e15f8	802f7fb4
803e15f8	803b6f84
803e16b0	803ab210
803e1734	803ab254
803e1734	803cfa04
803e1790	80035650
803e1790	802f472c
803e1790	802f4cf4
803e1790	803ab210
803e1790	802f4af8
803e1790	802f45e4
803e1790	802f5e60
803e1790	802d0120
803e1790	802f4794
803e1790	802f5ec8
803e1790	803b2344
803e1790	802f5d34
803e1790	802f4900
803e1790	803e1aa0
803e1790	803ab254
803e1790	8003569c
803e1a6c	803e1aa0
803e1aa0	803e01b8
803e1aa0	802e1124
803e1aa0	802e162c
803e1aa0	802e2010
803e1aa0	802e1de8
803e1b2c	80035680
803e1b2c	803e26e0
803e1b2c	802d0120
803e1b2c	802ee89c
803e1b2c	803dc658
803e1b2c	803dc6e4
803e1b2c	803cfa08
803e1b2c	80347da8
803e1b2c	803ab3f0
803e1b2c	8037e02c
803e1b2c	80396410
803e1b2c	80357434
803e1b2c	80368830
803e1b2c	8036e16c
803e1b2c	8039f954
803e1b2c	80334b40
803e1b2c	803e022c
803e1b2c	803c4bf8
803e1b2c	803ab254
803e1b2c	800356cc
803e2254	80035680
803e2254	803b40c0
803e2254	803ad790
803e2254	8041b590
803e2254	803bf054
803e2254	803bf424
803e2254	8041b6ac
803e2254	803c4c28
803e2254	803e0174
803e2254	803e022c
803e2254	80317878
803e2254	803176fc
803e2254	803bea7c
803e2254	803acfb8
803e2254	803dc698
803e2254	803dc77c
803e2254	802e1124
803e2254	802e1fd0
803e2254	802e1db8
803e2254	802e15e0
803e2254	802d0120
803e2254	802ee8bc
803e2254	802ee8b0
803e2254	802ed6a8
803e2254	803afec0
803e2254	802e9734
803e2254	8041b650
803e2254	803b40b0
803e2254	800356cc
803e2608	803e2670
803e2608	803e26cc
803e2670	802f0fbc
803e2670	803cf6d0
803e2670	803dba94
803e2670	803dbd48
803e271c	803dc3f0
803e271c	803dc554
803e27dc	802ccd8c
803e27dc	803e16b0
803e27dc	80035028
803e27dc	802f2120
803e293c	802ccd8c
803e293c	803e2990
803e293c	80035028
803e29a0	802da30c
803e29a0	803cf6a0
803e2a08	802da1c0
803e2a08	802f43b0
803e2a08	802da208
803e2a78	80034f44
803e2a78	80026030
803e2b0c	80034f44
803e2b0c	80026030
803e2bac	80035680
803e2bac	803e653c
803e2bac	800356cc
803e2c78	80035668
803e2c78	803e3ae0
803e2c78	803e3b08
803e2c78	803e63f4
803e2c78	803eca38
803e2c78	803eb460
803e2c78	803eb0b8
803e2c78	803ea514
803e2c78	803e68c4
803e2c78	803ef24c
803e2c78	803e2c78
803e2c78	800356b4
803e3260	8003566c
803e3260	803f39b0
803e3260	80025f14
803e3260	803f39c8
803e3260	803e8874
803e3260	800356b8
803e3440	80035660
803e3440	803f39b0
803e3440	803e3630
803e3440	803f39c8
803e3440	803e8874
803e3440	800356ac
803e3630	8003566c
803e3630	803f1aa8
803e3630	80025f14
803e3630	8002451c
803e3630	800356b8
803e36f0	80035680
803e36f0	80025f14
803e36f0	800356cc
803e37c4	803f1b80
803e387c	803e37c4
803e387c	803f198c
803e387c	803f1804
803e387c	803f1b80
803e396c	80035680
803e396c	803e3b20
803e396c	803f19e0
803e396c	803f1858
803e396c	803f1b70
803e396c	803f3940
803e396c	803f175c
803e396c	803f1728
803e396c	800356cc
803e3cf0	803e61a0
803e3d74	8003567c
803e3d74	8005d1a8
803e3d74	803e8a5c
803e3d74	80410ea0
803e3d74	8003ba98
803e3d74	8005d4dc
803e3d74	8005c388
803e3d74	800356c8
803e3e98	8005cc6c
803e3e98	8005ccd0
803e3fc0	8005c2c8
803e3fc0	803e3ae0
803e3fc0	803e3b18
803e3fc0	8041af54
803e4080	803e63f4
803e4080	803ec5c0
803e4080	803ec5f4
803e4080	803ec16c
803e4080	803eb90c
803e4158	803cf6a0
803e4198	803cf6a0
803e41d8	8004d684
803e41d8	803cf6a0
803e4250	803e64a4
803e4330	803cf6a0
803e4370	8004f240
803e4370	8004d684
803e4370	8004f034
803e4370	80072980
803e4370	80074384
803e4370	8004f2a0
803e4370	8004f1e0
803e4370	803f16f8
803e4370	8041afe4
803e4370	8041af54
803e4370	8003bac8
803e4370	8004e3c4
803e4370	8003ba6c
803e4370	8005908c
803e4370	8005bec8
803e4370	8005d38c
803e4370	803cf6a4
803e4370	8005d130
803e4370	8005c4a0
803e4370	8005a7a4
803e4370	800401f0
803e4370	80040250
803e4370	80060144
803e4370	800601c0
803e4370	8005cc2c
803e4370	8005ccac
803e4370	8005ce34
803e4370	8005d064
803e4370	8005d1a8
803e4370	8005fbac
803e4370	8005fc54
803e4370	8005d3a0
803e4370	8004efc0
803e4370	8004eeac
803e4370	8004df28
803e5534	8005abb4
803e574c	8003ba6c
803e574c	8005abb4
803e574c	8005aaec
803e57c0	803e3ae0
803e57c0	803e3b10
803e580c	8005c2c8
803e585c	803e70e8
803e5890	803e70e8
803e590c	803e3ae0
803e590c	803e3b18
803e590c	803e5c04
803e596c	80060b98
803e596c	8005a7e8
803e596c	8005a888
803e5a88	803e3ae0
803e5a88	803e3b18
803e5a88	803e5c04
803e5a88	803e3b10
803e5a88	80040318
803e5a88	8005a7e8
803e5a88	8005a888
803e5a88	80040250
803e5c04	8005a7e8
803e5c04	8005a888
803e5c04	8004f034
803e5c04	8004eeac
803e5c04	80040250
803e5d48	803ecd50
803e5d48	8005fb48
803e5d48	8005faf0
803e5d48	80040318
803e5d48	803ecc40
803e5d48	8005bf54
803e5d48	8005a6fc
803e5d48	8005a790
803e5d48	8003fa54
803e5d48	8005a7e8
803e5d48	8003fa7c
803e5d48	8005d3a0
803e5d48	8005c114
803e5d48	803e71ac
803e5d48	80040250
803e5f14	8005bc6c
803e5f14	8005e520
803e5f14	803e3ae0
803e5f14	803e3ad4
803e5f14	803e70e8
803e5f14	8005fc54
803e5fc8	8004d684
803e5fc8	803e6400
803e61a0	803e4250
803e6258	803e6400
803e6258	803cf6a0
803e62d0	803eda08
803e62d0	80035028
803e6394	803ed980
803e6394	803cf6a0
803e6400	803ec9cc
803e64a4	803eca40
803e6544	803e6a78
803e6544	8005bc2c
803e6828	8005bc2c
803e6930	803eda08
803e6930	80035028
803e6a8c	8005b5a8
803e6a8c	8005ad18
803e6ca8	803ecc40
803e6ca8	8005cbd0
803e6ca8	8005fb48
803e6ca8	8005f3ac
803e6ca8	803e3f90
803e6ca8	8005fb1c
803e6ca8	80060190
803e6ca8	803e6ffc
803e6ca8	8005faa0
803e70e8	8005cbd0
803e70e8	8005fb48
803e70e8	8005faf0
803e71ac	803e7344
803e71ac	8005cbd0
803e71ac	8005fb48
803e71ac	8005faf0
803e71ac	803e6ca8
803e71ac	803e6a8c
803e71ac	803e9b9c
803e71ac	803e98c4
803e71ac	803e9bd8
803e71ac	803e81b0
803e71ac	803e3ae0
803e71ac	803e3b08
803e71ac	803e3f6c
803e71ac	8005fbac
803e71ac	803eb344
803e71ac	803e63f4
803e71ac	803eb8ac
803e71ac	803eb90c
803e71ac	800602ac
803e71ac	803efb7c
803e71ac	803ef6a0
803e71ac	8005cbf8
803e71ac	80060270
803e7520	803e7344
803e7570	8003565c
803e7570	80034f44
803e7570	80025d98
803e7570	80035088
803e7570	803e7344
803e7570	8002886c
803e7570	8002b014
803e7570	80025c20
803e7570	80027d60
803e7570	803f0c14
803e7570	80035438
803e7570	800356a8
803e7e14	80035438
803e7ec4	803eda08
803e7ec4	80035028
803e7f40	80035660
803e7f40	800356ac
803e81b0	8005bc7c
803e81b0	8005bea4
803e8230	80035678
803e8230	8005bc7c
803e8230	800356c4
803e830c	80035680
803e830c	803e3ae0
803e830c	803e3b18
803e830c	803e3f80
803e830c	803e3fa0
803e830c	803e3fb0
803e830c	803e3f74
803e830c	8005df04
803e830c	800356cc
803e8568	8005e390
803e861c	80410e28
803e861c	803e8568
803e861c	8005debc
803e861c	8005dcb0
803e88e0	8005ffc4
803e88e0	803e830c
803e88e0	8005e3b8
803e88e0	8005e01c
803e88e0	8005e33c
803e88e0	80410e28
803e88e0	8005e390
803e89f8	8005e008
803e8b00	803e861c
803e8c48	8003564c
803e8c48	80034f44
803e8c48	80025d98
803e8c48	80035088
803e8c48	8002886c
803e8c48	8002b014
803e8c48	80025c20
803e8c48	80025ec8
803e8c48	803f3434
803e8c48	803f1e74
803e8c48	803e861c
803e8c48	80410e28
803e8c48	803e8568
803e8c48	8005e008
803e8c48	803f1480
803e8c48	803e7f40
803e8c48	80035438
803e8c48	80035698
803e97ac	80035680
803e97ac	800356cc
803e98d0	8003564c
803e98d0	803e9e4c
803e98d0	8005f2f4
803e98d0	8005f330
803e98d0	80035698
803e9b9c	8005ee88
803e9bd8	8003567c
803e9bd8	8005f5cc
803e9bd8	8005f470
803e9bd8	8005f044
803e9bd8	8005f0dc
803e9bd8	8005f004
803e9bd8	8005f084
803e9bd8	8005f254
803e9bd8	8005f2a4
803e9bd8	8005f2f4
803e9bd8	800356c8
803ea514	80035670
803ea514	803e9ef8
803ea514	8041af54
803ea514	800356bc
803ea5f4	80035670
803ea5f4	803e9ef8
803ea5f4	8041af54
803ea5f4	800356bc
803ea6d0	803eb1b0
803ea6d0	803e9ef8
803ea6d0	8041af54
803ead40	803ea730
803eb0b8	80035678
803eb0b8	800356c4
803eb244	803e9ef8
803eb244	8041af54
803eb284	803e3ae0
803eb284	803e3b18
803eb344	8005d130
803eb378	803cf6a0
803eb460	803eb0b8
803eb460	803ea3e8
803eb5e0	803e3f2c
803eb5e0	8005d130
803eb5e0	8005db28
803eb5e0	8005f470
803eb5e0	8005ef70
803eb5e0	803e6a8c
803eb5e0	803e6a74
803eb5e0	8005cbd0
803eb5e0	80045794
803eb5e0	8005fe0c
803eb5e0	8005ffa4
803eb5e0	8005bea4
803eb5e0	8005f5cc
803eb5e0	8005db4c
803eb5e0	8005faa0
803eb5e0	8005f3ac
803eb5e0	8005fb7c
803eb5e0	8005faf0
803eb5e0	8005fb48
803eb5e0	8005c908
803eb8ac	803e63ec
803eb8ac	803eb90c
803eb90c	80035680
803eb90c	803e63f4
803eb90c	803e63ec
803eb90c	803eb90c
803eb90c	803eb0b8
803eb90c	803ea5f4
803eb90c	803eb284
803eb90c	8004f0b4
803eb90c	80060108
803eb90c	80060144
803ec16c	80045794
803ec16c	8005fe0c
803ec224	80045794
803ec224	8005fe0c
803ec2d8	800456a8
803ec2d8	8005fe0c
803ec2d8	8002efa8
803ec2d8	8002e718
803ec2d8	8002eed0
803ec4c0	80035674
803ec4c0	803e63ec
803ec4c0	803eb90c
803ec4c0	800356c0
803ec5f4	80035558
803ec8a0	80035668
803ec8a0	800356b4
803ec9cc	803eb378
803eca40	803eb3b8
803eca40	803eb3c8
803ecc40	803cf6a0
803ecd50	803ed83c
803ecf04	80035680
803ed580	803e3ae0
803ed580	803e3b18
803ed580	803e64a4
803ed580	803ec5f4
803ed580	803ec16c
803ed580	803ec994
803ed580	803eb1b0
803ed580	803ec4c0
803ed580	803f01c8
803ed580	803f00a0
803ed580	803f014c
803ed580	803e741c
803ed580	803eb90c
803ed980	803cf6a0
803edae4	80035028
803eddec	803e3ae0
803eddec	803e3b08
803eddec	803e4070
803eddec	803e6ca8
803eddec	803ecc40
803ede34	803e7520
803ede34	803e746c
803ede34	803e7430
803ede34	803e718c
803ede34	803e741c
803ede34	803e6ca8
803ede34	803e3ae0
803ede34	803e3b08
803ede34	803e4080
803ede34	8005ffa4
803ede34	803e6a8c
803ede34	803e6a74
803ede34	8005f5cc
803ede34	8005bc7c
803ede34	8005bea4
803ede34	8005db28
803ede34	8005db4c
803ede34	8005f2f4
803ede34	8005f470
803ede34	8005ef70
803ede34	8005faa0
803ede34	8005df04
803ede34	8005e3b8
803ede34	8005e33c
803ede34	803e74d0
803ede34	803ecc40
803ee0c0	80035678
803ee0c0	80410e28
803ee0c0	8005dcb0
803ee0c0	8005debc
803ee0c0	8005e390
803ee0c0	800356c4
803ee3b8	8005c908
803ee3b8	803ecc40
803ee5ec	803ee3b8
803ee5ec	803ecc40
803ee62c	80035680
803ee62c	803eda08
803ee62c	80035028
803ee62c	803e7520
803ee62c	800356cc
804123a4	80412328
804126f0	80412488
80412924	80413da8
80412960	80413dec
80412960	803cf6a0
804129b8	80413e2c
804129b8	80413e8c
80412a28	80413e8c
80412a28	80413e2c
80412a80	80069220
80412ba8	80068928
80412ba8	80413e2c
80412ba8	80413e8c
80412c10	80413da8
80412c4c	80413dec
80412c4c	803cf6a0
80412ca4	80413e2c
80412ca4	80413e8c
80412d14	80413e8c
80412d14	80413e2c
80412d6c	80069220
80412e64	80068928
80412e64	80413e2c
80412e64	80413e8c
80412ecc	80413da8
80412f08	80413dec
80412f08	803cf6a0
80412f60	80413e2c
80412f60	80413e8c
80412fd0	80413e8c
80412fd0	80413e2c
80413028	80069220
8041314c	80068928
8041314c	80413e2c
8041314c	80413e8c
804131b4	80413da8
804131f0	80413dec
804131f0	803cf6a0
80413248	80413e2c
80413248	80413e8c
804132b8	80413e8c
804132b8	80413e2c
80413310	80069220
80413428	80068928
80413428	80413e2c
80413428	80413e8c
80413490	80413da8
804134cc	80413dec
804134cc	803cf6a0
80413524	80413e2c
80413524	80413e8c
80413594	80413e8c
80413594	80413e2c
804135ec	80069220
804136e4	80068928
804136e4	80413e2c
804136e4	80413e8c
8041374c	80035688
8041374c	80052500
8041374c	80051844
8041374c	8041af54
8041374c	800356d4
804137cc	8041af48
804137cc	800530b8
804137cc	80039480
80413860	80035668
80413860	8003fa54
80413860	8041af54
80413860	8003fa7c
80413860	8003945c
80413860	80052190
80413860	800356b4
80413984	80413da8
804139c0	80413dec
804139c0	803cf6a0
80413a34	80413970
80413a34	8041af54
80413aa8	8041af48
80413aa8	804137cc
80413aa8	80414510
80413b20	8003567c
80413b20	80413860
80413b20	80414210
80413b20	8041425c
80413b20	80413ff4
80413b20	80413c48
80413b20	8041394c
80413b20	8041af48
80413b20	80414488
80413b20	80414678
80413b20	800356c8
80413c48	80035684
80413c48	800356d0
80413d6c	80413984
80413d6c	80035028
80413da8	8041af48
80413dec	803cf6a0
80413e2c	80035688
80413e2c	80068aec
80413e2c	80068b34
80413e2c	800356d4
80413e8c	80035688
80413e8c	8006b274
80413e8c	8006b2fc
80413e8c	800356d4
80413f04	80413aa0
80413f04	80411240
80413f04	80411734
80413f94	80413aa0
80413f94	80411a94
80413ff4	80068928
80413ff4	80413cd4
804140e8	80414210
804140e8	80413ff4
804140e8	80413c48
80414130	80035688
80414130	804140e8
80414130	80413c34
80414130	80413ce8
80414130	800356d4
804141ac	80413c34
804141ac	80413ce8
80414210	80413c34
80414210	80413ff4
80414268	80035688
80414268	804140e8
80414268	80068a84
80414268	800689b4
80414268	80413ce8
80414268	80413c34
80414268	800356d4
8041433c	80413d44
80414408	8041433c
80414408	80068c38
80414488	80035688
80414488	80413cfc
80414488	80414408
80414488	800356d4
80414510	800676d8
80414510	80067678
80414510	800676dc
80414510	80068a1c
80414510	8041af48
804145c0	80412c10
804145c0	80035028
804145c0	804131b4
804145c0	80412ecc
804145c0	80412924
804145c0	80413490
80414688	8041afe4
804146ec	80414740
804146ec	803cf6a0
80414740	80035684
80414740	80413aa0
80414740	8041afe4
80414740	800356d0
804147d0	80035688
804147d0	80414934
804147d0	8041afe4
804147d0	800356d4
80414844	80413d5c
80414844	80413d64
804148c4	8041495c
804148c4	80414844
8041495c	8041b774
8041495c	8041b76c
80414b08	80414934
80414b08	804148c4
80414b64	80035688
80414b64	8041495c
80414c5c	80035684
80414c5c	80414b64
80414c5c	800356d0
80414ce4	80414688
80414ce4	80035028
