# table_symbol	index	table_addr	string_ptr	string (arrays where >=60% of words point to text)
token2string__6LUA501	0	8042fcd0	805fdc48	and
token2string__6LUA501	1	8042fcd0	805fdc4c	break
token2string__6LUA501	2	8042fcd0	805fdc52	do
token2string__6LUA501	3	8042fcd0	805fdc55	else
token2string__6LUA501	4	8042fcd0	805fdc5a	elseif
token2string__6LUA501	5	8042fcd0	805fdc61	end
token2string__6LUA501	6	8042fcd0	805fdc65	false
token2string__6LUA501	7	8042fcd0	805fdc6b	for
token2string__6LUA501	8	8042fcd0	804b9780	function
token2string__6LUA501	9	8042fcd0	805fdc6f	if
token2string__6LUA501	10	8042fcd0	805fdc72	in
token2string__6LUA501	11	8042fcd0	805fdc75	local
token2string__6LUA501	12	8042fcd0	805fdc7b	nil
token2string__6LUA501	13	8042fcd0	805fdc7f	not
token2string__6LUA501	14	8042fcd0	805fdc83	or
token2string__6LUA501	15	8042fcd0	805fdc86	repeat
token2string__6LUA501	16	8042fcd0	805fdc8d	return
token2string__6LUA501	17	8042fcd0	805fdc94	then
token2string__6LUA501	18	8042fcd0	805fdc99	true
token2string__6LUA501	19	8042fcd0	805fdc9e	until
token2string__6LUA501	20	8042fcd0	805fdca4	while
token2string__6LUA501	21	8042fcd0	805fdcaa	*name
token2string__6LUA501	22	8042fcd0	805fdcb0	..
token2string__6LUA501	23	8042fcd0	805fdcb3	...
token2string__6LUA501	24	8042fcd0	805fdcb7	==
token2string__6LUA501	25	8042fcd0	805fdcba	>=
token2string__6LUA501	26	8042fcd0	805fdcbd	<=
token2string__6LUA501	27	8042fcd0	805fdcc0	~=
token2string__6LUA501	28	8042fcd0	805fdcc3	*number
token2string__6LUA501	29	8042fcd0	805fdccb	*string
token2string__6LUA501	30	8042fcd0	805fdcd3	<eof>
luaT_typenames__6LUA501	0	8042fea8	805fdd00	nil
luaT_typenames__6LUA501	1	8042fea8	805fdd04	boolean
luaT_typenames__6LUA501	2	8042fea8	804b9b08	userdata
luaT_typenames__6LUA501	3	8042fea8	805fdd0c	number
luaT_typenames__6LUA501	4	8042fea8	805fdd13	string
luaT_typenames__6LUA501	5	8042fea8	805fdd1a	table
luaT_typenames__6LUA501	6	8042fea8	804b9b11	function
luaT_typenames__6LUA501	7	8042fea8	804b9b08	userdata
luaT_typenames__6LUA501	8	8042fea8	805fdd20	thread
csJPNAsciiVisiblePanes__Q39textinput8keyboard6pctype	0	8043f6d0	000d0017	
csJPNAsciiVisiblePanes__Q39textinput8keyboard6pctype	1	8043f6d0	804c3e14	N_modeSelect_all
csJPNAsciiVisiblePanes__Q39textinput8keyboard6pctype	2	8043f6d0	804c3e25	P_Mode_direct
csJPNAsciiVisiblePanes__Q39textinput8keyboard6pctype	3	8043f6d0	804c3e33	P_Mode_roma_hira
csJPNAsciiVisiblePanes__Q39textinput8keyboard6pctype	4	8043f6d0	804c3e44	P_Mode_roma_kata
csJPNAsciiVisiblePanes__Q39textinput8keyboard6pctype	5	8043f6d0	804c3e55	N_KeyChange_JP
csJPNAsciiVisiblePanes__Q39textinput8keyboard6pctype	6	8043f6d0	804c3e64	W_JP_Chng_ABC
csJPNAsciiVisiblePanes__Q39textinput8keyboard6pctype	7	8043f6d0	804c3e72	W_JP_Chng_KANA
csJPNAsciiVisiblePanes__Q39textinput8keyboard6pctype	8	8043f6d0	804c3e81	W_JP_Chng_sign
csJPNAsciiVisiblePanes__Q39textinput8keyboard6pctype	9	8043f6d0	804c3e90	T_JP_Chng_ABC
csJPNAsciiVisiblePanes__Q39textinput8keyboard6pctype	10	8043f6d0	804c3e9e	T_JP_Chng_KANA
csJPNAsciiVisiblePanes__Q39textinput8keyboard6pctype	11	8043f6d0	804c3ead	T_JP_Chng_sign
csJPNAsciiVisiblePanes__Q39textinput8keyboard6pctype	12	8043f6d0	804c3ebc	T_key_CAPS
csJPNAsciiVisiblePanes__Q39textinput8keyboard6pctype	13	8043f6d0	804c3ec7	T_key_SHIFT
csJPNAsciiVisiblePanes__Q39textinput8keyboard6pctype	14	8043f6d0	0	
csJPNAsciiVisiblePanes__Q39textinput8keyboard6pctype	15	8043f6d0	0	
csJPNAsciiVisiblePanes__Q39textinput8keyboard6pctype	16	8043f6d0	0	
csJPNAsciiVisiblePanes__Q39textinput8keyboard6pctype	17	8043f6d0	0	
csJPNAsciiVisiblePanes__Q39textinput8keyboard6pctype	18	8043f6d0	0	
csJPNAsciiVisiblePanes__Q39textinput8keyboard6pctype	19	8043f6d0	0	
csJPNAsciiVisiblePanes__Q39textinput8keyboard6pctype	20	8043f6d0	0	
csJPNAsciiVisiblePanes__Q39textinput8keyboard6pctype	21	8043f6d0	0	
csJPNAsciiVisiblePanes__Q39textinput8keyboard6pctype	22	8043f6d0	0	
csJPNAsciiVisiblePanes__Q39textinput8keyboard6pctype	23	8043f6d0	0	
csJPNAsciiVisiblePanes__Q39textinput8keyboard6pctype	24	8043f6d0	0	
csJPNAsciiVisiblePanes__Q39textinput8keyboard6pctype	25	8043f6d0	804c3965	P_key_41
csJPNAsciiVisiblePanes__Q39textinput8keyboard6pctype	26	8043f6d0	804c3ed3	T_key_41
csJPNAsciiVisiblePanes__Q39textinput8keyboard6pctype	27	8043f6d0	804c396e	P_key_42
csJPNAsciiVisiblePanes__Q39textinput8keyboard6pctype	28	8043f6d0	804c3edc	T_key_42
csJPNAsciiVisiblePanes__Q39textinput8keyboard6pctype	29	8043f6d0	804c3977	P_key_43
csJPNAsciiVisiblePanes__Q39textinput8keyboard6pctype	30	8043f6d0	804c3ee5	T_key_43
csJPNAsciiVisiblePanes__Q39textinput8keyboard6pctype	31	8043f6d0	804c3eee	N_KeyChange_USEU
csJPNAsciiVisiblePanes__Q39textinput8keyboard6pctype	32	8043f6d0	804c3acc	P_Gkey_00
csJPNAsciiVisiblePanes__Q39textinput8keyboard6pctype	33	8043f6d0	804c3b3a	P_Gkey_11
csJPNAsciiVisiblePanes__Q39textinput8keyboard6pctype	34	8043f6d0	804c3ba8	P_Gkey_22
csJPNAsciiVisiblePanes__Q39textinput8keyboard6pctype	35	8043f6d0	804c3c16	P_Gkey_33
csJPNAsciiVisiblePanes__Q39textinput8keyboard6pctype	36	8043f6d0	804c3c84	P_Gkey_44
csJPNAsciiVisiblePanes__Q39textinput8keyboard6pctype	37	8043f6d0	804c3eff	T_Gkey_00
csJPNAsciiVisiblePanes__Q39textinput8keyboard6pctype	38	8043f6d0	804c3f09	T_Gkey_11
csJPNAsciiVisiblePanes__Q39textinput8keyboard6pctype	39	8043f6d0	804c3f13	T_Gkey_22
csJPNAsciiVisiblePanes__Q39textinput8keyboard6pctype	40	8043f6d0	804c3f1d	T_Gkey_33
csJPNAsciiVisiblePanes__Q39textinput8keyboard6pctype	41	8043f6d0	804c3f27	T_Gkey_44
csJPNAsciiVisiblePanes__Q39textinput8keyboard6pctype	42	8043f6d0	804c3f31	W_USEU_prdc_lang
csJPNAsciiVisiblePanes__Q39textinput8keyboard6pctype	43	8043f6d0	804c3f42	W_USEU_Chng_sign
csJPNAsciiVisiblePanes__Q39textinput8keyboard6pctype	44	8043f6d0	804c3f53	T_USEU_prdc_lang
csJPNAsciiVisiblePanes__Q39textinput8keyboard6pctype	45	8043f6d0	804c3f64	T_USEU_Chng_sign
csJPNAsciiVisiblePanes__Q39textinput8keyboard6pctype	46	8043f6d0	804c3f75	P_SHIFTMark
csJPNAsciiVisiblePanes__Q39textinput8keyboard6pctype	47	8043f6d0	804c3f81	P_CAPSMark
csJPNAsciiVisiblePanes__Q39textinput8keyboard6pctype	48	8043f6d0	0	
csUSAsciiVisiblePanes__Q39textinput8keyboard6pctype	0	8043f794	00110013	
csUSAsciiVisiblePanes__Q39textinput8keyboard6pctype	1	8043f794	804c3eee	N_KeyChange_USEU
csUSAsciiVisiblePanes__Q39textinput8keyboard6pctype	2	8043f794	804c3acc	P_Gkey_00
csUSAsciiVisiblePanes__Q39textinput8keyboard6pctype	3	8043f794	804c3b3a	P_Gkey_11
csUSAsciiVisiblePanes__Q39textinput8keyboard6pctype	4	8043f794	804c3ba8	P_Gkey_22
csUSAsciiVisiblePanes__Q39textinput8keyboard6pctype	5	8043f794	804c3c16	P_Gkey_33
csUSAsciiVisiblePanes__Q39textinput8keyboard6pctype	6	8043f794	804c3c84	P_Gkey_44
csUSAsciiVisiblePanes__Q39textinput8keyboard6pctype	7	8043f794	804c3eff	T_Gkey_00
csUSAsciiVisiblePanes__Q39textinput8keyboard6pctype	8	8043f794	804c3f09	T_Gkey_11
csUSAsciiVisiblePanes__Q39textinput8keyboard6pctype	9	8043f794	804c3f13	T_Gkey_22
csUSAsciiVisiblePanes__Q39textinput8keyboard6pctype	10	8043f794	804c3f1d	T_Gkey_33
csUSAsciiVisiblePanes__Q39textinput8keyboard6pctype	11	8043f794	804c3f27	T_Gkey_44
csUSAsciiVisiblePanes__Q39textinput8keyboard6pctype	12	8043f794	804c3f31	W_USEU_prdc_lang
csUSAsciiVisiblePanes__Q39textinput8keyboard6pctype	13	8043f794	804c3f42	W_USEU_Chng_sign
csUSAsciiVisiblePanes__Q39textinput8keyboard6pctype	14	8043f794	804c3f53	T_USEU_prdc_lang
csUSAsciiVisiblePanes__Q39textinput8keyboard6pctype	15	8043f794	804c3f64	T_USEU_Chng_sign
csUSAsciiVisiblePanes__Q39textinput8keyboard6pctype	16	8043f794	804c3ebc	T_key_CAPS
csUSAsciiVisiblePanes__Q39textinput8keyboard6pctype	17	8043f794	804c3ec7	T_key_SHIFT
csUSAsciiVisiblePanes__Q39textinput8keyboard6pctype	18	8043f794	0	
csUSAsciiVisiblePanes__Q39textinput8keyboard6pctype	19	8043f794	0	
csUSAsciiVisiblePanes__Q39textinput8keyboard6pctype	20	8043f794	0	
csUSAsciiVisiblePanes__Q39textinput8keyboard6pctype	21	8043f794	0	
csUSAsciiVisiblePanes__Q39textinput8keyboard6pctype	22	8043f794	0	
csUSAsciiVisiblePanes__Q39textinput8keyboard6pctype	23	8043f794	0	
csUSAsciiVisiblePanes__Q39textinput8keyboard6pctype	24	8043f794	0	
csUSAsciiVisiblePanes__Q39textinput8keyboard6pctype	25	8043f794	804c3965	P_key_41
csUSAsciiVisiblePanes__Q39textinput8keyboard6pctype	26	8043f794	804c3ed3	T_key_41
csUSAsciiVisiblePanes__Q39textinput8keyboard6pctype	27	8043f794	804c396e	P_key_42
csUSAsciiVisiblePanes__Q39textinput8keyboard6pctype	28	8043f794	804c3edc	T_key_42
csUSAsciiVisiblePanes__Q39textinput8keyboard6pctype	29	8043f794	804c3977	P_key_43
csUSAsciiVisiblePanes__Q39textinput8keyboard6pctype	30	8043f794	804c3ee5	T_key_43
csUSAsciiVisiblePanes__Q39textinput8keyboard6pctype	31	8043f794	804c3e14	N_modeSelect_all
csUSAsciiVisiblePanes__Q39textinput8keyboard6pctype	32	8043f794	804c3e25	P_Mode_direct
csUSAsciiVisiblePanes__Q39textinput8keyboard6pctype	33	8043f794	804c3e33	P_Mode_roma_hira
csUSAsciiVisiblePanes__Q39textinput8keyboard6pctype	34	8043f794	804c3e44	P_Mode_roma_kata
csUSAsciiVisiblePanes__Q39textinput8keyboard6pctype	35	8043f794	804c3e55	N_KeyChange_JP
csUSAsciiVisiblePanes__Q39textinput8keyboard6pctype	36	8043f794	804c3e64	W_JP_Chng_ABC
csUSAsciiVisiblePanes__Q39textinput8keyboard6pctype	37	8043f794	804c3e72	W_JP_Chng_KANA
csUSAsciiVisiblePanes__Q39textinput8keyboard6pctype	38	8043f794	804c3e81	W_JP_Chng_sign
csUSAsciiVisiblePanes__Q39textinput8keyboard6pctype	39	8043f794	804c3e90	T_JP_Chng_ABC
csUSAsciiVisiblePanes__Q39textinput8keyboard6pctype	40	8043f794	804c3e9e	T_JP_Chng_KANA
csUSAsciiVisiblePanes__Q39textinput8keyboard6pctype	41	8043f794	804c3ead	T_JP_Chng_sign
csUSAsciiVisiblePanes__Q39textinput8keyboard6pctype	42	8043f794	804c3f75	P_SHIFTMark
csUSAsciiVisiblePanes__Q39textinput8keyboard6pctype	43	8043f794	804c3f81	P_CAPSMark
csUSAsciiVisiblePanes__Q39textinput8keyboard6pctype	44	8043f794	0	
csUSAsciiVisiblePanes__Q39textinput8keyboard6pctype	45	8043f794	0	
csUSAsciiVisiblePanes__Q39textinput8keyboard6pctype	46	8043f794	0	
csUSAsciiVisiblePanes__Q39textinput8keyboard6pctype	47	8043f794	0	
csUSAsciiVisiblePanes__Q39textinput8keyboard6pctype	48	8043f794	0	
csEngAsciiVisiblePanesUK__Q39textinput8keyboard6pctype	0	8043f858	0015000f	
csEngAsciiVisiblePanesUK__Q39textinput8keyboard6pctype	1	8043f858	804c396e	P_key_42
csEngAsciiVisiblePanesUK__Q39textinput8keyboard6pctype	2	8043f858	804c3edc	T_key_42
csEngAsciiVisiblePanesUK__Q39textinput8keyboard6pctype	3	8043f858	804c3977	P_key_43
csEngAsciiVisiblePanesUK__Q39textinput8keyboard6pctype	4	8043f858	804c3ee5	T_key_43
csEngAsciiVisiblePanesUK__Q39textinput8keyboard6pctype	5	8043f858	804c3eee	N_KeyChange_USEU
csEngAsciiVisiblePanesUK__Q39textinput8keyboard6pctype	6	8043f858	804c3acc	P_Gkey_00
csEngAsciiVisiblePanesUK__Q39textinput8keyboard6pctype	7	8043f858	804c3b3a	P_Gkey_11
csEngAsciiVisiblePanesUK__Q39textinput8keyboard6pctype	8	8043f858	804c3ba8	P_Gkey_22
csEngAsciiVisiblePanesUK__Q39textinput8keyboard6pctype	9	8043f858	804c3c16	P_Gkey_33
csEngAsciiVisiblePanesUK__Q39textinput8keyboard6pctype	10	8043f858	804c3c84	P_Gkey_44
csEngAsciiVisiblePanesUK__Q39textinput8keyboard6pctype	11	8043f858	804c3eff	T_Gkey_00
csEngAsciiVisiblePanesUK__Q39textinput8keyboard6pctype	12	8043f858	804c3f09	T_Gkey_11
csEngAsciiVisiblePanesUK__Q39textinput8keyboard6pctype	13	8043f858	804c3f13	T_Gkey_22
csEngAsciiVisiblePanesUK__Q39textinput8keyboard6pctype	14	8043f858	804c3f1d	T_Gkey_33
csEngAsciiVisiblePanesUK__Q39textinput8keyboard6pctype	15	8043f858	804c3f27	T_Gkey_44
csEngAsciiVisiblePanesUK__Q39textinput8keyboard6pctype	16	8043f858	804c3f31	W_USEU_prdc_lang
csEngAsciiVisiblePanesUK__Q39textinput8keyboard6pctype	17	8043f858	804c3f42	W_USEU_Chng_sign
csEngAsciiVisiblePanesUK__Q39textinput8keyboard6pctype	18	8043f858	804c3f53	T_USEU_prdc_lang
csEngAsciiVisiblePanesUK__Q39textinput8keyboard6pctype	19	8043f858	804c3f64	T_USEU_Chng_sign
csEngAsciiVisiblePanesUK__Q39textinput8keyboard6pctype	20	8043f858	804c3ebc	T_key_CAPS
csEngAsciiVisiblePanesUK__Q39textinput8keyboard6pctype	21	8043f858	804c3ec7	T_key_SHIFT
csEngAsciiVisiblePanesUK__Q39textinput8keyboard6pctype	22	8043f858	0	
csEngAsciiVisiblePanesUK__Q39textinput8keyboard6pctype	23	8043f858	0	
csEngAsciiVisiblePanesUK__Q39textinput8keyboard6pctype	24	8043f858	0	
csEngAsciiVisiblePanesUK__Q39textinput8keyboard6pctype	25	8043f858	804c3965	P_key_41
csEngAsciiVisiblePanesUK__Q39textinput8keyboard6pctype	26	8043f858	804c3ed3	T_key_41
csEngAsciiVisiblePanesUK__Q39textinput8keyboard6pctype	27	8043f858	804c3e14	N_modeSelect_all
csEngAsciiVisiblePanesUK__Q39textinput8keyboard6pctype	28	8043f858	804c3e25	P_Mode_direct
csEngAsciiVisiblePanesUK__Q39textinput8keyboard6pctype	29	8043f858	804c3e33	P_Mode_roma_hira
csEngAsciiVisiblePanesUK__Q39textinput8keyboard6pctype	30	8043f858	804c3e44	P_Mode_roma_kata
csEngAsciiVisiblePanesUK__Q39textinput8keyboard6pctype	31	8043f858	804c3e55	N_KeyChange_JP
csEngAsciiVisiblePanesUK__Q39textinput8keyboard6pctype	32	8043f858	804c3e64	W_JP_Chng_ABC
csEngAsciiVisiblePanesUK__Q39textinput8keyboard6pctype	33	8043f858	804c3e72	W_JP_Chng_KANA
csEngAsciiVisiblePanesUK__Q39textinput8keyboard6pctype	34	8043f858	804c3e81	W_JP_Chng_sign
csEngAsciiVisiblePanesUK__Q39textinput8keyboard6pctype	35	8043f858	804c3e90	T_JP_Chng_ABC
csEngAsciiVisiblePanesUK__Q39textinput8keyboard6pctype	36	8043f858	804c3e9e	T_JP_Chng_KANA
csEngAsciiVisiblePanesUK__Q39textinput8keyboard6pctype	37	8043f858	804c3ead	T_JP_Chng_sign
csEngAsciiVisiblePanesUK__Q39textinput8keyboard6pctype	38	8043f858	804c3f75	P_SHIFTMark
csEngAsciiVisiblePanesUK__Q39textinput8keyboard6pctype	39	8043f858	804c3f81	P_CAPSMark
csEngAsciiVisiblePanesUK__Q39textinput8keyboard6pctype	40	8043f858	0	
csEngAsciiVisiblePanesUK__Q39textinput8keyboard6pctype	41	8043f858	0	
csEngAsciiVisiblePanesUK__Q39textinput8keyboard6pctype	42	8043f858	0	
csEngAsciiVisiblePanesUK__Q39textinput8keyboard6pctype	43	8043f858	0	
csEngAsciiVisiblePanesUK__Q39textinput8keyboard6pctype	44	8043f858	0	
csEngAsciiVisiblePanesUK__Q39textinput8keyboard6pctype	45	8043f858	0	
csEngAsciiVisiblePanesUK__Q39textinput8keyboard6pctype	46	8043f858	0	
csEngAsciiVisiblePanesUK__Q39textinput8keyboard6pctype	47	8043f858	0	
csEngAsciiVisiblePanesUK__Q39textinput8keyboard6pctype	48	8043f858	0	
csEngAsciiVisiblePanesSP__Q39textinput8keyboard6pctype	0	8043f91c	0015000f	
csEngAsciiVisiblePanesSP__Q39textinput8keyboard6pctype	1	8043f91c	804c396e	P_key_42
csEngAsciiVisiblePanesSP__Q39textinput8keyboard6pctype	2	8043f91c	804c3edc	T_key_42
csEngAsciiVisiblePanesSP__Q39textinput8keyboard6pctype	3	8043f91c	804c3977	P_key_43
csEngAsciiVisiblePanesSP__Q39textinput8keyboard6pctype	4	8043f91c	804c3ee5	T_key_43
csEngAsciiVisiblePanesSP__Q39textinput8keyboard6pctype	5	8043f91c	804c3eee	N_KeyChange_USEU
csEngAsciiVisiblePanesSP__Q39textinput8keyboard6pctype	6	8043f91c	804c3acc	P_Gkey_00
csEngAsciiVisiblePanesSP__Q39textinput8keyboard6pctype	7	8043f91c	804c3b3a	P_Gkey_11
csEngAsciiVisiblePanesSP__Q39textinput8keyboard6pctype	8	8043f91c	804c3ba8	P_Gkey_22
csEngAsciiVisiblePanesSP__Q39textinput8keyboard6pctype	9	8043f91c	804c3c16	P_Gkey_33
csEngAsciiVisiblePanesSP__Q39textinput8keyboard6pctype	10	8043f91c	804c3c84	P_Gkey_44
csEngAsciiVisiblePanesSP__Q39textinput8keyboard6pctype	11	8043f91c	804c3eff	T_Gkey_00
csEngAsciiVisiblePanesSP__Q39textinput8keyboard6pctype	12	8043f91c	804c3f09	T_Gkey_11
csEngAsciiVisiblePanesSP__Q39textinput8keyboard6pctype	13	8043f91c	804c3f13	T_Gkey_22
csEngAsciiVisiblePanesSP__Q39textinput8keyboard6pctype	14	8043f91c	804c3f1d	T_Gkey_33
csEngAsciiVisiblePanesSP__Q39textinput8keyboard6pctype	15	8043f91c	804c3f27	T_Gkey_44
csEngAsciiVisiblePanesSP__Q39textinput8keyboard6pctype	16	8043f91c	804c3f31	W_USEU_prdc_lang
csEngAsciiVisiblePanesSP__Q39textinput8keyboard6pctype	17	8043f91c	804c3f42	W_USEU_Chng_sign
csEngAsciiVisiblePanesSP__Q39textinput8keyboard6pctype	18	8043f91c	804c3f53	T_USEU_prdc_lang
csEngAsciiVisiblePanesSP__Q39textinput8keyboard6pctype	19	8043f91c	804c3f64	T_USEU_Chng_sign
csEngAsciiVisiblePanesSP__Q39textinput8keyboard6pctype	20	8043f91c	804c3f75	P_SHIFTMark
csEngAsciiVisiblePanesSP__Q39textinput8keyboard6pctype	21	8043f91c	804c3f81	P_CAPSMark
csEngAsciiVisiblePanesSP__Q39textinput8keyboard6pctype	22	8043f91c	0	
csEngAsciiVisiblePanesSP__Q39textinput8keyboard6pctype	23	8043f91c	0	
csEngAsciiVisiblePanesSP__Q39textinput8keyboard6pctype	24	8043f91c	0	
csEngAsciiVisiblePanesSP__Q39textinput8keyboard6pctype	25	8043f91c	804c3965	P_key_41
csEngAsciiVisiblePanesSP__Q39textinput8keyboard6pctype	26	8043f91c	804c3ed3	T_key_41
csEngAsciiVisiblePanesSP__Q39textinput8keyboard6pctype	27	8043f91c	804c3e14	N_modeSelect_all
csEngAsciiVisiblePanesSP__Q39textinput8keyboard6pctype	28	8043f91c	804c3e25	P_Mode_direct
csEngAsciiVisiblePanesSP__Q39textinput8keyboard6pctype	29	8043f91c	804c3e33	P_Mode_roma_hira
csEngAsciiVisiblePanesSP__Q39textinput8keyboard6pctype	30	8043f91c	804c3e44	P_Mode_roma_kata
csEngAsciiVisiblePanesSP__Q39textinput8keyboard6pctype	31	8043f91c	804c3e55	N_KeyChange_JP
csEngAsciiVisiblePanesSP__Q39textinput8keyboard6pctype	32	8043f91c	804c3e64	W_JP_Chng_ABC
csEngAsciiVisiblePanesSP__Q39textinput8keyboard6pctype	33	8043f91c	804c3e72	W_JP_Chng_KANA
csEngAsciiVisiblePanesSP__Q39textinput8keyboard6pctype	34	8043f91c	804c3e81	W_JP_Chng_sign
csEngAsciiVisiblePanesSP__Q39textinput8keyboard6pctype	35	8043f91c	804c3e90	T_JP_Chng_ABC
csEngAsciiVisiblePanesSP__Q39textinput8keyboard6pctype	36	8043f91c	804c3e9e	T_JP_Chng_KANA
csEngAsciiVisiblePanesSP__Q39textinput8keyboard6pctype	37	8043f91c	804c3ead	T_JP_Chng_sign
csEngAsciiVisiblePanesSP__Q39textinput8keyboard6pctype	38	8043f91c	804c3ebc	T_key_CAPS
csEngAsciiVisiblePanesSP__Q39textinput8keyboard6pctype	39	8043f91c	804c3ec7	T_key_SHIFT
csEngAsciiVisiblePanesSP__Q39textinput8keyboard6pctype	40	8043f91c	0	
csEngAsciiVisiblePanesSP__Q39textinput8keyboard6pctype	41	8043f91c	0	
csEngAsciiVisiblePanesSP__Q39textinput8keyboard6pctype	42	8043f91c	0	
csEngAsciiVisiblePanesSP__Q39textinput8keyboard6pctype	43	8043f91c	0	
csEngAsciiVisiblePanesSP__Q39textinput8keyboard6pctype	44	8043f91c	0	
csEngAsciiVisiblePanesSP__Q39textinput8keyboard6pctype	45	8043f91c	0	
csEngAsciiVisiblePanesSP__Q39textinput8keyboard6pctype	46	8043f91c	0	
csEngAsciiVisiblePanesSP__Q39textinput8keyboard6pctype	47	8043f91c	0	
csEngAsciiVisiblePanesSP__Q39textinput8keyboard6pctype	48	8043f91c	0	
csAsciiVisiblePanes__Q39textinput8keyboard6pctype	0	8043f9e0	0017000d	
csAsciiVisiblePanes__Q39textinput8keyboard6pctype	1	8043f9e0	804c3965	P_key_41
csAsciiVisiblePanes__Q39textinput8keyboard6pctype	2	8043f9e0	804c3ed3	T_key_41
csAsciiVisiblePanes__Q39textinput8keyboard6pctype	3	8043f9e0	804c396e	P_key_42
csAsciiVisiblePanes__Q39textinput8keyboard6pctype	4	8043f9e0	804c3edc	T_key_42
csAsciiVisiblePanes__Q39textinput8keyboard6pctype	5	8043f9e0	804c3977	P_key_43
csAsciiVisiblePanes__Q39textinput8keyboard6pctype	6	8043f9e0	804c3ee5	T_key_43
csAsciiVisiblePanes__Q39textinput8keyboard6pctype	7	8043f9e0	804c3eee	N_KeyChange_USEU
csAsciiVisiblePanes__Q39textinput8keyboard6pctype	8	8043f9e0	804c3acc	P_Gkey_00
csAsciiVisiblePanes__Q39textinput8keyboard6pctype	9	8043f9e0	804c3b3a	P_Gkey_11
csAsciiVisiblePanes__Q39textinput8keyboard6pctype	10	8043f9e0	804c3ba8	P_Gkey_22
csAsciiVisiblePanes__Q39textinput8keyboard6pctype	11	8043f9e0	804c3c16	P_Gkey_33
csAsciiVisiblePanes__Q39textinput8keyboard6pctype	12	8043f9e0	804c3c84	P_Gkey_44
csAsciiVisiblePanes__Q39textinput8keyboard6pctype	13	8043f9e0	804c3eff	T_Gkey_00
csAsciiVisiblePanes__Q39textinput8keyboard6pctype	14	8043f9e0	804c3f09	T_Gkey_11
csAsciiVisiblePanes__Q39textinput8keyboard6pctype	15	8043f9e0	804c3f13	T_Gkey_22
csAsciiVisiblePanes__Q39textinput8keyboard6pctype	16	8043f9e0	804c3f1d	T_Gkey_33
csAsciiVisiblePanes__Q39textinput8keyboard6pctype	17	8043f9e0	804c3f27	T_Gkey_44
csAsciiVisiblePanes__Q39textinput8keyboard6pctype	18	8043f9e0	804c3f31	W_USEU_prdc_lang
csAsciiVisiblePanes__Q39textinput8keyboard6pctype	19	8043f9e0	804c3f42	W_USEU_Chng_sign
csAsciiVisiblePanes__Q39textinput8keyboard6pctype	20	8043f9e0	804c3f53	T_USEU_prdc_lang
csAsciiVisiblePanes__Q39textinput8keyboard6pctype	21	8043f9e0	804c3f64	T_USEU_Chng_sign
csAsciiVisiblePanes__Q39textinput8keyboard6pctype	22	8043f9e0	804c3f75	P_SHIFTMark
csAsciiVisiblePanes__Q39textinput8keyboard6pctype	23	8043f9e0	804c3f81	P_CAPSMark
csAsciiVisiblePanes__Q39textinput8keyboard6pctype	24	8043f9e0	0	
csAsciiVisiblePanes__Q39textinput8keyboard6pctype	25	8043f9e0	804c3e14	N_modeSelect_all
csAsciiVisiblePanes__Q39textinput8keyboard6pctype	26	8043f9e0	804c3e25	P_Mode_direct
csAsciiVisiblePanes__Q39textinput8keyboard6pctype	27	8043f9e0	804c3e33	P_Mode_roma_hira
csAsciiVisiblePanes__Q39textinput8keyboard6pctype	28	8043f9e0	804c3e44	P_Mode_roma_kata
csAsciiVisiblePanes__Q39textinput8keyboard6pctype	29	8043f9e0	804c3e55	N_KeyChange_JP
csAsciiVisiblePanes__Q39textinput8keyboard6pctype	30	8043f9e0	804c3e64	W_JP_Chng_ABC
csAsciiVisiblePanes__Q39textinput8keyboard6pctype	31	8043f9e0	804c3e72	W_JP_Chng_KANA
csAsciiVisiblePanes__Q39textinput8keyboard6pctype	32	8043f9e0	804c3e81	W_JP_Chng_sign
csAsciiVisiblePanes__Q39textinput8keyboard6pctype	33	8043f9e0	804c3e90	T_JP_Chng_ABC
csAsciiVisiblePanes__Q39textinput8keyboard6pctype	34	8043f9e0	804c3e9e	T_JP_Chng_KANA
csAsciiVisiblePanes__Q39textinput8keyboard6pctype	35	8043f9e0	804c3ead	T_JP_Chng_sign
csAsciiVisiblePanes__Q39textinput8keyboard6pctype	36	8043f9e0	804c3ebc	T_key_CAPS
csAsciiVisiblePanes__Q39textinput8keyboard6pctype	37	8043f9e0	804c3ec7	T_key_SHIFT
csAsciiVisiblePanes__Q39textinput8keyboard6pctype	38	8043f9e0	0	
csAsciiVisiblePanes__Q39textinput8keyboard6pctype	39	8043f9e0	0	
csAsciiVisiblePanes__Q39textinput8keyboard6pctype	40	8043f9e0	0	
csAsciiVisiblePanes__Q39textinput8keyboard6pctype	41	8043f9e0	0	
csAsciiVisiblePanes__Q39textinput8keyboard6pctype	42	8043f9e0	0	
csAsciiVisiblePanes__Q39textinput8keyboard6pctype	43	8043f9e0	0	
csAsciiVisiblePanes__Q39textinput8keyboard6pctype	44	8043f9e0	0	
csAsciiVisiblePanes__Q39textinput8keyboard6pctype	45	8043f9e0	0	
csAsciiVisiblePanes__Q39textinput8keyboard6pctype	46	8043f9e0	0	
csAsciiVisiblePanes__Q39textinput8keyboard6pctype	47	8043f9e0	0	
csAsciiVisiblePanes__Q39textinput8keyboard6pctype	48	8043f9e0	0	
csAsciiVisiblePanesNL__Q39textinput8keyboard6pctype	0	8043faa4	00130011	
csAsciiVisiblePanesNL__Q39textinput8keyboard6pctype	1	8043faa4	804c3977	P_key_43
csAsciiVisiblePanesNL__Q39textinput8keyboard6pctype	2	8043faa4	804c3ee5	T_key_43
csAsciiVisiblePanesNL__Q39textinput8keyboard6pctype	3	8043faa4	804c3eee	N_KeyChange_USEU
csAsciiVisiblePanesNL__Q39textinput8keyboard6pctype	4	8043faa4	804c3acc	P_Gkey_00
csAsciiVisiblePanesNL__Q39textinput8keyboard6pctype	5	8043faa4	804c3b3a	P_Gkey_11
csAsciiVisiblePanesNL__Q39textinput8keyboard6pctype	6	8043faa4	804c3ba8	P_Gkey_22
csAsciiVisiblePanesNL__Q39textinput8keyboard6pctype	7	8043faa4	804c3c16	P_Gkey_33
csAsciiVisiblePanesNL__Q39textinput8keyboard6pctype	8	8043faa4	804c3c84	P_Gkey_44
csAsciiVisiblePanesNL__Q39textinput8keyboard6pctype	9	8043faa4	804c3eff	T_Gkey_00
csAsciiVisiblePanesNL__Q39textinput8keyboard6pctype	10	8043faa4	804c3f09	T_Gkey_11
csAsciiVisiblePanesNL__Q39textinput8keyboard6pctype	11	8043faa4	804c3f13	T_Gkey_22
csAsciiVisiblePanesNL__Q39textinput8keyboard6pctype	12	8043faa4	804c3f1d	T_Gkey_33
csAsciiVisiblePanesNL__Q39textinput8keyboard6pctype	13	8043faa4	804c3f27	T_Gkey_44
csAsciiVisiblePanesNL__Q39textinput8keyboard6pctype	14	8043faa4	804c3f31	W_USEU_prdc_lang
csAsciiVisiblePanesNL__Q39textinput8keyboard6pctype	15	8043faa4	804c3f42	W_USEU_Chng_sign
csAsciiVisiblePanesNL__Q39textinput8keyboard6pctype	16	8043faa4	804c3f53	T_USEU_prdc_lang
csAsciiVisiblePanesNL__Q39textinput8keyboard6pctype	17	8043faa4	804c3f64	T_USEU_Chng_sign
csAsciiVisiblePanesNL__Q39textinput8keyboard6pctype	18	8043faa4	804c3ebc	T_key_CAPS
csAsciiVisiblePanesNL__Q39textinput8keyboard6pctype	19	8043faa4	804c3ec7	T_key_SHIFT
csAsciiVisiblePanesNL__Q39textinput8keyboard6pctype	20	8043faa4	0	
csAsciiVisiblePanesNL__Q39textinput8keyboard6pctype	21	8043faa4	0	
csAsciiVisiblePanesNL__Q39textinput8keyboard6pctype	22	8043faa4	0	
csAsciiVisiblePanesNL__Q39textinput8keyboard6pctype	23	8043faa4	0	
csAsciiVisiblePanesNL__Q39textinput8keyboard6pctype	24	8043faa4	0	
csAsciiVisiblePanesNL__Q39textinput8keyboard6pctype	25	8043faa4	804c3965	P_key_41
csAsciiVisiblePanesNL__Q39textinput8keyboard6pctype	26	8043faa4	804c3ed3	T_key_41
csAsciiVisiblePanesNL__Q39textinput8keyboard6pctype	27	8043faa4	804c396e	P_key_42
csAsciiVisiblePanesNL__Q39textinput8keyboard6pctype	28	8043faa4	804c3edc	T_key_42
csAsciiVisiblePanesNL__Q39textinput8keyboard6pctype	29	8043faa4	804c3e14	N_modeSelect_all
csAsciiVisiblePanesNL__Q39textinput8keyboard6pctype	30	8043faa4	804c3e25	P_Mode_direct
csAsciiVisiblePanesNL__Q39textinput8keyboard6pctype	31	8043faa4	804c3e33	P_Mode_roma_hira
csAsciiVisiblePanesNL__Q39textinput8keyboard6pctype	32	8043faa4	804c3e44	P_Mode_roma_kata
csAsciiVisiblePanesNL__Q39textinput8keyboard6pctype	33	8043faa4	804c3e55	N_KeyChange_JP
csAsciiVisiblePanesNL__Q39textinput8keyboard6pctype	34	8043faa4	804c3e64	W_JP_Chng_ABC
csAsciiVisiblePanesNL__Q39textinput8keyboard6pctype	35	8043faa4	804c3e72	W_JP_Chng_KANA
csAsciiVisiblePanesNL__Q39textinput8keyboard6pctype	36	8043faa4	804c3e81	W_JP_Chng_sign
csAsciiVisiblePanesNL__Q39textinput8keyboard6pctype	37	8043faa4	804c3e90	T_JP_Chng_ABC
csAsciiVisiblePanesNL__Q39textinput8keyboard6pctype	38	8043faa4	804c3e9e	T_JP_Chng_KANA
csAsciiVisiblePanesNL__Q39textinput8keyboard6pctype	39	8043faa4	804c3ead	T_JP_Chng_sign
csAsciiVisiblePanesNL__Q39textinput8keyboard6pctype	40	8043faa4	804c3f75	P_SHIFTMark
csAsciiVisiblePanesNL__Q39textinput8keyboard6pctype	41	8043faa4	804c3f81	P_CAPSMark
csAsciiVisiblePanesNL__Q39textinput8keyboard6pctype	42	8043faa4	0	
csAsciiVisiblePanesNL__Q39textinput8keyboard6pctype	43	8043faa4	0	
csAsciiVisiblePanesNL__Q39textinput8keyboard6pctype	44	8043faa4	0	
csAsciiVisiblePanesNL__Q39textinput8keyboard6pctype	45	8043faa4	0	
csAsciiVisiblePanesNL__Q39textinput8keyboard6pctype	46	8043faa4	0	
csAsciiVisiblePanesNL__Q39textinput8keyboard6pctype	47	8043faa4	0	
csAsciiVisiblePanesNL__Q39textinput8keyboard6pctype	48	8043faa4	0	
sentinelokstr	0	80442c20	805ffdb0	BAD
sentinelokstr	1	80442c20	805ffdb4	ok
sentinelokstr	2	80442c20	805ffdb7	-
Gouraud_FieldNames	0	80442d00	80442ce0	Parameters
Gouraud_FieldNames	1	80442d00	80442ceb	MVMatrix
Gouraud_FieldNames	2	80442d00	80442cf4	Coordinates
Gouraud_FieldNames	3	80442d00	805fbee0	Colours
Gouraud_FieldNames	4	80442d00	805fbee8	State
Gouraud_FieldNames	5	80442d00	0	
GouraudApt_FieldNames	0	80442dd8	80442d78	Parameters
GouraudApt_FieldNames	1	80442dd8	80442d83	MVMatrix
GouraudApt_FieldNames	2	80442dd8	80442d8c	ScaleMatrix
GouraudApt_FieldNames	3	80442dd8	805fbef8	State
GouraudApt_FieldNames	4	80442dd8	80442d98	Coordinates
GouraudApt_FieldNames	5	80442dd8	80442da4	ColourModulator
GouraudApt_FieldNames	6	80442dd8	80442db4	ColourTranslate
GouraudApt_FieldNames	7	80442dd8	80442dc4	MatDiffuseColour
GouraudApt_FieldNames	8	80442dd8	0	
PlaygroundAnimatedTexture_FieldNames	0	80442eb8	80442e70	Parameters
PlaygroundAnimatedTexture_FieldNames	1	80442eb8	80442e7b	MVMatrix
PlaygroundAnimatedTexture_FieldNames	2	80442eb8	80442e84	Coordinates
PlaygroundAnimatedTexture_FieldNames	3	80442eb8	805fbf00	Colours
PlaygroundAnimatedTexture_FieldNames	4	80442eb8	805fbf08	UVs
PlaygroundAnimatedTexture_FieldNames	5	80442eb8	80442e90	textureMatrixPalette
PlaygroundAnimatedTexture_FieldNames	6	80442eb8	805fbf0c	Texture
PlaygroundAnimatedTexture_FieldNames	7	80442eb8	80442ea5	AlphaScaleValue
PlaygroundAnimatedTexture_FieldNames	8	80442eb8	805fbf14	State
PlaygroundAnimatedTexture_FieldNames	9	80442eb8	0	
PlaygroundCharFaceToonShade_HWSkin_FieldNames	0	80442fd8	80442f68	Parameters
PlaygroundCharFaceToonShade_HWSkin_FieldNames	1	80442fd8	80442f73	PalletMatrixPtr
PlaygroundCharFaceToonShade_HWSkin_FieldNames	2	80442fd8	805fbf20	Weights
PlaygroundCharFaceToonShade_HWSkin_FieldNames	3	80442fd8	80442f83	MVMatrix
PlaygroundCharFaceToonShade_HWSkin_FieldNames	4	80442fd8	80442f8c	ViewMatrix
PlaygroundCharFaceToonShade_HWSkin_FieldNames	5	80442fd8	80442f97	Coordinates
PlaygroundCharFaceToonShade_HWSkin_FieldNames	6	80442fd8	805fbf28	Normals
PlaygroundCharFaceToonShade_HWSkin_FieldNames	7	80442fd8	805fbf30	UVs
PlaygroundCharFaceToonShade_HWSkin_FieldNames	8	80442fd8	805fbf34	Texture
PlaygroundCharFaceToonShade_HWSkin_FieldNames	9	80442fd8	80442fa3	SpecularMap
PlaygroundCharFaceToonShade_HWSkin_FieldNames	10	80442fd8	80442faf	LightBlock
PlaygroundCharFaceToonShade_HWSkin_FieldNames	11	80442fd8	80442fba	AlphaScaleValue
PlaygroundCharFaceToonShade_HWSkin_FieldNames	12	80442fd8	80442fca	CullEnabled
PlaygroundCharFaceToonShade_HWSkin_FieldNames	13	80442fd8	805fbf3c	State
PlaygroundCharFaceToonShade_HWSkin_FieldNames	14	80442fd8	0	
PlaygroundCompressPlaceableShadow_HWSkin_FieldNames	0	80443100	804430c8	PalletMatrixPtr
PlaygroundCompressPlaceableShadow_HWSkin_FieldNames	1	80443100	805fbf48	Weights
PlaygroundCompressPlaceableShadow_HWSkin_FieldNames	2	80443100	804430d8	MVMatrix
PlaygroundCompressPlaceableShadow_HWSkin_FieldNames	3	80443100	804430e1	Coordinates
PlaygroundCompressPlaceableShadow_HWSkin_FieldNames	4	80443100	805fbf50	Colours
PlaygroundCompressPlaceableShadow_HWSkin_FieldNames	5	80443100	804430ed	AlphaScaleValue
PlaygroundCompressPlaceableShadow_HWSkin_FieldNames	6	80443100	805fbf58	State
PlaygroundCompressPlaceableShadow_HWSkin_FieldNames	7	80443100	0	
PlaygroundCompressShadow_HWSkin_FieldNames	0	804431f8	804431c0	PalletMatrixPtr
PlaygroundCompressShadow_HWSkin_FieldNames	1	804431f8	805fbf60	Weights
PlaygroundCompressShadow_HWSkin_FieldNames	2	804431f8	804431d0	MVMatrix
PlaygroundCompressShadow_HWSkin_FieldNames	3	804431f8	804431d9	Coordinates
PlaygroundCompressShadow_HWSkin_FieldNames	4	804431f8	805fbf68	Colours
PlaygroundCompressShadow_HWSkin_FieldNames	5	804431f8	804431e5	AlphaScaleValue
PlaygroundCompressShadow_HWSkin_FieldNames	6	804431f8	805fbf70	State
PlaygroundCompressShadow_HWSkin_FieldNames	7	804431f8	0	
PlaygroundCompressToonShade_HWSkin_FieldNames	0	80443324	804432a8	Parameters
PlaygroundCompressToonShade_HWSkin_FieldNames	1	80443324	804432b3	PalletMatrixPtr
PlaygroundCompressToonShade_HWSkin_FieldNames	2	80443324	805fbf78	Weights
PlaygroundCompressToonShade_HWSkin_FieldNames	3	80443324	804432c3	ScaleMatrix
PlaygroundCompressToonShade_HWSkin_FieldNames	4	80443324	804432cf	MVMatrix
PlaygroundCompressToonShade_HWSkin_FieldNames	5	80443324	804432d8	ViewMatrix
PlaygroundCompressToonShade_HWSkin_FieldNames	6	80443324	804432e3	Coordinates
PlaygroundCompressToonShade_HWSkin_FieldNames	7	80443324	805fbf80	Normals
PlaygroundCompressToonShade_HWSkin_FieldNames	8	80443324	805fbf88	UVs
PlaygroundCompressToonShade_HWSkin_FieldNames	9	80443324	805fbf8c	Texture
PlaygroundCompressToonShade_HWSkin_FieldNames	10	80443324	804432ef	SpecularMap
PlaygroundCompressToonShade_HWSkin_FieldNames	11	80443324	804432fb	LightBlock
PlaygroundCompressToonShade_HWSkin_FieldNames	12	80443324	80443306	AlphaScaleValue
PlaygroundCompressToonShade_HWSkin_FieldNames	13	80443324	80443316	CullEnabled
PlaygroundCompressToonShade_HWSkin_FieldNames	14	80443324	805fbf94	State
PlaygroundCompressToonShade_HWSkin_FieldNames	15	80443324	0	
PlaygroundLitPlaceable_HWSkin_FieldNames	0	80443484	80443420	Parameters
PlaygroundLitPlaceable_HWSkin_FieldNames	1	80443484	8044342b	PalletMatrixPtr
PlaygroundLitPlaceable_HWSkin_FieldNames	2	80443484	805fbfa0	Weights
PlaygroundLitPlaceable_HWSkin_FieldNames	3	80443484	8044343b	MVMatrix
PlaygroundLitPlaceable_HWSkin_FieldNames	4	80443484	80443444	ViewMatrix
PlaygroundLitPlaceable_HWSkin_FieldNames	5	80443484	8044344f	Coordinates
PlaygroundLitPlaceable_HWSkin_FieldNames	6	80443484	805fbfa8	Normals
PlaygroundLitPlaceable_HWSkin_FieldNames	7	80443484	805fbfb0	UVs
PlaygroundLitPlaceable_HWSkin_FieldNames	8	80443484	805fbfb4	Texture
PlaygroundLitPlaceable_HWSkin_FieldNames	9	80443484	8044345b	SpecularMap
PlaygroundLitPlaceable_HWSkin_FieldNames	10	80443484	80443467	LightBlock
PlaygroundLitPlaceable_HWSkin_FieldNames	11	80443484	80443472	AlphaScaleValue
PlaygroundLitPlaceable_HWSkin_FieldNames	12	80443484	805fbfbc	State
PlaygroundLitPlaceable_HWSkin_FieldNames	13	80443484	0	
PlaygroundShadow_FieldNames	0	80443598	80443568	Parameters
PlaygroundShadow_FieldNames	1	80443598	80443573	MVMatrix
PlaygroundShadow_FieldNames	2	80443598	8044357c	Coordinates
PlaygroundShadow_FieldNames	3	80443598	805fbfc8	Colours
PlaygroundShadow_FieldNames	4	80443598	80443588	AlphaScaleValue
PlaygroundShadow_FieldNames	5	80443598	805fbfd0	State
PlaygroundShadow_FieldNames	6	80443598	0	
PlaygroundShadow_HWSkin_FieldNames	0	80443660	80443628	PalletMatrixPtr
PlaygroundShadow_HWSkin_FieldNames	1	80443660	805fbfd8	Weights
PlaygroundShadow_HWSkin_FieldNames	2	80443660	80443638	MVMatrix
PlaygroundShadow_HWSkin_FieldNames	3	80443660	80443641	Coordinates
PlaygroundShadow_HWSkin_FieldNames	4	80443660	805fbfe0	Colours
PlaygroundShadow_HWSkin_FieldNames	5	80443660	8044364d	AlphaScaleValue
PlaygroundShadow_HWSkin_FieldNames	6	80443660	805fbfe8	State
PlaygroundShadow_HWSkin_FieldNames	7	80443660	0	
PlaygroundTexture_FieldNames	0	8044374c	80443708	Parameters
PlaygroundTexture_FieldNames	1	8044374c	80443713	MVMatrix
PlaygroundTexture_FieldNames	2	8044374c	8044371c	Coordinates
PlaygroundTexture_FieldNames	3	8044374c	805fbff0	Colours
PlaygroundTexture_FieldNames	4	8044374c	805fbff8	UVs
PlaygroundTexture_FieldNames	5	8044374c	805fbffc	Texture
PlaygroundTexture_FieldNames	6	8044374c	80443728	AlphaScaleValue
PlaygroundTexture_FieldNames	7	8044374c	80443738	IsBackFaceCulled
PlaygroundTexture_FieldNames	8	8044374c	805fc004	State
PlaygroundTexture_FieldNames	9	8044374c	0	
PlaygroundTextureAlphaDXT_FieldNames	0	80443844	804437f8	Parameters
PlaygroundTextureAlphaDXT_FieldNames	1	80443844	80443803	MVMatrix
PlaygroundTextureAlphaDXT_FieldNames	2	80443844	8044380c	Coordinates
PlaygroundTextureAlphaDXT_FieldNames	3	80443844	805fc010	Colours
PlaygroundTextureAlphaDXT_FieldNames	4	80443844	805fc018	UVs
PlaygroundTextureAlphaDXT_FieldNames	5	80443844	805fc01c	Texture
PlaygroundTextureAlphaDXT_FieldNames	6	80443844	80443818	Texture1
PlaygroundTextureAlphaDXT_FieldNames	7	80443844	80443821	AlphaScaleValue
PlaygroundTextureAlphaDXT_FieldNames	8	80443844	80443831	IsBackFaceCulled
PlaygroundTextureAlphaDXT_FieldNames	9	80443844	805fc024	State
PlaygroundTextureAlphaDXT_FieldNames	10	80443844	0	
PlaygroundTextureAlphaDXTBase_FieldNames	0	80443954	80443900	Parameters
PlaygroundTextureAlphaDXTBase_FieldNames	1	80443954	8044390b	MVMatrix
PlaygroundTextureAlphaDXTBase_FieldNames	2	80443954	80443914	Coordinates
PlaygroundTextureAlphaDXTBase_FieldNames	3	80443954	805fc030	Colours
PlaygroundTextureAlphaDXTBase_FieldNames	4	80443954	805fc038	UVs
PlaygroundTextureAlphaDXTBase_FieldNames	5	80443954	805fc03c	UVs1
PlaygroundTextureAlphaDXTBase_FieldNames	6	80443954	805fc041	Texture
PlaygroundTextureAlphaDXTBase_FieldNames	7	80443954	80443920	Texture1
PlaygroundTextureAlphaDXTBase_FieldNames	8	80443954	80443929	Texture2
PlaygroundTextureAlphaDXTBase_FieldNames	9	80443954	80443932	AlphaScaleValue
PlaygroundTextureAlphaDXTBase_FieldNames	10	80443954	80443942	IsBackFaceCulled
PlaygroundTextureAlphaDXTBase_FieldNames	11	80443954	805fc049	State
PlaygroundTextureAlphaDXTBase_FieldNames	12	80443954	0	
PlaygroundTextureAlphaDXTBaseShadow_FieldNames	0	80443aa8	80443a20	Parameters
PlaygroundTextureAlphaDXTBaseShadow_FieldNames	1	80443aa8	80443a2b	MVMatrix
PlaygroundTextureAlphaDXTBaseShadow_FieldNames	2	80443aa8	805fc058	MMatrix
PlaygroundTextureAlphaDXTBaseShadow_FieldNames	3	80443aa8	80443a34	Coordinates
PlaygroundTextureAlphaDXTBaseShadow_FieldNames	4	80443aa8	805fc060	Colours
PlaygroundTextureAlphaDXTBaseShadow_FieldNames	5	80443aa8	805fc068	UVs
PlaygroundTextureAlphaDXTBaseShadow_FieldNames	6	80443aa8	805fc06c	UVs1
PlaygroundTextureAlphaDXTBaseShadow_FieldNames	7	80443aa8	805fc071	Texture
PlaygroundTextureAlphaDXTBaseShadow_FieldNames	8	80443aa8	80443a40	Texture1
PlaygroundTextureAlphaDXTBaseShadow_FieldNames	9	80443aa8	80443a49	Texture2
PlaygroundTextureAlphaDXTBaseShadow_FieldNames	10	80443aa8	80443a52	Texture3
PlaygroundTextureAlphaDXTBaseShadow_FieldNames	11	80443aa8	80443a5b	ShadowProjection
PlaygroundTextureAlphaDXTBaseShadow_FieldNames	12	80443aa8	80443a6c	ShadowView
PlaygroundTextureAlphaDXTBaseShadow_FieldNames	13	80443aa8	80443a77	ShadowColour
PlaygroundTextureAlphaDXTBaseShadow_FieldNames	14	80443aa8	80443a84	AlphaScaleValue
PlaygroundTextureAlphaDXTBaseShadow_FieldNames	15	80443aa8	80443a94	IsBackFaceCulled
PlaygroundTextureAlphaDXTBaseShadow_FieldNames	16	80443aa8	805fc079	State
PlaygroundTextureAlphaDXTBaseShadow_FieldNames	17	80443aa8	0	
PlaygroundTextureAlphaDXTShadow_FieldNames	0	80443c2c	80443bb0	Parameters
PlaygroundTextureAlphaDXTShadow_FieldNames	1	80443c2c	80443bbb	MVMatrix
PlaygroundTextureAlphaDXTShadow_FieldNames	2	80443c2c	805fc080	MMatrix
PlaygroundTextureAlphaDXTShadow_FieldNames	3	80443c2c	80443bc4	Coordinates
PlaygroundTextureAlphaDXTShadow_FieldNames	4	80443c2c	805fc088	Colours
PlaygroundTextureAlphaDXTShadow_FieldNames	5	80443c2c	805fc090	UVs
PlaygroundTextureAlphaDXTShadow_FieldNames	6	80443c2c	805fc094	Texture
PlaygroundTextureAlphaDXTShadow_FieldNames	7	80443c2c	80443bd0	Texture1
PlaygroundTextureAlphaDXTShadow_FieldNames	8	80443c2c	80443bd9	Texture2
PlaygroundTextureAlphaDXTShadow_FieldNames	9	80443c2c	80443be2	ShadowProjection
PlaygroundTextureAlphaDXTShadow_FieldNames	10	80443c2c	80443bf3	ShadowView
PlaygroundTextureAlphaDXTShadow_FieldNames	11	80443c2c	80443bfe	ShadowColour
PlaygroundTextureAlphaDXTShadow_FieldNames	12	80443c2c	80443c0b	AlphaScaleValue
PlaygroundTextureAlphaDXTShadow_FieldNames	13	80443c2c	80443c1b	IsBackFaceCulled
PlaygroundTextureAlphaDXTShadow_FieldNames	14	80443c2c	805fc09c	State
PlaygroundTextureAlphaDXTShadow_FieldNames	15	80443c2c	0	
PlaygroundTextureBakedLight_FieldNames	0	80443d40	80443d10	Parameters
PlaygroundTextureBakedLight_FieldNames	1	80443d40	80443d1b	MVMatrix
PlaygroundTextureBakedLight_FieldNames	2	80443d40	80443d24	Coordinates
PlaygroundTextureBakedLight_FieldNames	3	80443d40	805fc0b0	Colours
PlaygroundTextureBakedLight_FieldNames	4	80443d40	805fc0b8	UVs
PlaygroundTextureBakedLight_FieldNames	5	80443d40	805fc0bc	Texture
PlaygroundTextureBakedLight_FieldNames	6	80443d40	80443d30	AlphaScaleValue
PlaygroundTextureBakedLight_FieldNames	7	80443d40	805fc0c4	State
PlaygroundTextureBakedLight_FieldNames	8	80443d40	0	
PlaygroundTextureBakedLightShadow_FieldNames	0	80443e4c	80443de8	Parameters
PlaygroundTextureBakedLightShadow_FieldNames	1	80443e4c	80443df3	MVMatrix
PlaygroundTextureBakedLightShadow_FieldNames	2	80443e4c	805fc0d0	MMatrix
PlaygroundTextureBakedLightShadow_FieldNames	3	80443e4c	80443dfc	Coordinates
PlaygroundTextureBakedLightShadow_FieldNames	4	80443e4c	805fc0d8	Colours
PlaygroundTextureBakedLightShadow_FieldNames	5	80443e4c	805fc0e0	UVs
PlaygroundTextureBakedLightShadow_FieldNames	6	80443e4c	805fc0e4	Texture
PlaygroundTextureBakedLightShadow_FieldNames	7	80443e4c	80443e08	Texture1
PlaygroundTextureBakedLightShadow_FieldNames	8	80443e4c	80443e11	ShadowProjection
PlaygroundTextureBakedLightShadow_FieldNames	9	80443e4c	80443e22	ShadowView
PlaygroundTextureBakedLightShadow_FieldNames	10	80443e4c	80443e2d	ShadowColour
PlaygroundTextureBakedLightShadow_FieldNames	11	80443e4c	80443e3a	AlphaScaleValue
PlaygroundTextureBakedLightShadow_FieldNames	12	80443e4c	805fc0ec	State
PlaygroundTextureBakedLightShadow_FieldNames	13	80443e4c	0	
PlaygroundTextureBakedLightShadowDouble_FieldNames	0	80443f8c	80443f28	Parameters
PlaygroundTextureBakedLightShadowDouble_FieldNames	1	80443f8c	80443f33	MVMatrix
PlaygroundTextureBakedLightShadowDouble_FieldNames	2	80443f8c	805fc0f8	MMatrix
PlaygroundTextureBakedLightShadowDouble_FieldNames	3	80443f8c	80443f3c	Coordinates
PlaygroundTextureBakedLightShadowDouble_FieldNames	4	80443f8c	805fc100	Colours
PlaygroundTextureBakedLightShadowDouble_FieldNames	5	80443f8c	805fc108	UVs
PlaygroundTextureBakedLightShadowDouble_FieldNames	6	80443f8c	805fc10c	Texture
PlaygroundTextureBakedLightShadowDouble_FieldNames	7	80443f8c	80443f48	Texture1
PlaygroundTextureBakedLightShadowDouble_FieldNames	8	80443f8c	80443f51	ShadowProjection
PlaygroundTextureBakedLightShadowDouble_FieldNames	9	80443f8c	80443f62	ShadowView
PlaygroundTextureBakedLightShadowDouble_FieldNames	10	80443f8c	80443f6d	ShadowColour
PlaygroundTextureBakedLightShadowDouble_FieldNames	11	80443f8c	80443f7a	AlphaScaleValue
PlaygroundTextureBakedLightShadowDouble_FieldNames	12	80443f8c	805fc114	State
PlaygroundTextureBakedLightShadowDouble_FieldNames	13	80443f8c	0	
PlaygroundTextureShadow_FieldNames	0	804440dc	80444068	Parameters
PlaygroundTextureShadow_FieldNames	1	804440dc	80444073	MVMatrix
PlaygroundTextureShadow_FieldNames	2	804440dc	805fc120	MMatrix
PlaygroundTextureShadow_FieldNames	3	804440dc	8044407c	Coordinates
PlaygroundTextureShadow_FieldNames	4	804440dc	805fc128	Colours
PlaygroundTextureShadow_FieldNames	5	804440dc	805fc130	UVs
PlaygroundTextureShadow_FieldNames	6	804440dc	805fc134	Texture
PlaygroundTextureShadow_FieldNames	7	804440dc	80444088	Texture1
PlaygroundTextureShadow_FieldNames	8	804440dc	80444091	ShadowProjection
PlaygroundTextureShadow_FieldNames	9	804440dc	804440a2	ShadowView
PlaygroundTextureShadow_FieldNames	10	804440dc	804440ad	ShadowColour
PlaygroundTextureShadow_FieldNames	11	804440dc	804440ba	AlphaScaleValue
PlaygroundTextureShadow_FieldNames	12	804440dc	804440ca	IsBackFaceCulled
PlaygroundTextureShadow_FieldNames	13	804440dc	805fc13c	State
PlaygroundTextureShadow_FieldNames	14	804440dc	0	
PlaygroundTextureStaticShadow_FieldNames	0	8044422c	804441b0	Parameters
PlaygroundTextureStaticShadow_FieldNames	1	8044422c	804441bb	MVMatrix
PlaygroundTextureStaticShadow_FieldNames	2	8044422c	805fc148	MMatrix
PlaygroundTextureStaticShadow_FieldNames	3	8044422c	804441c4	Coordinates
PlaygroundTextureStaticShadow_FieldNames	4	8044422c	805fc150	Colours
PlaygroundTextureStaticShadow_FieldNames	5	8044422c	805fc158	UVs
PlaygroundTextureStaticShadow_FieldNames	6	8044422c	805fc15c	UVs1
PlaygroundTextureStaticShadow_FieldNames	7	8044422c	805fc161	Texture
PlaygroundTextureStaticShadow_FieldNames	8	8044422c	804441d0	Texture1
PlaygroundTextureStaticShadow_FieldNames	9	8044422c	804441d9	Texture2
PlaygroundTextureStaticShadow_FieldNames	10	8044422c	804441e2	ShadowProjection
PlaygroundTextureStaticShadow_FieldNames	11	8044422c	804441f3	ShadowView
PlaygroundTextureStaticShadow_FieldNames	12	8044422c	804441fe	ShadowColour
PlaygroundTextureStaticShadow_FieldNames	13	8044422c	8044420b	AlphaScaleValue
PlaygroundTextureStaticShadow_FieldNames	14	8044422c	8044421b	IsBackFaceCulled
PlaygroundTextureStaticShadow_FieldNames	15	8044422c	805fc169	State
PlaygroundTextureStaticShadow_FieldNames	16	8044422c	0	
PlaygroundTexture_HWSkin_FieldNames	0	80444350	80444318	PalletMatrixPtr
PlaygroundTexture_HWSkin_FieldNames	1	80444350	805fc178	Weights
PlaygroundTexture_HWSkin_FieldNames	2	80444350	80444328	MVMatrix
PlaygroundTexture_HWSkin_FieldNames	3	80444350	80444331	Coordinates
PlaygroundTexture_HWSkin_FieldNames	4	80444350	805fc180	Colours
PlaygroundTexture_HWSkin_FieldNames	5	80444350	805fc188	UVs
PlaygroundTexture_HWSkin_FieldNames	6	80444350	805fc18c	Texture
PlaygroundTexture_HWSkin_FieldNames	7	80444350	8044433d	AlphaScaleValue
PlaygroundTexture_HWSkin_FieldNames	8	80444350	805fc194	State
PlaygroundTexture_HWSkin_FieldNames	9	80444350	0	
PlaygroundToonShade_FieldNames	0	80444464	80444410	Parameters
PlaygroundToonShade_FieldNames	1	80444464	8044441b	MVMatrix
PlaygroundToonShade_FieldNames	2	80444464	80444424	ViewMatrix
PlaygroundToonShade_FieldNames	3	80444464	8044442f	Coordinates
PlaygroundToonShade_FieldNames	4	80444464	805fc1a0	Normals
PlaygroundToonShade_FieldNames	5	80444464	805fc1a8	UVs
PlaygroundToonShade_FieldNames	6	80444464	805fc1ac	Texture
PlaygroundToonShade_FieldNames	7	80444464	8044443b	SpecularMap
PlaygroundToonShade_FieldNames	8	80444464	80444447	LightBlock
PlaygroundToonShade_FieldNames	9	80444464	80444452	AlphaScaleValue
PlaygroundToonShade_FieldNames	10	80444464	805fc1b4	State
PlaygroundToonShade_FieldNames	11	80444464	0	
PlaygroundToonShade_HWSkin_FieldNames	0	80444584	80444520	Parameters
PlaygroundToonShade_HWSkin_FieldNames	1	80444584	8044452b	PalletMatrixPtr
PlaygroundToonShade_HWSkin_FieldNames	2	80444584	805fc1c0	Weights
PlaygroundToonShade_HWSkin_FieldNames	3	80444584	8044453b	MVMatrix
PlaygroundToonShade_HWSkin_FieldNames	4	80444584	80444544	ViewMatrix
PlaygroundToonShade_HWSkin_FieldNames	5	80444584	8044454f	Coordinates
PlaygroundToonShade_HWSkin_FieldNames	6	80444584	805fc1c8	Normals
PlaygroundToonShade_HWSkin_FieldNames	7	80444584	805fc1d0	UVs
PlaygroundToonShade_HWSkin_FieldNames	8	80444584	805fc1d4	Texture
PlaygroundToonShade_HWSkin_FieldNames	9	80444584	8044455b	SpecularMap
PlaygroundToonShade_HWSkin_FieldNames	10	80444584	80444567	LightBlock
PlaygroundToonShade_HWSkin_FieldNames	11	80444584	80444572	AlphaScaleValue
PlaygroundToonShade_HWSkin_FieldNames	12	80444584	805fc1dc	State
PlaygroundToonShade_HWSkin_FieldNames	13	80444584	0	
PlaygroundWater2_FieldNames	0	804446c8	80444668	Parameters
PlaygroundWater2_FieldNames	1	804446c8	80444673	MVMatrix
PlaygroundWater2_FieldNames	2	804446c8	805fc1e8	MMatrix
PlaygroundWater2_FieldNames	3	804446c8	8044467c	ViewMatrix
PlaygroundWater2_FieldNames	4	804446c8	80444687	Coordinates
PlaygroundWater2_FieldNames	5	804446c8	805fc1f0	Normals
PlaygroundWater2_FieldNames	6	804446c8	805fc1f8	Colours
PlaygroundWater2_FieldNames	7	804446c8	805fc200	UVs
PlaygroundWater2_FieldNames	8	804446c8	805fc204	Texture
PlaygroundWater2_FieldNames	9	804446c8	80444693	Texture1
PlaygroundWater2_FieldNames	10	804446c8	8044469c	TextureMatrix1
PlaygroundWater2_FieldNames	11	804446c8	804446ab	TextureMatrix2
PlaygroundWater2_FieldNames	12	804446c8	804446ba	LightBlock
PlaygroundWater2_FieldNames	13	804446c8	805fc20c	State
PlaygroundWater2_FieldNames	14	804446c8	0	
TextureApt_FieldNames	0	8044481c	804447a8	Parameters
TextureApt_FieldNames	1	8044481c	804447b3	MVMatrix
TextureApt_FieldNames	2	8044481c	804447bc	ScaleMatrix
TextureApt_FieldNames	3	8044481c	805fc218	State
TextureApt_FieldNames	4	8044481c	805fc21e	Texture
TextureApt_FieldNames	5	8044481c	804447c8	GeomName_TextureMatrix
TextureApt_FieldNames	6	8044481c	804447df	Coordinates
TextureApt_FieldNames	7	8044481c	804447eb	ColourModulator
TextureApt_FieldNames	8	8044481c	804447fb	ColourTranslate
TextureApt_FieldNames	9	8044481c	8044480b	MatDiffuseColour
TextureApt_FieldNames	10	8044481c	0	
_loc_tim_C	0	80444cf8	43000000	
_loc_tim_C	1	80444cf8	0	
_loc_tim_C	2	80444cf8	80602688	AM|PM
_loc_tim_C	3	80444cf8	8041dca0	%a %b %e %T %Y
_loc_tim_C	4	80444cf8	8041dcb0	%I:%M:%S %p
_loc_tim_C	5	80444cf8	8041dcbc	%m/%d/%y
_loc_tim_C	6	80444cf8	80602690	%T
_loc_tim_C	7	80444cf8	8041dcc8	Sun|Sunday|Mon|Monday|Tue|Tuesday|Wed|Wednesday|Thu|Thursday|Fri|Friday|Sat|Saturday
_loc_tim_C	8	80444cf8	8041dd20	Jan|January|Feb|February|Mar|March|Apr|April|May|May|Jun|June|Jul|July|Aug|August|Sep|September|Oct|October|Nov|November|Dec|December
_loc_tim_C	9	80444cf8	80602684	
USER_DIR_LIST	0	8045bc80	805fc580	/meta
USER_DIR_LIST	1	8045bc80	805fc588	/ticket
USER_DIR_LIST	2	8045bc80	8045bc00	/title/00010000
USER_DIR_LIST	3	8045bc80	8045bc10	/title/00010001
USER_DIR_LIST	4	8045bc80	8045bc20	/title/00010003
USER_DIR_LIST	5	8045bc80	8045bc30	/title/00010004
USER_DIR_LIST	6	8045bc80	8045bc40	/title/00010005
USER_DIR_LIST	7	8045bc80	8045bc50	/title/00010006
USER_DIR_LIST	8	8045bc80	8045bc60	/title/00010007
USER_DIR_LIST	9	8045bc80	8045bc70	/shared2/title
USER_DIR_LIST	10	8045bc80	0	
scCursorLytName__Q210homebutton10HomeButton	0	80462938	804628f8	P1_Def.brlyt
scCursorLytName__Q210homebutton10HomeButton	1	80462938	80462908	P2_Def.brlyt
scCursorLytName__Q210homebutton10HomeButton	2	80462938	80462918	P3_Def.brlyt
scCursorLytName__Q210homebutton10HomeButton	3	80462938	80462928	P4_Def.brlyt
scBtnName__Q210homebutton10HomeButton	0	804629a0	8046296c	B_btnL_00
scBtnName__Q210homebutton10HomeButton	1	804629a0	80462978	B_btnL_01
scBtnName__Q210homebutton10HomeButton	2	804629a0	80462984	B_btnL_10
scBtnName__Q210homebutton10HomeButton	3	804629a0	80462990	B_btnL_11
scTxtName__Q210homebutton10HomeButton	0	804629e0	804629b0	T_btnL_00
scTxtName__Q210homebutton10HomeButton	1	804629e0	804629bc	T_btnL_01
scTxtName__Q210homebutton10HomeButton	2	804629e0	804629c8	T_btnL_10
scTxtName__Q210homebutton10HomeButton	3	804629e0	804629d4	T_btnL_11
scGrName__Q210homebutton10HomeButton	0	80462a60	804629f0	btnL_00_inOut
scGrName__Q210homebutton10HomeButton	1	80462a60	80462a00	btnL_01_inOut
scGrName__Q210homebutton10HomeButton	2	80462a60	80462a10	btnL_10_inOut
scGrName__Q210homebutton10HomeButton	3	80462a60	80462a20	btnL_11_inOut
scGrName__Q210homebutton10HomeButton	4	80462a60	80462a30	btnL_00_psh
scGrName__Q210homebutton10HomeButton	5	80462a60	80462a3c	btnL_01_psh
scGrName__Q210homebutton10HomeButton	6	80462a60	80462a48	btnL_10_psh
scGrName__Q210homebutton10HomeButton	7	80462a60	80462a54	btnL_11_psh
scAnimName__Q210homebutton10HomeButton	0	80462abc	80462a80	_cntBtn_in.brlan
scAnimName__Q210homebutton10HomeButton	1	80462abc	80462a94	_cntBtn_psh.brlan
scAnimName__Q210homebutton10HomeButton	2	80462abc	80462aa8	_cntBtn_out.brlan
scPairGroupAnimName__Q210homebutton10HomeButton	0	80462c00	80462ac8	_ltrIcn_on.brlan
scPairGroupAnimName__Q210homebutton10HomeButton	1	80462c00	80462adc	_optn_bar_psh.brlan
scPairGroupAnimName__Q210homebutton10HomeButton	2	80462c00	80462af0	_close_bar_psh.brlan
scPairGroupAnimName__Q210homebutton10HomeButton	3	80462c00	80462b08	_hmMenu_bar_in.brlan
scPairGroupAnimName__Q210homebutton10HomeButton	4	80462c00	80462b20	_hmMenu_bar_psh.brlan
scPairGroupAnimName__Q210homebutton10HomeButton	5	80462c00	80462b38	_link_msg_in.brlan
scPairGroupAnimName__Q210homebutton10HomeButton	6	80462c00	80462b4c	_link_msg_out.brlan
scPairGroupAnimName__Q210homebutton10HomeButton	7	80462c00	80462b60	_cmn_msg_in.brlan
scPairGroupAnimName__Q210homebutton10HomeButton	8	80462c00	80462b74	_cmn_msg_out.brlan
scPairGroupAnimName__Q210homebutton10HomeButton	9	80462c00	80462b88	_cntrl_up.brlan
scPairGroupAnimName__Q210homebutton10HomeButton	10	80462c00	80462b98	_cntrl_wndw_opn.brlan
scPairGroupAnimName__Q210homebutton10HomeButton	11	80462c00	80462bb0	_cntrl_dwn.brlan
scPairGroupAnimName__Q210homebutton10HomeButton	12	80462c00	80462bc4	_hmMenu_bar_out.brlan
scPairGroupAnimName__Q210homebutton10HomeButton	13	80462c00	80462bdc	_cmn_msg_rtrn.brlan
scPairGroupAnimName__Q210homebutton10HomeButton	14	80462c00	80462bf0	_12btn_on.brlan
scPairGroupName__Q210homebutton10HomeButton	0	80462d10	80462c3c	ltrIcn_on
scPairGroupName__Q210homebutton10HomeButton	1	80462d10	80462c48	optn_bar_psh
scPairGroupName__Q210homebutton10HomeButton	2	80462d10	80462c58	close_bar_psh
scPairGroupName__Q210homebutton10HomeButton	3	80462d10	80462c68	hmMenu_bar_in
scPairGroupName__Q210homebutton10HomeButton	4	80462d10	80462c78	hmMenu_bar_psh
scPairGroupName__Q210homebutton10HomeButton	5	80462d10	80462c88	link_msg_in
scPairGroupName__Q210homebutton10HomeButton	6	80462d10	80462c94	link_msg_out
scPairGroupName__Q210homebutton10HomeButton	7	80462d10	80462ca4	cmn_msg_in
scPairGroupName__Q210homebutton10HomeButton	8	80462d10	80462cb0	cmn_msg_out
scPairGroupName__Q210homebutton10HomeButton	9	80462d10	80462cbc	cntrl_up
scPairGroupName__Q210homebutton10HomeButton	10	80462d10	80462cc8	cntrl_wndw_opn
scPairGroupName__Q210homebutton10HomeButton	11	80462d10	80462cd8	cntrl_dwn
scPairGroupName__Q210homebutton10HomeButton	12	80462d10	80462ce4	hmMenu_bar_out
scPairGroupName__Q210homebutton10HomeButton	13	80462d10	80462cf4	cmn_msg_rtrn
scPairGroupName__Q210homebutton10HomeButton	14	80462d10	80462d04	12btn_on
scGroupAnimName__Q210homebutton10HomeButton	0	80462f20	80462d4c	_hmMenu_strt.brlan
scGroupAnimName__Q210homebutton10HomeButton	1	80462f20	80462d60	_hmMenu_fnsh.brlan
scGroupAnimName__Q210homebutton10HomeButton	2	80462f20	80462d74	_optn_bar_in.brlan
scGroupAnimName__Q210homebutton10HomeButton	3	80462f20	80462d88	_optn_bar_out.brlan
scGroupAnimName__Q210homebutton10HomeButton	4	80462f20	80462d9c	_optn_btn_in.brlan
scGroupAnimName__Q210homebutton10HomeButton	5	80462f20	80462db0	_optn_btn_psh.brlan
scGroupAnimName__Q210homebutton10HomeButton	6	80462f20	80462dc4	_vb_btn_wht_psh.brlan
scGroupAnimName__Q210homebutton10HomeButton	7	80462f20	80462ddc	_optn_btn_out.brlan
scGroupAnimName__Q210homebutton10HomeButton	8	80462f20	80462df0	_vb_btn_ylw_psh.brlan
scGroupAnimName__Q210homebutton10HomeButton	9	80462f20	80462e08	_sound_gry.brlan
scGroupAnimName__Q210homebutton10HomeButton	10	80462f20	80462e1c	_sound_ylw.brlan
scGroupAnimName__Q210homebutton10HomeButton	11	80462f20	80462e30	_cmn_msg_btn_in.brlan
scGroupAnimName__Q210homebutton10HomeButton	12	80462f20	80462e48	_cmn_msg_btn_out.brlan
scGroupAnimName__Q210homebutton10HomeButton	13	80462f20	80462e60	_cmn_msg_btn_psh.brlan
scGroupAnimName__Q210homebutton10HomeButton	14	80462f20	80462e78	_vb_btn_ylw_ylw.brlan
scGroupAnimName__Q210homebutton10HomeButton	15	80462f20	80462e90	_btry_wink.brlan
scGroupAnimName__Q210homebutton10HomeButton	16	80462f20	80462ea8	_btry_gry.brlan
scGroupAnimName__Q210homebutton10HomeButton	17	80462f20	80462eb8	_btry_wht.brlan
scGroupAnimName__Q210homebutton10HomeButton	18	80462f20	80462ec8	_btry_wink_gry.brlan
scGroupAnimName__Q210homebutton10HomeButton	19	80462f20	80462ee0	_close_bar_in.brlan
scGroupAnimName__Q210homebutton10HomeButton	20	80462f20	80462ef4	_close_bar_out.brlan
scGroupAnimName__Q210homebutton10HomeButton	21	80462f20	80462f10	_btry_red.brlan
scGroupName__Q210homebutton10HomeButton	0	80463148	80462f78	hmMenu_strt
scGroupName__Q210homebutton10HomeButton	1	80463148	80462f84	hmMenu_fnsh
scGroupName__Q210homebutton10HomeButton	2	80463148	80462f90	hmMenuBck_strt
scGroupName__Q210homebutton10HomeButton	3	80463148	80462fa0	hmMenuBck_fnsh
scGroupName__Q210homebutton10HomeButton	4	80463148	80462fb0	optn_bar_in
scGroupName__Q210homebutton10HomeButton	5	80463148	80462fbc	optn_bar_out
scGroupName__Q210homebutton10HomeButton	6	80463148	80462fcc	optnBtn_00_inOut
scGroupName__Q210homebutton10HomeButton	7	80463148	80462fe0	optnBtn_01_inOut
scGroupName__Q210homebutton10HomeButton	8	80463148	80462ff4	optnBtn_10_inOut
scGroupName__Q210homebutton10HomeButton	9	80463148	80463008	optnBtn_11_inOut
scGroupName__Q210homebutton10HomeButton	10	80463148	8046301c	optnBtn_20_inOut
scGroupName__Q210homebutton10HomeButton	11	80463148	80463030	optnBtn_00_psh
scGroupName__Q210homebutton10HomeButton	12	80463148	80463040	optnBtn_01_psh
scGroupName__Q210homebutton10HomeButton	13	80463148	80463050	optnBtn_10_psh
scGroupName__Q210homebutton10HomeButton	14	80463148	80463060	optnBtn_11_psh
scGroupName__Q210homebutton10HomeButton	15	80463148	80463070	optnBtn_20_psh
scGroupName__Q210homebutton10HomeButton	16	80463148	80463080	optnBtn_10_cntrl
scGroupName__Q210homebutton10HomeButton	17	80463148	80463098	msgBtn_00_inOut
scGroupName__Q210homebutton10HomeButton	18	80463148	804630a8	msgBtn_01_inOut
scGroupName__Q210homebutton10HomeButton	19	80463148	804630b8	msgBtn_00_psh
scGroupName__Q210homebutton10HomeButton	20	80463148	804630c8	msgBtn_01_psh
scGroupName__Q210homebutton10HomeButton	21	80463148	804630d8	vol_00
scGroupName__Q210homebutton10HomeButton	22	80463148	804630e0	vol_01
scGroupName__Q210homebutton10HomeButton	23	80463148	804630e8	vol_02
scGroupName__Q210homebutton10HomeButton	24	80463148	804630f0	vol_03
scGroupName__Q210homebutton10HomeButton	25	80463148	804630f8	vol_04
scGroupName__Q210homebutton10HomeButton	26	80463148	80463100	vol_05
scGroupName__Q210homebutton10HomeButton	27	80463148	80463108	vol_06
scGroupName__Q210homebutton10HomeButton	28	80463148	80463110	vol_07
scGroupName__Q210homebutton10HomeButton	29	80463148	80463118	vol_08
scGroupName__Q210homebutton10HomeButton	30	80463148	80463120	vol_09
scGroupName__Q210homebutton10HomeButton	31	80463148	80463128	plyr_00
scGroupName__Q210homebutton10HomeButton	32	80463148	80463130	plyr_01
scGroupName__Q210homebutton10HomeButton	33	80463148	80463138	plyr_02
scGroupName__Q210homebutton10HomeButton	34	80463148	80463140	plyr_03
scFuncPaneName__Q210homebutton10HomeButton	0	80463210	804631d4	let_icn_00
scFuncPaneName__Q210homebutton10HomeButton	1	80463210	804631e0	N_plyr_00
scFuncPaneName__Q210homebutton10HomeButton	2	80463210	804631ec	N_plyr_01
scFuncPaneName__Q210homebutton10HomeButton	3	80463210	804631f8	N_plyr_02
scFuncPaneName__Q210homebutton10HomeButton	4	80463210	80463204	N_plyr_03
scFuncTouchPaneName__Q210homebutton10HomeButton	0	804632a8	80463224	B_btn_00
scFuncTouchPaneName__Q210homebutton10HomeButton	1	804632a8	80463230	B_bar_10
scFuncTouchPaneName__Q210homebutton10HomeButton	2	804632a8	8046323c	B_optnBtn_00
scFuncTouchPaneName__Q210homebutton10HomeButton	3	804632a8	8046324c	B_optnBtn_01
scFuncTouchPaneName__Q210homebutton10HomeButton	4	804632a8	8046325c	B_optnBtn_10
scFuncTouchPaneName__Q210homebutton10HomeButton	5	804632a8	8046326c	B_optnBtn_11
scFuncTouchPaneName__Q210homebutton10HomeButton	6	804632a8	8046327c	B_optnBtn_20
scFuncTouchPaneName__Q210homebutton10HomeButton	7	804632a8	8046328c	B_BtnA
scFuncTouchPaneName__Q210homebutton10HomeButton	8	804632a8	80463294	B_BtnB
scFuncTouchPaneName__Q210homebutton10HomeButton	9	804632a8	8046329c	cntrl_00
scFuncTextPaneName__Q210homebutton10HomeButton	0	804632f4	804632d0	T_msg_00
scFuncTextPaneName__Q210homebutton10HomeButton	1	804632f4	804632dc	T_msg_01
scFuncTextPaneName__Q210homebutton10HomeButton	2	804632f4	804632e8	T_Dialog
scBatteryPaneName__Q210homebutton10HomeButton	0	80463400	80463300	btryPwr_00_0
scBatteryPaneName__Q210homebutton10HomeButton	1	80463400	80463310	btryPwr_00_1
scBatteryPaneName__Q210homebutton10HomeButton	2	80463400	80463320	btryPwr_00_2
scBatteryPaneName__Q210homebutton10HomeButton	3	80463400	80463330	btryPwr_00_3
scBatteryPaneName__Q210homebutton10HomeButton	4	80463400	80463340	btryPwr_01_0
scBatteryPaneName__Q210homebutton10HomeButton	5	80463400	80463350	btryPwr_01_1
scBatteryPaneName__Q210homebutton10HomeButton	6	80463400	80463360	btryPwr_01_2
scBatteryPaneName__Q210homebutton10HomeButton	7	80463400	80463370	btryPwr_01_3
scBatteryPaneName__Q210homebutton10HomeButton	8	80463400	80463380	btryPwr_02_0
scBatteryPaneName__Q210homebutton10HomeButton	9	80463400	80463390	btryPwr_02_1
scBatteryPaneName__Q210homebutton10HomeButton	10	80463400	804633a0	btryPwr_02_2
scBatteryPaneName__Q210homebutton10HomeButton	11	80463400	804633b0	btryPwr_02_3
scBatteryPaneName__Q210homebutton10HomeButton	12	80463400	804633c0	btryPwr_03_0
scBatteryPaneName__Q210homebutton10HomeButton	13	80463400	804633d0	btryPwr_03_1
scBatteryPaneName__Q210homebutton10HomeButton	14	80463400	804633e0	btryPwr_03_2
scBatteryPaneName__Q210homebutton10HomeButton	15	80463400	804633f0	btryPwr_03_3
hkComponentStrings	0	804835b8	8042e3a0	Constraint Solver
hkComponentStrings	1	804835b8	8042e3b4	Ragdoll Technology
hkComponentStrings	2	804835b8	8042e3c8	Vehicles
hkComponentStrings	3	804835b8	8042e3d4	Continuous Physics
hkComponentStrings	4	804835b8	8042e3e8	MOPP(tm) Mesh Compressor
hkComponentStrings	5	804835b8	8042e404	Behavior
scPaneName__Q39textinput6extend4memo	0	804bca44	804bca08	N_Header
scPaneName__Q39textinput6extend4memo	1	804bca44	805fddd8	N_Body
scPaneName__Q39textinput6extend4memo	2	804bca44	805fdddf	B_Body
scPaneName__Q39textinput6extend4memo	3	804bca44	804bca11	N_Footer
scPaneName__Q39textinput6extend4memo	4	804bca44	805fdde6	Nigaoe
scPaneName__Q39textinput6extend4memo	5	804bca44	804bca1a	T_Nigaoe
scPaneName__Q39textinput6extend4memo	6	804bca44	804bca23	B_Nigaoe
scPaneName__Q39textinput6extend4memo	7	804bca44	804bca2c	T_Letter
scPaneName__Q39textinput6extend4memo	8	804bca44	804bca35	T_TouchLetter
csGroupName__Q39textinput6extend4memo	0	804bcb00	804bca9a	G_ArwRoop
csGroupName__Q39textinput6extend4memo	1	804bcb00	804bcaa4	G_ArwR_Focus
csGroupName__Q39textinput6extend4memo	2	804bcb00	804bcab1	G_ArwL_Focus
csGroupName__Q39textinput6extend4memo	3	804bcb00	804bcabe	G_ArwR_Ac
csGroupName__Q39textinput6extend4memo	4	804bcb00	804bcac8	G_ArwL_Ac
csGroupName__Q39textinput6extend4memo	5	804bcb00	804bcad2	G_ArwL_End
csGroupName__Q39textinput6extend4memo	6	804bcb00	804bcadd	G_ArwR_End
csGroupName__Q39textinput6extend4memo	7	804bcb00	804bcae8	G_ArwL_HDAc
csGroupName__Q39textinput6extend4memo	8	804bcb00	804bcaf4	G_ArwR_HDAc
szcTextBoxPaneName__Q29textinput12candidatebox	0	804bd48c	804bd360	T_prdc_Text_00
szcTextBoxPaneName__Q29textinput12candidatebox	1	804bd48c	804bd36f	T_prdc_Text_01
szcTextBoxPaneName__Q29textinput12candidatebox	2	804bd48c	804bd37e	T_prdc_Text_02
szcTextBoxPaneName__Q29textinput12candidatebox	3	804bd48c	804bd38d	T_prdc_Text_03
szcTextBoxPaneName__Q29textinput12candidatebox	4	804bd48c	804bd39c	T_prdc_Text_04
szcTextBoxPaneName__Q29textinput12candidatebox	5	804bd48c	804bd3ab	T_prdc_Text_05
szcTextBoxPaneName__Q29textinput12candidatebox	6	804bd48c	804bd3ba	T_prdc_Text_06
szcTextBoxPaneName__Q29textinput12candidatebox	7	804bd48c	804bd3c9	T_prdc_Text_07
szcTextBoxPaneName__Q29textinput12candidatebox	8	804bd48c	804bd3d8	T_prdc_Text_08
szcTextBoxPaneName__Q29textinput12candidatebox	9	804bd48c	804bd3e7	T_prdc_Text_09
szcTextBoxPaneName__Q29textinput12candidatebox	10	804bd48c	804bd3f6	T_prdc_Text_10
szcTextBoxPaneName__Q29textinput12candidatebox	11	804bd48c	804bd405	T_prdc_Text_11
szcTextBoxPaneName__Q29textinput12candidatebox	12	804bd48c	804bd414	T_prdc_Text_12
szcTextBoxPaneName__Q29textinput12candidatebox	13	804bd48c	804bd423	T_prdc_Text_13
szcTextBoxPaneName__Q29textinput12candidatebox	14	804bd48c	804bd432	T_prdc_Text_14
szcTextBoxPaneName__Q29textinput12candidatebox	15	804bd48c	804bd441	T_prdc_Text_15
szcTextBoxPaneName__Q29textinput12candidatebox	16	804bd48c	804bd450	T_prdc_Text_16
szcTextBoxPaneName__Q29textinput12candidatebox	17	804bd48c	804bd45f	T_prdc_Text_17
szcTextBoxPaneName__Q29textinput12candidatebox	18	804bd48c	804bd46e	T_prdc_Text_18
szcTextBoxPaneName__Q29textinput12candidatebox	19	804bd48c	804bd47d	T_prdc_Text_19
szcBoundingBoxPaneName__Q29textinput12candidatebox	0	804bd608	804bd4dc	B_prdc_Text_00
szcBoundingBoxPaneName__Q29textinput12candidatebox	1	804bd608	804bd4eb	B_prdc_Text_01
szcBoundingBoxPaneName__Q29textinput12candidatebox	2	804bd608	804bd4fa	B_prdc_Text_02
szcBoundingBoxPaneName__Q29textinput12candidatebox	3	804bd608	804bd509	B_prdc_Text_03
szcBoundingBoxPaneName__Q29textinput12candidatebox	4	804bd608	804bd518	B_prdc_Text_04
szcBoundingBoxPaneName__Q29textinput12candidatebox	5	804bd608	804bd527	B_prdc_Text_05
szcBoundingBoxPaneName__Q29textinput12candidatebox	6	804bd608	804bd536	B_prdc_Text_06
szcBoundingBoxPaneName__Q29textinput12candidatebox	7	804bd608	804bd545	B_prdc_Text_07
szcBoundingBoxPaneName__Q29textinput12candidatebox	8	804bd608	804bd554	B_prdc_Text_08
szcBoundingBoxPaneName__Q29textinput12candidatebox	9	804bd608	804bd563	B_prdc_Text_09
szcBoundingBoxPaneName__Q29textinput12candidatebox	10	804bd608	804bd572	B_prdc_Text_10
szcBoundingBoxPaneName__Q29textinput12candidatebox	11	804bd608	804bd581	B_prdc_Text_11
szcBoundingBoxPaneName__Q29textinput12candidatebox	12	804bd608	804bd590	B_prdc_Text_12
szcBoundingBoxPaneName__Q29textinput12candidatebox	13	804bd608	804bd59f	B_prdc_Text_13
szcBoundingBoxPaneName__Q29textinput12candidatebox	14	804bd608	804bd5ae	B_prdc_Text_14
szcBoundingBoxPaneName__Q29textinput12candidatebox	15	804bd608	804bd5bd	B_prdc_Text_15
szcBoundingBoxPaneName__Q29textinput12candidatebox	16	804bd608	804bd5cc	B_prdc_Text_16
szcBoundingBoxPaneName__Q29textinput12candidatebox	17	804bd608	804bd5db	B_prdc_Text_17
szcBoundingBoxPaneName__Q29textinput12candidatebox	18	804bd608	804bd5ea	B_prdc_Text_18
szcBoundingBoxPaneName__Q29textinput12candidatebox	19	804bd608	804bd5f9	B_prdc_Text_19
csPaneNameNormalKey__Q39textinput8keyboard13cellphonetype	0	804bdb80	804bda44	B_CPkey_00
csPaneNameNormalKey__Q39textinput8keyboard13cellphonetype	1	804bdb80	804bda4f	B_CPkey_01
csPaneNameNormalKey__Q39textinput8keyboard13cellphonetype	2	804bdb80	804bda5a	B_CPkey_02
csPaneNameNormalKey__Q39textinput8keyboard13cellphonetype	3	804bdb80	804bda65	B_CPkey_03
csPaneNameNormalKey__Q39textinput8keyboard13cellphonetype	4	804bdb80	804bda70	B_CPkey_04
csPaneNameNormalKey__Q39textinput8keyboard13cellphonetype	5	804bdb80	804bda7b	B_CPkey_05
csPaneNameNormalKey__Q39textinput8keyboard13cellphonetype	6	804bdb80	804bda86	B_CPkey_06
csPaneNameNormalKey__Q39textinput8keyboard13cellphonetype	7	804bdb80	804bda91	B_CPkey_07
csPaneNameNormalKey__Q39textinput8keyboard13cellphonetype	8	804bdb80	804bda9c	B_CPkey_08
csPaneNameNormalKey__Q39textinput8keyboard13cellphonetype	9	804bdb80	804bdaa7	B_CPkey_09
csPaneNameNormalKey__Q39textinput8keyboard13cellphonetype	10	804bdb80	804bdab2	B_CPkey_10
csPaneNameNormalKey__Q39textinput8keyboard13cellphonetype	11	804bdb80	804bdabd	B_CPkey_11
csPaneNameNormalKey__Q39textinput8keyboard13cellphonetype	12	804bdb80	804bdac8	B_CPkey_LF
csPaneNameNormalKey__Q39textinput8keyboard13cellphonetype	13	804bdb80	804bdad3	B_CPkey_DELETE
csPaneNameNormalKey__Q39textinput8keyboard13cellphonetype	14	804bdb80	804bdae2	B_othersBT_JP
csPaneNameNormalKey__Q39textinput8keyboard13cellphonetype	15	804bdb80	804bdaf0	B_othersBT_EU
csPaneNameNormalKey__Q39textinput8keyboard13cellphonetype	16	804bdb80	804bdafe	B_ChngTag_00
csPaneNameNormalKey__Q39textinput8keyboard13cellphonetype	17	804bdb80	804bdb0b	B_ChngTag_01
csPaneNameNormalKey__Q39textinput8keyboard13cellphonetype	18	804bdb80	804bdb18	B_ChngTag_02
csPaneNameNormalKey__Q39textinput8keyboard13cellphonetype	19	804bdb80	804bdb25	B_ChngTag_03
csPaneNameNormalKey__Q39textinput8keyboard13cellphonetype	20	804bdb80	804bdb32	B_SGNkey_close
csPaneNameNormalKey__Q39textinput8keyboard13cellphonetype	21	804bdb80	804bdb41	B_SGNkey_prev
csPaneNameNormalKey__Q39textinput8keyboard13cellphonetype	22	804bdb80	804bdb4f	B_SGNkey_next
csPaneNameNormalKey__Q39textinput8keyboard13cellphonetype	23	804bdb80	804bdb5d	B_CPkey_Prdc_JP
csPaneNameNormalKey__Q39textinput8keyboard13cellphonetype	24	804bdb80	804bdb6d	B_prdcModeBT_EU
csPaneNameNormalAnimationKey__Q39textinput8keyboard13cellphonetype	0	804bdcc0	804bdbe4	W_CPkey_00
csPaneNameNormalAnimationKey__Q39textinput8keyboard13cellphonetype	1	804bdcc0	804bdbef	W_CPkey_01
csPaneNameNormalAnimationKey__Q39textinput8keyboard13cellphonetype	2	804bdcc0	804bdbfa	W_CPkey_02
csPaneNameNormalAnimationKey__Q39textinput8keyboard13cellphonetype	3	804bdcc0	804bdc05	W_CPkey_03
csPaneNameNormalAnimationKey__Q39textinput8keyboard13cellphonetype	4	804bdcc0	804bdc10	W_CPkey_04
csPaneNameNormalAnimationKey__Q39textinput8keyboard13cellphonetype	5	804bdcc0	804bdc1b	W_CPkey_05
csPaneNameNormalAnimationKey__Q39textinput8keyboard13cellphonetype	6	804bdcc0	804bdc26	W_CPkey_06
csPaneNameNormalAnimationKey__Q39textinput8keyboard13cellphonetype	7	804bdcc0	804bdc31	W_CPkey_07
csPaneNameNormalAnimationKey__Q39textinput8keyboard13cellphonetype	8	804bdcc0	804bdc3c	W_CPkey_08
csPaneNameNormalAnimationKey__Q39textinput8keyboard13cellphonetype	9	804bdcc0	804bdc47	W_CPkey_09
csPaneNameNormalAnimationKey__Q39textinput8keyboard13cellphonetype	10	804bdcc0	804bdc52	W_CPkey_10
csPaneNameNormalAnimationKey__Q39textinput8keyboard13cellphonetype	11	804bdcc0	804bdc5d	W_CPkey_11
csPaneNameNormalAnimationKey__Q39textinput8keyboard13cellphonetype	12	804bdcc0	804bdc68	W_CPkey_LF
csPaneNameNormalAnimationKey__Q39textinput8keyboard13cellphonetype	13	804bdcc0	804bdc73	W_CPkey_DELETE
csPaneNameNormalAnimationKey__Q39textinput8keyboard13cellphonetype	14	804bdcc0	804bdc82	W_othersBT_JP
csPaneNameNormalAnimationKey__Q39textinput8keyboard13cellphonetype	15	804bdcc0	804bdc90	W_othersBT_EU
csPaneNameNormalAnimationKey__Q39textinput8keyboard13cellphonetype	16	804bdcc0	804bdc9e	W_prdcModeBT_EU
csPaneNameNormalAnimationKey__Q39textinput8keyboard13cellphonetype	17	804bdcc0	804bdcae	W_smlCptChngeBT
csPaneNameToggleAnimationKey__Q39textinput8keyboard13cellphonetype	0	804bdd3c	804bdd08	W_ChngTag_00
csPaneNameToggleAnimationKey__Q39textinput8keyboard13cellphonetype	1	804bdd3c	804bdd15	W_ChngTag_01
csPaneNameToggleAnimationKey__Q39textinput8keyboard13cellphonetype	2	804bdd3c	804bdd22	W_ChngTag_02
csPaneNameToggleAnimationKey__Q39textinput8keyboard13cellphonetype	3	804bdd3c	804bdd2f	W_ChngTag_03
csPaneNameNormalKey__Q39textinput8keyboard13cellphonetype	0	804bf0c8	804bef8c	B_CPkey_00
csPaneNameNormalKey__Q39textinput8keyboard13cellphonetype	1	804bf0c8	804bef97	B_CPkey_01
csPaneNameNormalKey__Q39textinput8keyboard13cellphonetype	2	804bf0c8	804befa2	B_CPkey_02
csPaneNameNormalKey__Q39textinput8keyboard13cellphonetype	3	804bf0c8	804befad	B_CPkey_03
csPaneNameNormalKey__Q39textinput8keyboard13cellphonetype	4	804bf0c8	804befb8	B_CPkey_04
csPaneNameNormalKey__Q39textinput8keyboard13cellphonetype	5	804bf0c8	804befc3	B_CPkey_05
csPaneNameNormalKey__Q39textinput8keyboard13cellphonetype	6	804bf0c8	804befce	B_CPkey_06
csPaneNameNormalKey__Q39textinput8keyboard13cellphonetype	7	804bf0c8	804befd9	B_CPkey_07
csPaneNameNormalKey__Q39textinput8keyboard13cellphonetype	8	804bf0c8	804befe4	B_CPkey_08
csPaneNameNormalKey__Q39textinput8keyboard13cellphonetype	9	804bf0c8	804befef	B_CPkey_09
csPaneNameNormalKey__Q39textinput8keyboard13cellphonetype	10	804bf0c8	804beffa	B_CPkey_10
csPaneNameNormalKey__Q39textinput8keyboard13cellphonetype	11	804bf0c8	804bf005	B_CPkey_11
csPaneNameNormalKey__Q39textinput8keyboard13cellphonetype	12	804bf0c8	804bf010	B_CPkey_LF
csPaneNameNormalKey__Q39textinput8keyboard13cellphonetype	13	804bf0c8	804bf01b	B_CPkey_DELETE
csPaneNameNormalKey__Q39textinput8keyboard13cellphonetype	14	804bf0c8	804bf02a	B_othersBT_JP
csPaneNameNormalKey__Q39textinput8keyboard13cellphonetype	15	804bf0c8	804bf038	B_othersBT_EU
csPaneNameNormalKey__Q39textinput8keyboard13cellphonetype	16	804bf0c8	804bf046	B_ChngTag_00
csPaneNameNormalKey__Q39textinput8keyboard13cellphonetype	17	804bf0c8	804bf053	B_ChngTag_01
csPaneNameNormalKey__Q39textinput8keyboard13cellphonetype	18	804bf0c8	804bf060	B_ChngTag_02
csPaneNameNormalKey__Q39textinput8keyboard13cellphonetype	19	804bf0c8	804bf06d	B_ChngTag_03
csPaneNameNormalKey__Q39textinput8keyboard13cellphonetype	20	804bf0c8	804bf07a	B_SGNkey_close
csPaneNameNormalKey__Q39textinput8keyboard13cellphonetype	21	804bf0c8	804bf089	B_SGNkey_prev
csPaneNameNormalKey__Q39textinput8keyboard13cellphonetype	22	804bf0c8	804bf097	B_SGNkey_next
csPaneNameNormalKey__Q39textinput8keyboard13cellphonetype	23	804bf0c8	804bf0a5	B_CPkey_Prdc_JP
csPaneNameNormalKey__Q39textinput8keyboard13cellphonetype	24	804bf0c8	804bf0b5	B_prdcModeBT_EU
scAsciiPaneName__Q39textinput8keyboard6pctype	0	804c39f0	804c37f4	P_key_00
scAsciiPaneName__Q39textinput8keyboard6pctype	1	804c39f0	804c37fd	P_key_01
scAsciiPaneName__Q39textinput8keyboard6pctype	2	804c39f0	804c3806	P_key_02
scAsciiPaneName__Q39textinput8keyboard6pctype	3	804c39f0	804c380f	P_key_03
scAsciiPaneName__Q39textinput8keyboard6pctype	4	804c39f0	804c3818	P_key_04
scAsciiPaneName__Q39textinput8keyboard6pctype	5	804c39f0	804c3821	P_key_05
scAsciiPaneName__Q39textinput8keyboard6pctype	6	804c39f0	804c382a	P_key_06
scAsciiPaneName__Q39textinput8keyboard6pctype	7	804c39f0	804c3833	P_key_07
scAsciiPaneName__Q39textinput8keyboard6pctype	8	804c39f0	804c383c	P_key_08
scAsciiPaneName__Q39textinput8keyboard6pctype	9	804c39f0	804c3845	P_key_09
scAsciiPaneName__Q39textinput8keyboard6pctype	10	804c39f0	804c384e	P_key_10
scAsciiPaneName__Q39textinput8keyboard6pctype	11	804c39f0	804c3857	P_key_11
scAsciiPaneName__Q39textinput8keyboard6pctype	12	804c39f0	804c3860	P_key_12
scAsciiPaneName__Q39textinput8keyboard6pctype	13	804c39f0	804c3869	P_key_13
scAsciiPaneName__Q39textinput8keyboard6pctype	14	804c39f0	804c3872	P_key_14
scAsciiPaneName__Q39textinput8keyboard6pctype	15	804c39f0	804c387b	P_key_15
scAsciiPaneName__Q39textinput8keyboard6pctype	16	804c39f0	804c3884	P_key_16
scAsciiPaneName__Q39textinput8keyboard6pctype	17	804c39f0	804c388d	P_key_17
scAsciiPaneName__Q39textinput8keyboard6pctype	18	804c39f0	804c3896	P_key_18
scAsciiPaneName__Q39textinput8keyboard6pctype	19	804c39f0	804c389f	P_key_19
scAsciiPaneName__Q39textinput8keyboard6pctype	20	804c39f0	804c38a8	P_key_20
scAsciiPaneName__Q39textinput8keyboard6pctype	21	804c39f0	804c38b1	P_key_21
scAsciiPaneName__Q39textinput8keyboard6pctype	22	804c39f0	804c38ba	P_key_22
scAsciiPaneName__Q39textinput8keyboard6pctype	23	804c39f0	804c38c3	P_key_23
scAsciiPaneName__Q39textinput8keyboard6pctype	24	804c39f0	804c38cc	P_key_24
scAsciiPaneName__Q39textinput8keyboard6pctype	25	804c39f0	804c38d5	P_key_25
scAsciiPaneName__Q39textinput8keyboard6pctype	26	804c39f0	804c38de	P_key_26
scAsciiPaneName__Q39textinput8keyboard6pctype	27	804c39f0	804c38e7	P_key_27
scAsciiPaneName__Q39textinput8keyboard6pctype	28	804c39f0	804c38f0	P_key_28
scAsciiPaneName__Q39textinput8keyboard6pctype	29	804c39f0	804c38f9	P_key_29
scAsciiPaneName__Q39textinput8keyboard6pctype	30	804c39f0	804c3902	P_key_30
scAsciiPaneName__Q39textinput8keyboard6pctype	31	804c39f0	804c390b	P_key_31
scAsciiPaneName__Q39textinput8keyboard6pctype	32	804c39f0	804c3914	P_key_32
scAsciiPaneName__Q39textinput8keyboard6pctype	33	804c39f0	804c391d	P_key_33
scAsciiPaneName__Q39textinput8keyboard6pctype	34	804c39f0	804c3926	P_key_34
scAsciiPaneName__Q39textinput8keyboard6pctype	35	804c39f0	804c392f	P_key_35
scAsciiPaneName__Q39textinput8keyboard6pctype	36	804c39f0	804c3938	P_key_36
scAsciiPaneName__Q39textinput8keyboard6pctype	37	804c39f0	804c3941	P_key_37
scAsciiPaneName__Q39textinput8keyboard6pctype	38	804c39f0	804c394a	P_key_38
scAsciiPaneName__Q39textinput8keyboard6pctype	39	804c39f0	804c3953	P_key_39
scAsciiPaneName__Q39textinput8keyboard6pctype	40	804c39f0	804c395c	P_key_40
scAsciiPaneName__Q39textinput8keyboard6pctype	41	804c39f0	804c3965	P_key_41
scAsciiPaneName__Q39textinput8keyboard6pctype	42	804c39f0	804c396e	P_key_42
scAsciiPaneName__Q39textinput8keyboard6pctype	43	804c39f0	804c3977	P_key_43
scAsciiPaneName__Q39textinput8keyboard6pctype	44	804c39f0	804c3980	P_key_44
scAsciiPaneName__Q39textinput8keyboard6pctype	45	804c39f0	804c3989	P_key_45
scAsciiPaneName__Q39textinput8keyboard6pctype	46	804c39f0	804c3992	P_key_46
scAsciiPaneName__Q39textinput8keyboard6pctype	47	804c39f0	804c399b	P_key_47
scAsciiPaneName__Q39textinput8keyboard6pctype	48	804c39f0	804c39a4	P_key_48
scAsciiPaneName__Q39textinput8keyboard6pctype	49	804c39f0	804c39ad	P_key_49
scAsciiPaneName__Q39textinput8keyboard6pctype	50	804c39f0	804c39b6	P_key_DELETE
scAsciiPaneName__Q39textinput8keyboard6pctype	51	804c39f0	804c39c3	P_key_LF
scAsciiPaneName__Q39textinput8keyboard6pctype	52	804c39f0	804c39cc	P_key_SPACE
scAsciiPaneName__Q39textinput8keyboard6pctype	53	804c39f0	804c39d8	P_key_SHIFT
scAsciiPaneName__Q39textinput8keyboard6pctype	54	804c39f0	804c39e4	P_key_CAPS
scGridPaneName__Q39textinput8keyboard6pctype	0	804c3d24	804c3acc	P_Gkey_00
scGridPaneName__Q39textinput8keyboard6pctype	1	804c3d24	804c3ad6	P_Gkey_01
scGridPaneName__Q39textinput8keyboard6pctype	2	804c3d24	804c3ae0	P_Gkey_02
scGridPaneName__Q39textinput8keyboard6pctype	3	804c3d24	804c3aea	P_Gkey_03
scGridPaneName__Q39textinput8keyboard6pctype	4	804c3d24	804c3af4	P_Gkey_04
scGridPaneName__Q39textinput8keyboard6pctype	5	804c3d24	804c3afe	P_Gkey_05
scGridPaneName__Q39textinput8keyboard6pctype	6	804c3d24	804c3b08	P_Gkey_06
scGridPaneName__Q39textinput8keyboard6pctype	7	804c3d24	804c3b12	P_Gkey_07
scGridPaneName__Q39textinput8keyboard6pctype	8	804c3d24	804c3b1c	P_Gkey_08
scGridPaneName__Q39textinput8keyboard6pctype	9	804c3d24	804c3b26	P_Gkey_09
scGridPaneName__Q39textinput8keyboard6pctype	10	804c3d24	804c3b30	P_Gkey_10
scGridPaneName__Q39textinput8keyboard6pctype	11	804c3d24	804c3b3a	P_Gkey_11
scGridPaneName__Q39textinput8keyboard6pctype	12	804c3d24	804c3b44	P_Gkey_12
scGridPaneName__Q39textinput8keyboard6pctype	13	804c3d24	804c3b4e	P_Gkey_13
scGridPaneName__Q39textinput8keyboard6pctype	14	804c3d24	804c3b58	P_Gkey_14
scGridPaneName__Q39textinput8keyboard6pctype	15	804c3d24	804c3b62	P_Gkey_15
scGridPaneName__Q39textinput8keyboard6pctype	16	804c3d24	804c3b6c	P_Gkey_16
scGridPaneName__Q39textinput8keyboard6pctype	17	804c3d24	804c3b76	P_Gkey_17
scGridPaneName__Q39textinput8keyboard6pctype	18	804c3d24	804c3b80	P_Gkey_18
scGridPaneName__Q39textinput8keyboard6pctype	19	804c3d24	804c3b8a	P_Gkey_19
scGridPaneName__Q39textinput8keyboard6pctype	20	804c3d24	804c3b94	P_Gkey_20
scGridPaneName__Q39textinput8keyboard6pctype	21	804c3d24	804c3b9e	P_Gkey_21
scGridPaneName__Q39textinput8keyboard6pctype	22	804c3d24	804c3ba8	P_Gkey_22
scGridPaneName__Q39textinput8keyboard6pctype	23	804c3d24	804c3bb2	P_Gkey_23
scGridPaneName__Q39textinput8keyboard6pctype	24	804c3d24	804c3bbc	P_Gkey_24
scGridPaneName__Q39textinput8keyboard6pctype	25	804c3d24	804c3bc6	P_Gkey_25
scGridPaneName__Q39textinput8keyboard6pctype	26	804c3d24	804c3bd0	P_Gkey_26
scGridPaneName__Q39textinput8keyboard6pctype	27	804c3d24	804c3bda	P_Gkey_27
scGridPaneName__Q39textinput8keyboard6pctype	28	804c3d24	804c3be4	P_Gkey_28
scGridPaneName__Q39textinput8keyboard6pctype	29	804c3d24	804c3bee	P_Gkey_29
scGridPaneName__Q39textinput8keyboard6pctype	30	804c3d24	804c3bf8	P_Gkey_30
scGridPaneName__Q39textinput8keyboard6pctype	31	804c3d24	804c3c02	P_Gkey_31
scGridPaneName__Q39textinput8keyboard6pctype	32	804c3d24	804c3c0c	P_Gkey_32
scGridPaneName__Q39textinput8keyboard6pctype	33	804c3d24	804c3c16	P_Gkey_33
scGridPaneName__Q39textinput8keyboard6pctype	34	804c3d24	804c3c20	P_Gkey_34
scGridPaneName__Q39textinput8keyboard6pctype	35	804c3d24	804c3c2a	P_Gkey_35
scGridPaneName__Q39textinput8keyboard6pctype	36	804c3d24	804c3c34	P_Gkey_36
scGridPaneName__Q39textinput8keyboard6pctype	37	804c3d24	804c3c3e	P_Gkey_37
scGridPaneName__Q39textinput8keyboard6pctype	38	804c3d24	804c3c48	P_Gkey_38
scGridPaneName__Q39textinput8keyboard6pctype	39	804c3d24	804c3c52	P_Gkey_39
scGridPaneName__Q39textinput8keyboard6pctype	40	804c3d24	804c3c5c	P_Gkey_40
scGridPaneName__Q39textinput8keyboard6pctype	41	804c3d24	804c3c66	P_Gkey_41
scGridPaneName__Q39textinput8keyboard6pctype	42	804c3d24	804c3c70	P_Gkey_42
scGridPaneName__Q39textinput8keyboard6pctype	43	804c3d24	804c3c7a	P_Gkey_43
scGridPaneName__Q39textinput8keyboard6pctype	44	804c3d24	804c3c84	P_Gkey_44
scGridPaneName__Q39textinput8keyboard6pctype	45	804c3d24	804c3c8e	P_Gkey_45
scGridPaneName__Q39textinput8keyboard6pctype	46	804c3d24	804c3c98	P_Gkey_46
scGridPaneName__Q39textinput8keyboard6pctype	47	804c3d24	804c3ca2	P_Gkey_47
scGridPaneName__Q39textinput8keyboard6pctype	48	804c3d24	804c3cac	P_Gkey_48
scGridPaneName__Q39textinput8keyboard6pctype	49	804c3d24	804c3cb6	P_Gkey_49
scGridPaneName__Q39textinput8keyboard6pctype	50	804c3d24	804c3cc0	P_Gkey_50
scGridPaneName__Q39textinput8keyboard6pctype	51	804c3d24	804c3cca	P_Gkey_51
scGridPaneName__Q39textinput8keyboard6pctype	52	804c3d24	804c3cd4	P_Gkey_52
scGridPaneName__Q39textinput8keyboard6pctype	53	804c3d24	804c3cde	P_Gkey_53
scGridPaneName__Q39textinput8keyboard6pctype	54	804c3d24	804c3ce8	P_Gkey_54
scGridPaneName__Q39textinput8keyboard6pctype	55	804c3d24	804c3cf2	P_Gkey_55
scGridPaneName__Q39textinput8keyboard6pctype	56	804c3d24	804c3cfc	P_Gkey_DELETE
scGridPaneName__Q39textinput8keyboard6pctype	57	804c3d24	804c3d0a	P_Gkey_LF
scGridPaneName__Q39textinput8keyboard6pctype	58	804c3d24	804c3d14	P_Gkey_SPACE
scGridPaneName__Q39textinput8keyboard6pctype	59	804c3d24	0	
scAsciiPaneName__Q39textinput8keyboard6pctype	0	804c6694	804c6498	P_key_00
scAsciiPaneName__Q39textinput8keyboard6pctype	1	804c6694	804c64a1	P_key_01
scAsciiPaneName__Q39textinput8keyboard6pctype	2	804c6694	804c64aa	P_key_02
scAsciiPaneName__Q39textinput8keyboard6pctype	3	804c6694	804c64b3	P_key_03
scAsciiPaneName__Q39textinput8keyboard6pctype	4	804c6694	804c64bc	P_key_04
scAsciiPaneName__Q39textinput8keyboard6pctype	5	804c6694	804c64c5	P_key_05
scAsciiPaneName__Q39textinput8keyboard6pctype	6	804c6694	804c64ce	P_key_06
scAsciiPaneName__Q39textinput8keyboard6pctype	7	804c6694	804c64d7	P_key_07
scAsciiPaneName__Q39textinput8keyboard6pctype	8	804c6694	804c64e0	P_key_08
scAsciiPaneName__Q39textinput8keyboard6pctype	9	804c6694	804c64e9	P_key_09
scAsciiPaneName__Q39textinput8keyboard6pctype	10	804c6694	804c64f2	P_key_10
scAsciiPaneName__Q39textinput8keyboard6pctype	11	804c6694	804c64fb	P_key_11
scAsciiPaneName__Q39textinput8keyboard6pctype	12	804c6694	804c6504	P_key_12
scAsciiPaneName__Q39textinput8keyboard6pctype	13	804c6694	804c650d	P_key_13
scAsciiPaneName__Q39textinput8keyboard6pctype	14	804c6694	804c6516	P_key_14
scAsciiPaneName__Q39textinput8keyboard6pctype	15	804c6694	804c651f	P_key_15
scAsciiPaneName__Q39textinput8keyboard6pctype	16	804c6694	804c6528	P_key_16
scAsciiPaneName__Q39textinput8keyboard6pctype	17	804c6694	804c6531	P_key_17
scAsciiPaneName__Q39textinput8keyboard6pctype	18	804c6694	804c653a	P_key_18
scAsciiPaneName__Q39textinput8keyboard6pctype	19	804c6694	804c6543	P_key_19
scAsciiPaneName__Q39textinput8keyboard6pctype	20	804c6694	804c654c	P_key_20
scAsciiPaneName__Q39textinput8keyboard6pctype	21	804c6694	804c6555	P_key_21
scAsciiPaneName__Q39textinput8keyboard6pctype	22	804c6694	804c655e	P_key_22
scAsciiPaneName__Q39textinput8keyboard6pctype	23	804c6694	804c6567	P_key_23
scAsciiPaneName__Q39textinput8keyboard6pctype	24	804c6694	804c6570	P_key_24
scAsciiPaneName__Q39textinput8keyboard6pctype	25	804c6694	804c6579	P_key_25
scAsciiPaneName__Q39textinput8keyboard6pctype	26	804c6694	804c6582	P_key_26
scAsciiPaneName__Q39textinput8keyboard6pctype	27	804c6694	804c658b	P_key_27
scAsciiPaneName__Q39textinput8keyboard6pctype	28	804c6694	804c6594	P_key_28
scAsciiPaneName__Q39textinput8keyboard6pctype	29	804c6694	804c659d	P_key_29
scAsciiPaneName__Q39textinput8keyboard6pctype	30	804c6694	804c65a6	P_key_30
scAsciiPaneName__Q39textinput8keyboard6pctype	31	804c6694	804c65af	P_key_31
scAsciiPaneName__Q39textinput8keyboard6pctype	32	804c6694	804c65b8	P_key_32
scAsciiPaneName__Q39textinput8keyboard6pctype	33	804c6694	804c65c1	P_key_33
scAsciiPaneName__Q39textinput8keyboard6pctype	34	804c6694	804c65ca	P_key_34
scAsciiPaneName__Q39textinput8keyboard6pctype	35	804c6694	804c65d3	P_key_35
scAsciiPaneName__Q39textinput8keyboard6pctype	36	804c6694	804c65dc	P_key_36
scAsciiPaneName__Q39textinput8keyboard6pctype	37	804c6694	804c65e5	P_key_37
scAsciiPaneName__Q39textinput8keyboard6pctype	38	804c6694	804c65ee	P_key_38
scAsciiPaneName__Q39textinput8keyboard6pctype	39	804c6694	804c65f7	P_key_39
scAsciiPaneName__Q39textinput8keyboard6pctype	40	804c6694	804c6600	P_key_40
scAsciiPaneName__Q39textinput8keyboard6pctype	41	804c6694	804c6609	P_key_41
scAsciiPaneName__Q39textinput8keyboard6pctype	42	804c6694	804c6612	P_key_42
scAsciiPaneName__Q39textinput8keyboard6pctype	43	804c6694	804c661b	P_key_43
scAsciiPaneName__Q39textinput8keyboard6pctype	44	804c6694	804c6624	P_key_44
scAsciiPaneName__Q39textinput8keyboard6pctype	45	804c6694	804c662d	P_key_45
scAsciiPaneName__Q39textinput8keyboard6pctype	46	804c6694	804c6636	P_key_46
scAsciiPaneName__Q39textinput8keyboard6pctype	47	804c6694	804c663f	P_key_47
scAsciiPaneName__Q39textinput8keyboard6pctype	48	804c6694	804c6648	P_key_48
scAsciiPaneName__Q39textinput8keyboard6pctype	49	804c6694	804c6651	P_key_49
scAsciiPaneName__Q39textinput8keyboard6pctype	50	804c6694	804c665a	P_key_DELETE
scAsciiPaneName__Q39textinput8keyboard6pctype	51	804c6694	804c6667	P_key_LF
scAsciiPaneName__Q39textinput8keyboard6pctype	52	804c6694	804c6670	P_key_SPACE
scAsciiPaneName__Q39textinput8keyboard6pctype	53	804c6694	804c667c	P_key_SHIFT
scAsciiPaneName__Q39textinput8keyboard6pctype	54	804c6694	804c6688	P_key_CAPS
csSgnKeys__Q39textinput8keyboard10signwindow	0	804c7ec8	804c7dd8	P_SGNkey_00
csSgnKeys__Q39textinput8keyboard10signwindow	1	804c7ec8	804c7de4	P_SGNkey_01
csSgnKeys__Q39textinput8keyboard10signwindow	2	804c7ec8	804c7df0	P_SGNkey_02
csSgnKeys__Q39textinput8keyboard10signwindow	3	804c7ec8	804c7dfc	P_SGNkey_03
csSgnKeys__Q39textinput8keyboard10signwindow	4	804c7ec8	804c7e08	P_SGNkey_04
csSgnKeys__Q39textinput8keyboard10signwindow	5	804c7ec8	804c7e14	P_SGNkey_05
csSgnKeys__Q39textinput8keyboard10signwindow	6	804c7ec8	804c7e20	P_SGNkey_06
csSgnKeys__Q39textinput8keyboard10signwindow	7	804c7ec8	804c7e2c	P_SGNkey_07
csSgnKeys__Q39textinput8keyboard10signwindow	8	804c7ec8	804c7e38	P_SGNkey_08
csSgnKeys__Q39textinput8keyboard10signwindow	9	804c7ec8	804c7e44	P_SGNkey_09
csSgnKeys__Q39textinput8keyboard10signwindow	10	804c7ec8	804c7e50	P_SGNkey_10
csSgnKeys__Q39textinput8keyboard10signwindow	11	804c7ec8	804c7e5c	P_SGNkey_11
csSgnKeys__Q39textinput8keyboard10signwindow	12	804c7ec8	804c7e68	P_SGNkey_12
csSgnKeys__Q39textinput8keyboard10signwindow	13	804c7ec8	804c7e74	P_SGNkey_13
csSgnKeys__Q39textinput8keyboard10signwindow	14	804c7ec8	804c7e80	P_SGNkey_14
csSgnKeys__Q39textinput8keyboard10signwindow	15	804c7ec8	804c7e8c	P_SGNkey_15
csSgnKeys__Q39textinput8keyboard10signwindow	16	804c7ec8	804c7e98	P_SGNkey_16
csSgnKeys__Q39textinput8keyboard10signwindow	17	804c7ec8	804c7ea4	P_SGNkey_17
csSgnKeys__Q39textinput8keyboard10signwindow	18	804c7ec8	804c7eb0	P_SGNkey_18
csSgnKeys__Q39textinput8keyboard10signwindow	19	804c7ec8	804c7ebc	P_SGNkey_19
csszSignKey__Q39textinput8keyboard10signwindow	0	804c84f0	804c8310	B_SGNkey_00
csszSignKey__Q39textinput8keyboard10signwindow	1	804c84f0	804c831c	B_SGNkey_01
csszSignKey__Q39textinput8keyboard10signwindow	2	804c84f0	804c8328	B_SGNkey_02
csszSignKey__Q39textinput8keyboard10signwindow	3	804c84f0	804c8334	B_SGNkey_03
csszSignKey__Q39textinput8keyboard10signwindow	4	804c84f0	804c8340	B_SGNkey_04
csszSignKey__Q39textinput8keyboard10signwindow	5	804c84f0	804c834c	B_SGNkey_05
csszSignKey__Q39textinput8keyboard10signwindow	6	804c84f0	804c8358	B_SGNkey_06
csszSignKey__Q39textinput8keyboard10signwindow	7	804c84f0	804c8364	B_SGNkey_07
csszSignKey__Q39textinput8keyboard10signwindow	8	804c84f0	804c8370	B_SGNkey_08
csszSignKey__Q39textinput8keyboard10signwindow	9	804c84f0	804c837c	B_SGNkey_09
csszSignKey__Q39textinput8keyboard10signwindow	10	804c84f0	804c8388	B_SGNkey_10
csszSignKey__Q39textinput8keyboard10signwindow	11	804c84f0	804c8394	B_SGNkey_11
csszSignKey__Q39textinput8keyboard10signwindow	12	804c84f0	804c83a0	B_SGNkey_12
csszSignKey__Q39textinput8keyboard10signwindow	13	804c84f0	804c83ac	B_SGNkey_13
csszSignKey__Q39textinput8keyboard10signwindow	14	804c84f0	804c83b8	B_SGNkey_14
csszSignKey__Q39textinput8keyboard10signwindow	15	804c84f0	804c83c4	B_SGNkey_15
csszSignKey__Q39textinput8keyboard10signwindow	16	804c84f0	804c83d0	B_SGNkey_16
csszSignKey__Q39textinput8keyboard10signwindow	17	804c84f0	804c83dc	B_SGNkey_17
csszSignKey__Q39textinput8keyboard10signwindow	18	804c84f0	804c83e8	B_SGNkey_18
csszSignKey__Q39textinput8keyboard10signwindow	19	804c84f0	804c83f4	B_SGNkey_19
csszSignKey__Q39textinput8keyboard10signwindow	20	804c84f0	804c8400	T_SGNkey_20
csszSignKey__Q39textinput8keyboard10signwindow	21	804c84f0	804c840c	T_SGNkey_21
csszSignKey__Q39textinput8keyboard10signwindow	22	804c84f0	804c8418	T_SGNkey_22
csszSignKey__Q39textinput8keyboard10signwindow	23	804c84f0	804c8424	T_SGNkey_23
csszSignKey__Q39textinput8keyboard10signwindow	24	804c84f0	804c8430	T_SGNkey_24
csszSignKey__Q39textinput8keyboard10signwindow	25	804c84f0	804c843c	T_SGNkey_25
csszSignKey__Q39textinput8keyboard10signwindow	26	804c84f0	804c8448	T_SGNkey_26
csszSignKey__Q39textinput8keyboard10signwindow	27	804c84f0	804c8454	T_SGNkey_27
csszSignKey__Q39textinput8keyboard10signwindow	28	804c84f0	804c8460	T_SGNkey_28
csszSignKey__Q39textinput8keyboard10signwindow	29	804c84f0	804c846c	T_SGNkey_29
csszSignKey__Q39textinput8keyboard10signwindow	30	804c84f0	804c8478	T_SGNkey_30
csszSignKey__Q39textinput8keyboard10signwindow	31	804c84f0	804c8484	T_SGNkey_31
csszSignKey__Q39textinput8keyboard10signwindow	32	804c84f0	804c8490	T_SGNkey_32
csszSignKey__Q39textinput8keyboard10signwindow	33	804c84f0	804c849c	T_SGNkey_33
csszSignKey__Q39textinput8keyboard10signwindow	34	804c84f0	804c84a8	T_SGNkey_34
csszSignKey__Q39textinput8keyboard10signwindow	35	804c84f0	804c84b4	T_SGNkey_35
csszSignKey__Q39textinput8keyboard10signwindow	36	804c84f0	804c84c0	T_SGNkey_36
csszSignKey__Q39textinput8keyboard10signwindow	37	804c84f0	804c84cc	T_SGNkey_37
csszSignKey__Q39textinput8keyboard10signwindow	38	804c84f0	804c84d8	T_SGNkey_38
csszSignKey__Q39textinput8keyboard10signwindow	39	804c84f0	804c84e4	T_SGNkey_39
kAudioPaths	0	804cb5d8	804cb590	data/audio/AEMS/
kAudioPaths	1	804cb5d8	804cb5a1	data/audio/Banks/
kAudioPaths	2	804cb5d8	804cb5b3	data/audio/Music/
kAudioPaths	3	804cb5d8	804cb5c5	data/audio/Speech/
kAEMSBankFilenames	0	804cb758	804cb5fc	FE_UI.abk
kAEMSBankFilenames	1	804cb758	804cb606	FE_Specific.abk
kAEMSBankFilenames	2	804cb758	804cb616	World_SFX.abk
kAEMSBankFilenames	3	804cb758	804cb624	Footsteps.abk
kAEMSBankFilenames	4	804cb758	804cb632	AMB_Schoolyard.abk
kAEMSBankFilenames	5	804cb758	804cb645	AMB_Park.abk
kAEMSBankFilenames	6	804cb758	804cb652	AMB_Stadium.abk
kAEMSBankFilenames	7	804cb758	804cb662	AMB_NatureForest.abk
kAEMSBankFilenames	8	804cb758	805feb3c	NIS.abk
kAEMSBankFilenames	9	804cb758	804cb677	Common SFX.abk
kAEMSBankFilenames	10	804cb758	804cb686	MG_Tetherball.abk
kAEMSBankFilenames	11	804cb758	804cb698	MG_RC_Cars_OffRoad.abk
kAEMSBankFilenames	12	804cb758	804cb6af	MG_RC_Cars_Touring.abk
kAEMSBankFilenames	13	804cb758	804cb6c6	MG_Dodgeball.abk
kAEMSBankFilenames	14	804cb758	804cb6d7	MG_PaperAirplanes.abk
kAEMSBankFilenames	15	804cb758	804cb6ed	MG_DartShootout.abk
kAEMSBankFilenames	16	804cb758	804cb701	MG_Footie.abk
kAEMSBankFilenames	17	804cb758	804cb70f	MG_WallBall.abk
kAEMSBankFilenames	18	804cb758	804cb71f	MW_FreeThrow.abk
kAEMSBankFilenames	19	804cb758	804cb730	MW_BugCatch.abk
kAEMSBankFilenames	20	804cb758	804cb740	MW_BBall_Dribble.abk
kMusicFilenames	0	804cb9a0	805feb44	fe.asf
kMusicFilenames	1	804cb9a0	0	
kMusicFilenames	2	804cb9a0	804cb928	tetherball.asf
kMusicFilenames	3	804cb9a0	804cb937	rc_offroad.asf
kMusicFilenames	4	804cb9a0	804cb946	rc_touring.asf
kMusicFilenames	5	804cb9a0	804cb955	dodgeball.asf
kMusicFilenames	6	804cb9a0	804cb963	paperairplanes.asf
kMusicFilenames	7	804cb9a0	804cb976	dartshootout.asf
kMusicFilenames	8	804cb9a0	804cb987	footie.asf
kMusicFilenames	9	804cb9a0	804cb992	wallball.asf
fixedResponses	0	804ccefc	805feca8	Yes
fixedResponses	1	804ccefc	805fecac	No
fixedResponses	2	804ccefc	805fecaf	DONE
fixedResponses	3	804ccefc	804ccef1	GAUNTLET
fixedResponses	4	804ccefc	805fecb4	STORE
fixedResponses	5	804ccefc	805fecba	Next
gLionConvertDesToBeh	0	804cd9b0	804cd984	CELL_SIZE
gLionConvertDesToBeh	1	804cd9b0	805fed1f	RGBA
gLionConvertDesToBeh	2	804cd9b0	804cd98e	RGBA_INTERPOLANT
gLionConvertDesToBeh	3	804cd9b0	804cd99f	RGBA_VARIANCE
gLionConvertDesToBeh	4	804cd9b0	805fed24	SCALE
gLionConvertDesToBeh	5	804cd9b0	804cd252	WAVEFORM_ALPHA
gLionConvertDesToBeh	6	804cd9b0	804cd261	WAVEFORM_RGB
gLionConvertDesToBeh	7	804cd9b0	0	
gLionConvertBehToDes	0	804cd9e8	804cd9d0	DO_CLONE
gLionConvertBehToDes	1	804cd9e8	804cd9d9	DO_INHERIT_VEL
gLionConvertBehToDes	2	804cd9e8	805fed2a	SHAPE
gLionConvertBehToDes	3	804cd9e8	0	
kMiniGameString	0	804d513c	804d5100	DartShootout
kMiniGameString	1	804d513c	805ff128	RCCar
kMiniGameString	2	804d513c	804d510d	Tetherball
kMiniGameString	3	804d513c	804d5118	Dodgeball
kMiniGameString	4	804d513c	805ff12e	Footie
kMiniGameString	5	804d513c	804d5122	PaperAirplanes
kMiniGameString	6	804d513c	804d5131	WallBall
kMiniGameString	7	804d513c	0	
kMiniGameString	8	804d513c	0	
kOptionSpeedStringId	0	804d51b4	804d5184	T_Speed_Setting00
kOptionSpeedStringId	1	804d51b4	804d5196	B_Normal
kOptionSpeedStringId	2	804d51b4	804d519f	T_Speed_Setting02
kMiniGameString	0	804d5d94	804d5d58	DartShootout
kMiniGameString	1	804d5d94	805ff1f0	RCCar
kMiniGameString	2	804d5d94	804d5d65	Tetherball
kMiniGameString	3	804d5d94	804d5d70	Dodgeball
kMiniGameString	4	804d5d94	805ff1f6	Footie
kMiniGameString	5	804d5d94	804d5d7a	PaperAirplanes
kMiniGameString	6	804d5d94	804d5d89	WallBall
kMiniGameString	7	804d5d94	0	
kMiniGameString	8	804d5d94	0	
kMiniGameString	0	804d63ac	804d6370	DartShootout
kMiniGameString	1	804d63ac	805ff248	RCCar
kMiniGameString	2	804d63ac	804d637d	Tetherball
kMiniGameString	3	804d63ac	804d6388	Dodgeball
kMiniGameString	4	804d63ac	805ff24e	Footie
kMiniGameString	5	804d63ac	804d6392	PaperAirplanes
kMiniGameString	6	804d63ac	804d63a1	WallBall
kMiniGameString	7	804d63ac	0	
kMiniGameString	8	804d63ac	0	
kMiniGameString	0	804d696c	804d6930	DartShootout
kMiniGameString	1	804d696c	805ff2b0	RCCar
kMiniGameString	2	804d696c	804d693d	Tetherball
kMiniGameString	3	804d696c	804d6948	Dodgeball
kMiniGameString	4	804d696c	805ff2b6	Footie
kMiniGameString	5	804d696c	804d6952	PaperAirplanes
kMiniGameString	6	804d696c	804d6961	WallBall
kMiniGameString	7	804d696c	0	
kMiniGameString	8	804d696c	0	
ControlTypeFilenames	0	804d74d0	804d7390	controls.csv
ControlTypeFilenames	1	804d74d0	804d739d	controlsmg21.csv
ControlTypeFilenames	2	804d74d0	804d73ae	controlsmgbughunt.csv
ControlTypeFilenames	3	804d74d0	804d73c4	controlsmgdartshootout.csv
ControlTypeFilenames	4	804d74d0	804d73df	controlsmgdodgeball.csv
ControlTypeFilenames	5	804d74d0	804d73f7	controlsmgdribbling.csv
ControlTypeFilenames	6	804d74d0	804d740f	controlsmgfootie.csv
ControlTypeFilenames	7	804d74d0	804d7424	controlsmgpaperairplanes.csv
ControlTypeFilenames	8	804d74d0	804d7441	controlsmgquickdraw.csv
ControlTypeFilenames	9	804d74d0	804d7459	controlsmgrccars.csv
ControlTypeFilenames	10	804d74d0	804d746e	controlsmgtemplate.csv
ControlTypeFilenames	11	804d74d0	804d7485	controlsmgtetherball.csv
ControlTypeFilenames	12	804d74d0	804d749e	controlsmgwallball.csv
ControlTypeFilenames	13	804d74d0	804d74b5	controlsmgfreethrow.csv
kMicroBugHuntBugEffectsNames	0	804d8978	804d8960	pg_bughunt_butterfly
kMicroBugHuntBugEffectsNames	1	804d8978	804d8960	pg_bughunt_butterfly
kMicroBugHuntBugEffectsNames	2	804d8978	804d8960	pg_bughunt_butterfly
kFreeThrowDatabaseNames	0	804d8e0c	804d8dd0	mg_freethrow_school
kFreeThrowDatabaseNames	1	804d8e0c	804d8de4	mg_freethrow_park
kFreeThrowDatabaseNames	2	804d8e0c	804d8df6	mg_freethrow_stadium
sDartAssetNames	0	804d9158	805ff4c8	ds_dart
sDartAssetNames	1	804d9158	804d9139	ds_dart_hostile
sDartAssetNames	2	804d9158	804d9149	ds_largedart
gDSTargetPinupFilenames	0	804d9764	804d96f8	ds_target_pinup_innocent
gDSTargetPinupFilenames	1	804d9764	804d9711	ds_target_pinup_innocent_dead
gDSTargetPinupFilenames	2	804d9764	804d972f	ds_target_pinup_hostile
gDSTargetPinupFilenames	3	804d9764	804d9747	ds_target_pinup_hostile_dead
gDSTargetPinupFilenames	4	804d9764	804d972f	ds_target_pinup_hostile
gDSTargetPinupFilenames	5	804d9764	804d9747	ds_target_pinup_hostile_dead
gDSTargetPinupFilenames	6	804d9764	804d972f	ds_target_pinup_hostile
gDSTargetPinupFilenames	7	804d9764	804d9747	ds_target_pinup_hostile_dead
gDSTargetPinupFilenames	8	804d9764	804d972f	ds_target_pinup_hostile
gDSTargetPinupFilenames	9	804d9764	804d9747	ds_target_pinup_hostile_dead
gDSTargetPinupFilenames	10	804d9764	804d972f	ds_target_pinup_hostile
kDartShootoutBossIds	0	804d98cc	804d98a8	mg_ds_talia
kDartShootoutBossIds	1	804d98cc	804d98b4	mg_ds_brody
kDartShootoutBossIds	2	804d98cc	804d98c0	mg_ds_tommy
RcPowerupModelFilenames	0	804dc840	804dc818	rc_firecracker
RcPowerupModelFilenames	1	804dc840	804dc827	rc_thumb_tac
RcPowerupModelFilenames	2	804dc840	804dc834	rc_powerup
mMaterialStrings	0	804e9618	805ff9c0	
mMaterialStrings	1	804e9618	805ff9c1	asph
mMaterialStrings	2	804e9618	805ff9c6	barr
mMaterialStrings	3	804e9618	805ff9cb	bloc
mMaterialStrings	4	804e9618	805ff9d0	can_
mMaterialStrings	5	804e9618	805ff9d5	rock
mMaterialStrings	6	804e9618	805ff9da	arch
mMaterialStrings	7	804e9618	805ff9df	tree
mMaterialStrings	8	804e9618	805ff9e4	bush
mMaterialStrings	9	804e9618	805ff9e9	wall
mMaterialStrings	10	804e9618	805ff9ee	kite
mMaterialStrings	11	804e9618	805ff9f3	conc
mMaterialStrings	12	804e9618	805ff9f8	wood
mMaterialStrings	13	804e9618	805ff9fd	gras
mMaterialStrings	14	804e9618	805ffa02	leaf
mMaterialStrings	15	804e9618	805ffa07	dirt
sAnimStateNames__19AnimationStateGraph	0	804eb124	804e9ef0	ANIM_IDLE
sAnimStateNames__19AnimationStateGraph	1	804eb124	804e9efa	ANIM_WALK
sAnimStateNames__19AnimationStateGraph	2	804eb124	804e9f04	ANIM_WALK_BACK
sAnimStateNames__19AnimationStateGraph	3	804eb124	804e9f13	ANIM_SKIP
sAnimStateNames__19AnimationStateGraph	4	804eb124	804e9f1d	ANIM_SNEAK
sAnimStateNames__19AnimationStateGraph	5	804eb124	804e9f28	ANIM_RUN
sAnimStateNames__19AnimationStateGraph	6	804eb124	804e9f31	ANIM_FIDGET
sAnimStateNames__19AnimationStateGraph	7	804eb124	804e9f3d	ANIM_IO_USE
sAnimStateNames__19AnimationStateGraph	8	804eb124	804e9f49	ANIM_IO_DOOROPEN
sAnimStateNames__19AnimationStateGraph	9	804eb124	804e9f5a	ANIM_INTERACT
sAnimStateNames__19AnimationStateGraph	10	804eb124	804e9f68	ANIM_HIGHFIVE1
sAnimStateNames__19AnimationStateGraph	11	804eb124	804e9f77	ANIM_HIGHFIVE2
sAnimStateNames__19AnimationStateGraph	12	804eb124	804e9f86	ANIM_AI_SPIN
sAnimStateNames__19AnimationStateGraph	13	804eb124	804e9f93	ANIM_AI_LEANWALL
sAnimStateNames__19AnimationStateGraph	14	804eb124	804e9fa4	ANIM_AI_LEANWALL_LOOP
sAnimStateNames__19AnimationStateGraph	15	804eb124	804e9fba	ANIM_AI_STORYTELLER
sAnimStateNames__19AnimationStateGraph	16	804eb124	804e9fce	ANIM_AI_STORYLISTEN1
sAnimStateNames__19AnimationStateGraph	17	804eb124	804e9fe3	ANIM_AI_STORYLISTEN2
sAnimStateNames__19AnimationStateGraph	18	804eb124	804e9ff8	ANIM_AI_STORYLISTEN3
sAnimStateNames__19AnimationStateGraph	19	804eb124	804ea00d	ANIM_AI_SPITBALL
sAnimStateNames__19AnimationStateGraph	20	804eb124	804ea01e	ANIM_AI_NOSEPICK
sAnimStateNames__19AnimationStateGraph	21	804eb124	804ea02f	ANIM_AI_SHOETIE
sAnimStateNames__19AnimationStateGraph	22	804eb124	804ea03f	ANIM_AI_LOOKSKY
sAnimStateNames__19AnimationStateGraph	23	804eb124	804ea04f	ANIM_AI_SQUAT
sAnimStateNames__19AnimationStateGraph	24	804eb124	804ea05d	ANIM_AI_WAVING
sAnimStateNames__19AnimationStateGraph	25	804eb124	804ea06c	ANIM_AI_HEADSCRATCH
sAnimStateNames__19AnimationStateGraph	26	804eb124	804ea080	ANIM_AI_POINTANDLAUGH
sAnimStateNames__19AnimationStateGraph	27	804eb124	804ea096	ANIM_AI_SMELLANDSNEEZE
sAnimStateNames__19AnimationStateGraph	28	804eb124	804ea0ad	ANIM_AI_SITBENCH
sAnimStateNames__19AnimationStateGraph	29	804eb124	804ea0be	ANIM_AI_SCRAPESHOE
sAnimStateNames__19AnimationStateGraph	30	804eb124	804ea0d1	ANIM_AI_FRUSTRATION
sAnimStateNames__19AnimationStateGraph	31	804eb124	804ea0e5	ANIM_AI_PICKME01
sAnimStateNames__19AnimationStateGraph	32	804eb124	804ea0f6	ANIM_AI_PICKME02
sAnimStateNames__19AnimationStateGraph	33	804eb124	804ea107	ANIM_AI_PICKME03
sAnimStateNames__19AnimationStateGraph	34	804eb124	804ea118	ANIM_AI_PICKME04
sAnimStateNames__19AnimationStateGraph	35	804eb124	804ea129	ANIM_AI_CONV01
sAnimStateNames__19AnimationStateGraph	36	804eb124	804ea138	ANIM_AI_CONV02
sAnimStateNames__19AnimationStateGraph	37	804eb124	804ea147	ANIM_AI_CONV03
sAnimStateNames__19AnimationStateGraph	38	804eb124	804ea156	ANIM_AI_CONV04
sAnimStateNames__19AnimationStateGraph	39	804eb124	804ea165	ANIM_AI_CONV05
sAnimStateNames__19AnimationStateGraph	40	804eb124	804ea174	ANIM_AI_CONV06
sAnimStateNames__19AnimationStateGraph	41	804eb124	804ea183	ANIM_BBALL_IDLE
sAnimStateNames__19AnimationStateGraph	42	804eb124	804ea193	ANIM_BBALL_IDLEDRIBBLE
sAnimStateNames__19AnimationStateGraph	43	804eb124	804ea1aa	ANIM_BBALL_RUN
sAnimStateNames__19AnimationStateGraph	44	804eb124	804ea1b9	ANIM_BBALL_RUNDRIBBLE
sAnimStateNames__19AnimationStateGraph	45	804eb124	804ea1cf	ANIM_BBALL_SHOT
sAnimStateNames__19AnimationStateGraph	46	804eb124	804ea1df	ANIM_BBALL_BOSS_IDLE
sAnimStateNames__19AnimationStateGraph	47	804eb124	804ea1f4	ANIM_EMOTE_HAPPY
sAnimStateNames__19AnimationStateGraph	48	804eb124	804ea205	ANIM_EMOTE_MISSSHOT
sAnimStateNames__19AnimationStateGraph	49	804eb124	804ea219	ANIM_QDRAW_DRAWCENTER
sAnimStateNames__19AnimationStateGraph	50	804eb124	804ea22f	ANIM_QDRAW_DRAWLEFT
sAnimStateNames__19AnimationStateGraph	51	804eb124	804ea243	ANIM_QDRAW_DRAWRIGHT
sAnimStateNames__19AnimationStateGraph	52	804eb124	804ea258	ANIM_QDRAW_DRAWIDLE
sAnimStateNames__19AnimationStateGraph	53	804eb124	804ea26c	ANIM_QDRAW_HOLSTERCENTER
sAnimStateNames__19AnimationStateGraph	54	804eb124	804ea285	ANIM_QDRAW_DEATH
sAnimStateNames__19AnimationStateGraph	55	804eb124	804ea296	ANIM_QDRAW_COWBOYWALK
sAnimStateNames__19AnimationStateGraph	56	804eb124	804ea2ac	ANIM_TB_IDLE
sAnimStateNames__19AnimationStateGraph	57	804eb124	804ea2b9	ANIM_TB_IDLE_MIRROR
sAnimStateNames__19AnimationStateGraph	58	804eb124	804ea2cd	ANIM_TB_SERVEIDLE
sAnimStateNames__19AnimationStateGraph	59	804eb124	804ea2df	ANIM_TB_SERVESTART
sAnimStateNames__19AnimationStateGraph	60	804eb124	804ea2f2	ANIM_TB_SERVEEND
sAnimStateNames__19AnimationStateGraph	61	804eb124	804ea303	ANIM_TB_LOWHITNORMALSTART
sAnimStateNames__19AnimationStateGraph	62	804eb124	804ea31d	ANIM_TB_LOWHITNORMALIDLE
sAnimStateNames__19AnimationStateGraph	63	804eb124	804ea336	ANIM_TB_LOWHITNORMALEND
sAnimStateNames__19AnimationStateGraph	64	804eb124	804ea34e	ANIM_TB_LOWHITNORMALSTART_MIRROR
sAnimStateNames__19AnimationStateGraph	65	804eb124	804ea36f	ANIM_TB_LOWHITNORMALIDLE_MIRROR
sAnimStateNames__19AnimationStateGraph	66	804eb124	804ea38f	ANIM_TB_LOWHITNORMALEND_MIRROR
sAnimStateNames__19AnimationStateGraph	67	804eb124	804ea3ae	ANIM_TB_LOWHITPOWERSTART
sAnimStateNames__19AnimationStateGraph	68	804eb124	804ea3c7	ANIM_TB_LOWHITPOWERIDLE
sAnimStateNames__19AnimationStateGraph	69	804eb124	804ea3df	ANIM_TB_LOWHITPOWEREND
sAnimStateNames__19AnimationStateGraph	70	804eb124	804ea3f6	ANIM_TB_LOWHITPOWERSTART_MIRROR
sAnimStateNames__19AnimationStateGraph	71	804eb124	804ea416	ANIM_TB_LOWHITPOWERIDLE_MIRROR
sAnimStateNames__19AnimationStateGraph	72	804eb124	804ea435	ANIM_TB_LOWHITPOWEREND_MIRROR
sAnimStateNames__19AnimationStateGraph	73	804eb124	804ea453	ANIM_TB_HIGHHITNORMALSTART
sAnimStateNames__19AnimationStateGraph	74	804eb124	804ea46e	ANIM_TB_HIGHHITNORMALIDLE
sAnimStateNames__19AnimationStateGraph	75	804eb124	804ea488	ANIM_TB_HIGHHITNORMALEND
sAnimStateNames__19AnimationStateGraph	76	804eb124	804ea4a1	ANIM_TB_HIGHHITNORMALSTART_MIRROR
sAnimStateNames__19AnimationStateGraph	77	804eb124	804ea4c3	ANIM_TB_HIGHHITNORMALIDLE_MIRROR
sAnimStateNames__19AnimationStateGraph	78	804eb124	804ea4e4	ANIM_TB_HIGHHITNORMALEND_MIRROR
sAnimStateNames__19AnimationStateGraph	79	804eb124	804ea504	ANIM_TB_HIGHHITPOWERSTART
sAnimStateNames__19AnimationStateGraph	80	804eb124	804ea51e	ANIM_TB_HIGHHITPOWERIDLE
sAnimStateNames__19AnimationStateGraph	81	804eb124	804ea537	ANIM_TB_HIGHHITPOWEREND
sAnimStateNames__19AnimationStateGraph	82	804eb124	804ea54f	ANIM_TB_HIGHHITPOWERSTART_MIRROR
sAnimStateNames__19AnimationStateGraph	83	804eb124	804ea570	ANIM_TB_HIGHHITPOWERIDLE_MIRROR
sAnimStateNames__19AnimationStateGraph	84	804eb124	804ea590	ANIM_TB_HIGHHITPOWEREND_MIRROR
sAnimStateNames__19AnimationStateGraph	85	804eb124	804ea5af	ANIM_TB_WINNER
sAnimStateNames__19AnimationStateGraph	86	804eb124	804ea5be	ANIM_TB_LOSER
sAnimStateNames__19AnimationStateGraph	87	804eb124	804ea5cc	ANIM_TB_HERO_IDLE
sAnimStateNames__19AnimationStateGraph	88	804eb124	804ea5de	ANIM_TB_HERO_IDLE_MIRROR
sAnimStateNames__19AnimationStateGraph	89	804eb124	804ea5f7	ANIM_TB_HERO_LOWHITPOWERSTART
sAnimStateNames__19AnimationStateGraph	90	804eb124	804ea615	ANIM_TB_HERO_LOWHITPOWERIDLE
sAnimStateNames__19AnimationStateGraph	91	804eb124	804ea632	ANIM_TB_HERO_LOWHITPOWEREND
sAnimStateNames__19AnimationStateGraph	92	804eb124	804ea64e	ANIM_TB_HERO_LOWHITPOWERSTART_MIRROR
sAnimStateNames__19AnimationStateGraph	93	804eb124	804ea673	ANIM_TB_HERO_LOWHITPOWERIDLE_MIRROR
sAnimStateNames__19AnimationStateGraph	94	804eb124	804ea697	ANIM_TB_HERO_LOWHITPOWEREND_MIRROR
sAnimStateNames__19AnimationStateGraph	95	804eb124	804ea6ba	ANIM_TB_HERO_WINNER
sAnimStateNames__19AnimationStateGraph	96	804eb124	804ea6ce	ANIM_TB_BOSS_IDLE
sAnimStateNames__19AnimationStateGraph	97	804eb124	804ea6e0	ANIM_BUGHUNT_IDLE
sAnimStateNames__19AnimationStateGraph	98	804eb124	804ea6f2	ANIM_BUGHUNT_RUN
sAnimStateNames__19AnimationStateGraph	99	804eb124	804ea703	ANIM_BUGHUNT_RUNSWING
sAnimStateNames__19AnimationStateGraph	100	804eb124	804ea719	ANIM_BUGHUNT_STANDSWING
sAnimStateNames__19AnimationStateGraph	101	804eb124	804ea731	ANIM_BUGHUNT_STUN
sAnimStateNames__19AnimationStateGraph	102	804eb124	804ea743	ANIM_BUGHUNT_BURNING_NET
sAnimStateNames__19AnimationStateGraph	103	804eb124	804ea75c	ANIM_BUGHUNT_MEGASWIPE
sAnimStateNames__19AnimationStateGraph	104	804eb124	804ea773	ANIM_BUGHUNT_DUMMY_STATE
sAnimStateNames__19AnimationStateGraph	105	804eb124	804ea78c	ANIM_DB_IDLE
sAnimStateNames__19AnimationStateGraph	106	804eb124	804ea799	ANIM_DB_IDLEBALL
sAnimStateNames__19AnimationStateGraph	107	804eb124	804ea7aa	ANIM_DB_DODGELEFT
sAnimStateNames__19AnimationStateGraph	108	804eb124	804ea7bc	ANIM_DB_DODGERIGHT
sAnimStateNames__19AnimationStateGraph	109	804eb124	804ea7cf	ANIM_DB_DODGELEFTBALL
sAnimStateNames__19AnimationStateGraph	110	804eb124	804ea7e5	ANIM_DB_DODGERIGHTBALL
sAnimStateNames__19AnimationStateGraph	111	804eb124	804ea7fc	ANIM_DB_THROW
sAnimStateNames__19AnimationStateGraph	112	804eb124	804ea80a	ANIM_DB_THROWPOWER
sAnimStateNames__19AnimationStateGraph	113	804eb124	804ea81d	ANIM_DB_THROWMEGA
sAnimStateNames__19AnimationStateGraph	114	804eb124	804ea82f	ANIM_DB_RUN
sAnimStateNames__19AnimationStateGraph	115	804eb124	804ea83b	ANIM_DB_RUNBACK
sAnimStateNames__19AnimationStateGraph	116	804eb124	804ea84b	ANIM_DB_RUNBALL
sAnimStateNames__19AnimationStateGraph	117	804eb124	804ea85b	ANIM_DB_RUNBACKBALL
sAnimStateNames__19AnimationStateGraph	118	804eb124	804ea86f	ANIM_DB_STARTIDLE
sAnimStateNames__19AnimationStateGraph	119	804eb124	804ea881	ANIM_DB_BOOST
sAnimStateNames__19AnimationStateGraph	120	804eb124	804ea88f	ANIM_DB_STUMBLE
sAnimStateNames__19AnimationStateGraph	121	804eb124	804ea89f	ANIM_DB_STRAFELEFT
sAnimStateNames__19AnimationStateGraph	122	804eb124	804ea8b2	ANIM_DB_STRAFERIGHT
sAnimStateNames__19AnimationStateGraph	123	804eb124	804ea8c6	ANIM_DB_STRAFELEFTBALL
sAnimStateNames__19AnimationStateGraph	124	804eb124	804ea8dd	ANIM_DB_STRAFERIGHTBALL
sAnimStateNames__19AnimationStateGraph	125	804eb124	804ea8f5	ANIM_DB_CATCH
sAnimStateNames__19AnimationStateGraph	126	804eb124	804ea903	ANIM_DB_BLOCK
sAnimStateNames__19AnimationStateGraph	127	804eb124	804ea911	ANIM_DB_BOBBLESTART
sAnimStateNames__19AnimationStateGraph	128	804eb124	804ea925	ANIM_DB_BOBBLECATCH
sAnimStateNames__19AnimationStateGraph	129	804eb124	804ea939	ANIM_DB_BOBBLEDROP
sAnimStateNames__19AnimationStateGraph	130	804eb124	804ea94c	ANIM_DB_HIT
sAnimStateNames__19AnimationStateGraph	131	804eb124	804ea958	ANIM_DB_HITPOWER
sAnimStateNames__19AnimationStateGraph	132	804eb124	804ea969	ANIM_DB_HIT_PAUSE
sAnimStateNames__19AnimationStateGraph	133	804eb124	804ea97b	ANIM_DB_HITPOWER_PAUSE
sAnimStateNames__19AnimationStateGraph	134	804eb124	804ea992	ANIM_DB_READY1
sAnimStateNames__19AnimationStateGraph	135	804eb124	804ea9a1	ANIM_DB_READY2
sAnimStateNames__19AnimationStateGraph	136	804eb124	804ea9b0	ANIM_DB_READY3
sAnimStateNames__19AnimationStateGraph	137	804eb124	804ea9bf	ANIM_DB_READY4
sAnimStateNames__19AnimationStateGraph	138	804eb124	804ea9ce	ANIM_DB_WINNER
sAnimStateNames__19AnimationStateGraph	139	804eb124	804ea9dd	ANIM_DB_BOSS_IDLE
sAnimStateNames__19AnimationStateGraph	140	804eb124	804ea9ef	ANIM_SC_IDLE
sAnimStateNames__19AnimationStateGraph	141	804eb124	804ea9fc	ANIM_SC_RUN
sAnimStateNames__19AnimationStateGraph	142	804eb124	804eaa08	ANIM_SC_STRAFELEFT
sAnimStateNames__19AnimationStateGraph	143	804eb124	804eaa1b	ANIM_SC_STRAFERIGHT
sAnimStateNames__19AnimationStateGraph	144	804eb124	804eaa2f	ANIM_SC_STRAFEBACK
sAnimStateNames__19AnimationStateGraph	145	804eb124	804eaa42	ANIM_SC_SERVEIDLE
sAnimStateNames__19AnimationStateGraph	146	804eb124	804eaa54	ANIM_SC_SERVE
sAnimStateNames__19AnimationStateGraph	147	804eb124	804eaa62	ANIM_SC_JUGGLEIDLE
sAnimStateNames__19AnimationStateGraph	148	804eb124	804eaa75	ANIM_SC_JUGGLE
sAnimStateNames__19AnimationStateGraph	149	804eb124	804eaa84	ANIM_SC_DIVELEFT
sAnimStateNames__19AnimationStateGraph	150	804eb124	804eaa95	ANIM_SC_DIVERIGHT
sAnimStateNames__19AnimationStateGraph	151	804eb124	804eaaa7	ANIM_SC_JUMPSTART
sAnimStateNames__19AnimationStateGraph	152	804eb124	804eaab9	ANIM_SC_JUMPIDLE
sAnimStateNames__19AnimationStateGraph	153	804eb124	804eaaca	ANIM_SC_JUMPEND
sAnimStateNames__19AnimationStateGraph	154	804eb124	804eaada	ANIM_SC_JUMPKICKSTART
sAnimStateNames__19AnimationStateGraph	155	804eb124	804eaaf0	ANIM_SC_JUMPKICKEND
sAnimStateNames__19AnimationStateGraph	156	804eb124	804eab04	ANIM_SC_BLOCKSTART
sAnimStateNames__19AnimationStateGraph	157	804eb124	804eab17	ANIM_SC_BLOCKEND
sAnimStateNames__19AnimationStateGraph	158	804eb124	804eab28	ANIM_SC_BICYCLEKICKSTART
sAnimStateNames__19AnimationStateGraph	159	804eb124	804eab41	ANIM_SC_BICYCLEKICKEND
sAnimStateNames__19AnimationStateGraph	160	804eb124	804eab58	ANIM_SC_SPIKEHEADERSTART
sAnimStateNames__19AnimationStateGraph	161	804eb124	804eab71	ANIM_SC_SPIKEHEADEREND
sAnimStateNames__19AnimationStateGraph	162	804eb124	804eab88	ANIM_SC_MEGAKICK1
sAnimStateNames__19AnimationStateGraph	163	804eb124	804eab9a	ANIM_SC_MEGAKICK2
sAnimStateNames__19AnimationStateGraph	164	804eb124	804eabac	ANIM_SC_HEADER
sAnimStateNames__19AnimationStateGraph	165	804eb124	804eabbb	ANIM_SC_CELEBGOAL
sAnimStateNames__19AnimationStateGraph	166	804eb124	804eabcd	ANIM_SC_CELEBWIN1
sAnimStateNames__19AnimationStateGraph	167	804eb124	804eabdf	ANIM_SC_CELEBWIN2
sAnimStateNames__19AnimationStateGraph	168	804eb124	804eabf1	ANIM_SC_BOSS_IDLE
sAnimStateNames__19AnimationStateGraph	169	804eb124	804eac03	ANIM_DS_BLOCK
sAnimStateNames__19AnimationStateGraph	170	804eb124	804eac11	ANIM_DS_DODGE
sAnimStateNames__19AnimationStateGraph	171	804eb124	804eac1f	ANIM_DS_IDLE
sAnimStateNames__19AnimationStateGraph	172	804eb124	804eac2c	ANIM_DS_DRAWCENTER
sAnimStateNames__19AnimationStateGraph	173	804eb124	804eac3f	ANIM_DS_DRAWIDLE
sAnimStateNames__19AnimationStateGraph	174	804eb124	804eac50	ANIM_DS_DRAWLEFT
sAnimStateNames__19AnimationStateGraph	175	804eb124	804eac61	ANIM_DS_DRAWRIGHT
sAnimStateNames__19AnimationStateGraph	176	804eb124	804eac73	ANIM_DS_SHOOTLEFT
sAnimStateNames__19AnimationStateGraph	177	804eb124	804eac85	ANIM_DS_SHOOTRIGHT
sAnimStateNames__19AnimationStateGraph	178	804eb124	804eac98	ANIM_DS_RUNSHOOTLEFT
sAnimStateNames__19AnimationStateGraph	179	804eb124	804eacad	ANIM_DS_RUNSHOOTRIGHT
sAnimStateNames__19AnimationStateGraph	180	804eb124	804eacc3	ANIM_DS_BOSSDEATH
sAnimStateNames__19AnimationStateGraph	181	804eb124	804eacd5	ANIM_DS_BOSSIDLE
sAnimStateNames__19AnimationStateGraph	182	804eb124	804eace6	ANIM_DS_BOSSDRAW
sAnimStateNames__19AnimationStateGraph	183	804eb124	804eacf7	ANIM_DS_BOSSMEGALEFT
sAnimStateNames__19AnimationStateGraph	184	804eb124	804ead0c	ANIM_DS_BOSSMEGARIGHT
sAnimStateNames__19AnimationStateGraph	185	804eb124	804ead22	ANIM_DS_HEADSHOT
sAnimStateNames__19AnimationStateGraph	186	804eb124	804ead33	ANIM_DS_HIT
sAnimStateNames__19AnimationStateGraph	187	804eb124	804ead3f	ANIM_DS_ENTER1
sAnimStateNames__19AnimationStateGraph	188	804eb124	804ead4e	ANIM_DS_ENTER2
sAnimStateNames__19AnimationStateGraph	189	804eb124	804ead5d	ANIM_DS_ENTER3
sAnimStateNames__19AnimationStateGraph	190	804eb124	804ead6c	ANIM_DS_ENTER4
sAnimStateNames__19AnimationStateGraph	191	804eb124	804ead7b	ANIM_DS_ENTER5
sAnimStateNames__19AnimationStateGraph	192	804eb124	804ead8a	ANIM_DS_LEAVE1
sAnimStateNames__19AnimationStateGraph	193	804eb124	804ead99	ANIM_DS_LEAVE2
sAnimStateNames__19AnimationStateGraph	194	804eb124	804eada8	ANIM_DS_LEAVE3
sAnimStateNames__19AnimationStateGraph	195	804eb124	804eadb7	ANIM_DS_LEAVE4
sAnimStateNames__19AnimationStateGraph	196	804eb124	804eadc6	ANIM_DS_LEAVE5
sAnimStateNames__19AnimationStateGraph	197	804eb124	804eadd5	ANIM_DS_BOSSWORLDIDLE
sAnimStateNames__19AnimationStateGraph	198	804eb124	804eadeb	ANIM_WB_FOREHAND
sAnimStateNames__19AnimationStateGraph	199	804eb124	804eadfc	ANIM_WB_BACKHAND
sAnimStateNames__19AnimationStateGraph	200	804eb124	804eae0d	ANIM_WB_DIVE_LEFT
sAnimStateNames__19AnimationStateGraph	201	804eb124	804eae1f	ANIM_WB_DIVE_RIGHT
sAnimStateNames__19AnimationStateGraph	202	804eb124	804eae32	ANIM_WB_SERVE
sAnimStateNames__19AnimationStateGraph	203	804eb124	804eae40	ANIM_WB_SERVE_START
sAnimStateNames__19AnimationStateGraph	204	804eb124	804eae54	ANIM_WB_SERVE_IDLE
sAnimStateNames__19AnimationStateGraph	205	804eb124	804eae67	ANIM_WB_SERVE_END
sAnimStateNames__19AnimationStateGraph	206	804eb124	804eae79	ANIM_WB_MEGAHIT_START
sAnimStateNames__19AnimationStateGraph	207	804eb124	804eae8f	ANIM_WB_MEGAHIT_END
sAnimStateNames__19AnimationStateGraph	208	804eb124	804eaea3	ANIM_WB_GET_HIT
sAnimStateNames__19AnimationStateGraph	209	804eb124	804eaeb3	ANIM_WB_WIN
sAnimStateNames__19AnimationStateGraph	210	804eb124	804eaebf	ANIM_WB_BOSS_WIN
sAnimStateNames__19AnimationStateGraph	211	804eb124	804eaed0	ANIM_WB_LOSS
sAnimStateNames__19AnimationStateGraph	212	804eb124	804eaedd	ANIM_WB_BOSS_IDLE
sAnimStateNames__19AnimationStateGraph	213	804eb124	804eaeef	ANIM_PA_THROW
sAnimStateNames__19AnimationStateGraph	214	804eb124	804eaefd	ANIM_PA_IDLE
sAnimStateNames__19AnimationStateGraph	215	804eb124	804eaf0a	ANIM_PA_BOSS_IDLE
sAnimStateNames__19AnimationStateGraph	216	804eb124	804eaf1c	ANIM_RC_BOSS_IDLE
sAnimStateNames__19AnimationStateGraph	217	804eb124	804eaf2e	ANIM_SELECTKID_RUN
sAnimStateNames__19AnimationStateGraph	218	804eb124	804eaf41	ANIM_SELECTKID_CELEBRATE
sAnimStateNames__19AnimationStateGraph	219	804eb124	804eaf5a	ANIM_CONV_01
sAnimStateNames__19AnimationStateGraph	220	804eb124	804eaf67	ANIM_CONV_02
sAnimStateNames__19AnimationStateGraph	221	804eb124	804eaf74	ANIM_CONV_PROP_01
sAnimStateNames__19AnimationStateGraph	222	804eb124	804eaf86	ANIM_CONV_PROP_02
sAnimStateNames__19AnimationStateGraph	223	804eb124	804eaf98	ANIM_CONV_DART
sAnimStateNames__19AnimationStateGraph	224	804eb124	804eafa7	ANIM_CONV_PA
sAnimStateNames__19AnimationStateGraph	225	804eb124	804eafb4	ANIM_CELEB_GENERIC1
sAnimStateNames__19AnimationStateGraph	226	804eb124	804eafc8	ANIM_CELEB_GENERIC2
sAnimStateNames__19AnimationStateGraph	227	804eb124	804eafdc	ANIM_CELEB_GENERIC3
sAnimStateNames__19AnimationStateGraph	228	804eb124	804eaff0	ANIM_CELEB_GENERIC4
sAnimStateNames__19AnimationStateGraph	229	804eb124	804eb004	ANIM_CELEB_ALICIA
sAnimStateNames__19AnimationStateGraph	230	804eb124	804eb016	ANIM_CELEB_JAZZ
sAnimStateNames__19AnimationStateGraph	231	804eb124	804eb026	ANIM_CELEB_JOSUN
sAnimStateNames__19AnimationStateGraph	232	804eb124	804eb037	ANIM_CELEB_KALIA
sAnimStateNames__19AnimationStateGraph	233	804eb124	804eb048	ANIM_CELEB_KEN
sAnimStateNames__19AnimationStateGraph	234	804eb124	804eb057	ANIM_CELEB_NERDY
sAnimStateNames__19AnimationStateGraph	235	804eb124	804eb068	ANIM_CELEB_SKATER
sAnimStateNames__19AnimationStateGraph	236	804eb124	804eb07a	ANIM_CELEB_TIMOTHY
sAnimStateNames__19AnimationStateGraph	237	804eb124	804eb08d	ANIM_CELEB_STICKERKID
sAnimStateNames__19AnimationStateGraph	238	804eb124	804eb0a3	ANIM_CONV_SK
sAnimStateNames__19AnimationStateGraph	239	804eb124	804eb0b0	ANIM_SK_IDLE
sAnimStateNames__19AnimationStateGraph	240	804eb124	804eb0bd	ANIM_SK_BAG_REACH
sAnimStateNames__19AnimationStateGraph	241	804eb124	804eb0cf	ANIM_EG_CELEB_01
sAnimStateNames__19AnimationStateGraph	242	804eb124	804eb0e0	ANIM_EG_CELEB_02
sAnimStateNames__19AnimationStateGraph	243	804eb124	804eb0f1	ANIM_EG_CELEB_03
sAnimStateNames__19AnimationStateGraph	244	804eb124	804eb102	ANIM_EG_CELEB_04
sAnimStateNames__19AnimationStateGraph	245	804eb124	804eb113	ANIM_EG_CELEB_05
kOptionDSShieldTypesStringId	0	805ff13c	804d5196	B_Normal
kOptionDSShieldTypesStringId	1	805ff13c	805ff135	B_Big
DSObjectFilenames	0	805ff520	804d9400	ds_object_can
DSObjectFilenames	1	805ff520	804d940e	ds_object_health
PAObstacleFilenames	0	805ff648	805ff640	kite
PAObstacleFilenames	1	805ff648	804db728	pa_sprinkler
RcCarModelFilenames	0	805ff73c	804dc5c0	rc_buggy
RcCarModelFilenames	1	805ff73c	804dc5c9	rc_touring
RcCarModelTexturenames	0	805ff744	804dc5d4	rc_bodyTextures_P1
RcCarModelTexturenames	1	805ff744	804dc5e7	rc_mainbody_blue
