# func_addr	global_symbol (accessed via r13/r2 small-data or lis/addi)
80013d00	sPCodeData
80013d00	CurrentVariation__12EAGLInternal
80013e34	sPCodeData
80013e34	gTevStages__Q24EAGL9TevStages
8001408c	gNumVolatiles__15GeoPrim_Gouraud
8001408c	sPCodeData
8001408c	rm_Gouraud
8001408c	Gouraud_FieldNames
8001408c	Gouraud_FieldSizes
800140f8	sPCodeData
800140f8	CurrentVariation__12EAGLInternal
80014220	sPCodeData
80014220	gTevStages__Q24EAGL9TevStages
800145e0	gNumVolatiles__18GeoPrim_GouraudApt
800145e0	sPCodeData
800145e0	rm_GouraudApt
800145e0	GouraudApt_FieldNames
800145e0	GouraudApt_FieldSizes
8001464c	gRenTextureMatrixPalette
8001464c	sPCodeData
8001464c	csAninationFile__Q39textinput8keyboard6pctype
8001464c	CurrentVariation__12EAGLInternal
8001487c	sPCodeData
8001487c	gTevStages__Q24EAGL9TevStages
80014b88	gNumVolatiles__33GeoPrim_PlaygroundAnimatedTexture
80014b88	sPCodeData
80014b88	rm_PlaygroundAnimatedTexture
80014b88	PlaygroundAnimatedTexture_FieldNames
80014b88	PlaygroundAnimatedTexture_FieldSizes
80014bf4	sPCodeData
80014bf4	CurrentVariation__12EAGLInternal
80014d98	sPCodeData
80014d98	gTevStages__Q24EAGL9TevStages
80015060	gNumVolatiles__42GeoPrim_PlaygroundCharFaceToonShade_HWSkin
80015060	sPCodeData
80015060	rm_PlaygroundCharFaceToonShade_HWSkin
80015060	PlaygroundCharFaceToonShade_HWSkin_FieldNames
80015060	PlaygroundCharFaceToonShade_HWSkin_FieldSizes
800150cc	sPCodeData
800150cc	CurrentVariation__12EAGLInternal
80015208	sPCodeData
80015208	gTevStages__Q24EAGL9TevStages
800154a8	gNumVolatiles__48GeoPrim_PlaygroundCompressPlaceableShadow_HWSkin
800154a8	sPCodeData
800154a8	rm_PlaygroundCompressPlaceableShadow_HWSkin
800154a8	PlaygroundCompressPlaceableShadow_HWSkin_FieldNames
800154a8	PlaygroundCompressPlaceableShadow_HWSkin_FieldSizes
80015514	sPCodeData
80015514	CurrentVariation__12EAGLInternal
80015650	sPCodeData
80015650	gTevStages__Q24EAGL9TevStages
800158f0	gNumVolatiles__39GeoPrim_PlaygroundCompressShadow_HWSkin
800158f0	sPCodeData
800158f0	rm_PlaygroundCompressShadow_HWSkin
800158f0	PlaygroundCompressShadow_HWSkin_FieldNames
800158f0	PlaygroundCompressShadow_HWSkin_FieldSizes
8001595c	sPCodeData
8001595c	CurrentVariation__12EAGLInternal
80015b00	sPCodeData
80015b00	gTevStages__Q24EAGL9TevStages
80015dc8	gNumVolatiles__42GeoPrim_PlaygroundCompressToonShade_HWSkin
80015dc8	sPCodeData
80015dc8	rm_PlaygroundCompressToonShade_HWSkin
80015dc8	PlaygroundCompressToonShade_HWSkin_FieldNames
80015dc8	PlaygroundCompressToonShade_HWSkin_FieldSizes
80015e34	sPCodeData
80015e34	CurrentVariation__12EAGLInternal
80015fbc	sPCodeData
80015fbc	gTevStages__Q24EAGL9TevStages
80016284	gNumVolatiles__37GeoPrim_PlaygroundLitPlaceable_HWSkin
80016284	sPCodeData
80016284	rm_PlaygroundLitPlaceable_HWSkin
80016284	PlaygroundLitPlaceable_HWSkin_FieldNames
80016284	PlaygroundLitPlaceable_HWSkin_FieldSizes
800162f0	sPCodeData
800162f0	CurrentVariation__12EAGLInternal
80016424	sPCodeData
80016424	gTevStages__Q24EAGL9TevStages
80016740	gNumVolatiles__24GeoPrim_PlaygroundShadow
80016740	sPCodeData
80016740	rm_PlaygroundShadow
80016740	PlaygroundShadow_FieldNames
80016740	PlaygroundShadow_FieldSizes
800167ac	sPCodeData
800167ac	CurrentVariation__12EAGLInternal
800168e8	sPCodeData
800168e8	gTevStages__Q24EAGL9TevStages
80016ba0	gNumVolatiles__31GeoPrim_PlaygroundShadow_HWSkin
80016ba0	sPCodeData
80016ba0	rm_PlaygroundShadow_HWSkin
80016ba0	PlaygroundShadow_HWSkin_FieldNames
80016ba0	PlaygroundShadow_HWSkin_FieldSizes
80016c0c	sPCodeData
80016c0c	csAninationFile__Q39textinput8keyboard6pctype
80016c0c	CurrentVariation__12EAGLInternal
80016dcc	sPCodeData
80016dcc	gTevStages__Q24EAGL9TevStages
800170d8	gNumVolatiles__25GeoPrim_PlaygroundTexture
800170d8	sPCodeData
800170d8	rm_PlaygroundTexture
800170d8	PlaygroundTexture_FieldNames
800170d8	PlaygroundTexture_FieldSizes
80017144	sPCodeData
80017144	csAninationFile__Q39textinput8keyboard6pctype
80017144	CurrentVariation__12EAGLInternal
80017348	sPCodeData
80017348	gTevStages__Q24EAGL9TevStages
800176a4	gNumVolatiles__33GeoPrim_PlaygroundTextureAlphaDXT
800176a4	sPCodeData
800176a4	rm_PlaygroundTextureAlphaDXT
800176a4	PlaygroundTextureAlphaDXT_FieldNames
800176a4	PlaygroundTextureAlphaDXT_FieldSizes
80017710	sPCodeData
80017710	csAninationFile__Q39textinput8keyboard6pctype
80017710	CurrentVariation__12EAGLInternal
8001796c	sPCodeData
8001796c	gTevStages__Q24EAGL9TevStages
80017dc4	gNumVolatiles__37GeoPrim_PlaygroundTextureAlphaDXTBase
80017dc4	sPCodeData
80017dc4	rm_PlaygroundTextureAlphaDXTBase
80017dc4	PlaygroundTextureAlphaDXTBase_FieldNames
80017dc4	PlaygroundTextureAlphaDXTBase_FieldSizes
80017e30	sPCodeData
80017e30	csAninationFile__Q39textinput8keyboard6pctype
80017e30	CurrentVariation__12EAGLInternal
8001808c	sPCodeData
8001808c	gTevStages__Q24EAGL9TevStages
8001808c	csAninationFile__Q39textinput8keyboard6pctype
8001808c	gShadowTransformMatrix
800186d4	gNumVolatiles__43GeoPrim_PlaygroundTextureAlphaDXTBaseShadow
800186d4	sPCodeData
800186d4	rm_PlaygroundTextureAlphaDXTBaseShadow
800186d4	PlaygroundTextureAlphaDXTBaseShadow_FieldNames
800186d4	PlaygroundTextureAlphaDXTBaseShadow_FieldSizes
80018740	sPCodeData
80018740	csAninationFile__Q39textinput8keyboard6pctype
80018740	CurrentVariation__12EAGLInternal
80018944	sPCodeData
80018944	gTevStages__Q24EAGL9TevStages
80018944	gShadowTransformMatrix
80018ea4	gNumVolatiles__39GeoPrim_PlaygroundTextureAlphaDXTShadow
80018ea4	sPCodeData
80018ea4	rm_PlaygroundTextureAlphaDXTShadow
80018ea4	PlaygroundTextureAlphaDXTShadow_FieldNames
80018ea4	PlaygroundTextureAlphaDXTShadow_FieldSizes
80018f10	sPCodeData
80018f10	csAninationFile__Q39textinput8keyboard6pctype
80018f10	CurrentVariation__12EAGLInternal
800190b4	sPCodeData
800190b4	gTevStages__Q24EAGL9TevStages
800193c0	gNumVolatiles__35GeoPrim_PlaygroundTextureBakedLight
800193c0	sPCodeData
800193c0	rm_PlaygroundTextureBakedLight
800193c0	PlaygroundTextureBakedLight_FieldNames
800193c0	PlaygroundTextureBakedLight_FieldSizes
8001942c	sPCodeData
8001942c	csAninationFile__Q39textinput8keyboard6pctype
8001942c	CurrentVariation__12EAGLInternal
800195b8	sPCodeData
800195b8	gTevStages__Q24EAGL9TevStages
800195b8	gShadowTransformMatrix
80019afc	gNumVolatiles__41GeoPrim_PlaygroundTextureBakedLightShadow
80019afc	sPCodeData
80019afc	rm_PlaygroundTextureBakedLightShadow
80019afc	PlaygroundTextureBakedLightShadow_FieldNames
80019afc	PlaygroundTextureBakedLightShadow_FieldSizes
80019b68	sPCodeData
80019b68	csAninationFile__Q39textinput8keyboard6pctype
80019b68	CurrentVariation__12EAGLInternal
80019cf4	sPCodeData
80019cf4	gTevStages__Q24EAGL9TevStages
80019cf4	gShadowTransformMatrix
8001a254	gNumVolatiles__47GeoPrim_PlaygroundTextureBakedLightShadowDouble
8001a254	sPCodeData
8001a254	rm_PlaygroundTextureBakedLightShadowDouble
8001a254	PlaygroundTextureBakedLightShadowDouble_FieldNames
8001a254	PlaygroundTextureBakedLightShadowDouble_FieldSizes
8001a2c0	sPCodeData
8001a2c0	csAninationFile__Q39textinput8keyboard6pctype
8001a2c0	CurrentVariation__12EAGLInternal
8001a468	sPCodeData
8001a468	gTevStages__Q24EAGL9TevStages
8001a468	gShadowTransformMatrix
8001a9c8	gNumVolatiles__31GeoPrim_PlaygroundTextureShadow
8001a9c8	sPCodeData
8001a9c8	rm_PlaygroundTextureShadow
8001a9c8	PlaygroundTextureShadow_FieldNames
8001a9c8	PlaygroundTextureShadow_FieldSizes
8001aa34	sPCodeData
8001aa34	csAninationFile__Q39textinput8keyboard6pctype
8001aa34	CurrentVariation__12EAGLInternal
8001ac4c	sPCodeData
8001ac4c	gTevStages__Q24EAGL9TevStages
8001ac4c	gShadowTransformMatrix
8001b2f8	gNumVolatiles__37GeoPrim_PlaygroundTextureStaticShadow
8001b2f8	sPCodeData
8001b2f8	rm_PlaygroundTextureStaticShadow
8001b2f8	PlaygroundTextureStaticShadow_FieldNames
8001b2f8	PlaygroundTextureStaticShadow_FieldSizes
8001b364	sPCodeData
8001b364	csAninationFile__Q39textinput8keyboard6pctype
8001b364	CurrentVariation__12EAGLInternal
8001b510	sPCodeData
8001b510	gTevStages__Q24EAGL9TevStages
8001b7a4	gNumVolatiles__32GeoPrim_PlaygroundTexture_HWSkin
8001b7a4	sPCodeData
8001b7a4	rm_PlaygroundTexture_HWSkin
8001b7a4	PlaygroundTexture_HWSkin_FieldNames
8001b7a4	PlaygroundTexture_HWSkin_FieldSizes
8001b810	sPCodeData
8001b810	CurrentVariation__12EAGLInternal
8001b970	sPCodeData
8001b970	csAninationFile__Q39textinput8keyboard6pctype
8001b970	gTevStages__Q24EAGL9TevStages
8001bda0	gNumVolatiles__27GeoPrim_PlaygroundToonShade
8001bda0	sPCodeData
8001bda0	rm_PlaygroundToonShade
8001bda0	PlaygroundToonShade_FieldNames
8001bda0	PlaygroundToonShade_FieldSizes
8001be0c	sPCodeData
8001be0c	CurrentVariation__12EAGLInternal
8001bf94	sPCodeData
8001bf94	gTevStages__Q24EAGL9TevStages
8001c274	gNumVolatiles__34GeoPrim_PlaygroundToonShade_HWSkin
8001c274	sPCodeData
8001c274	rm_PlaygroundToonShade_HWSkin
8001c274	PlaygroundToonShade_HWSkin_FieldNames
8001c274	PlaygroundToonShade_HWSkin_FieldSizes
8001c2e0	sPCodeData
8001c2e0	csAninationFile__Q39textinput8keyboard6pctype
8001c2e0	CurrentVariation__12EAGLInternal
8001c480	sPCodeData
8001c480	csAninationFile__Q39textinput8keyboard6pctype
8001c480	gTevStages__Q24EAGL9TevStages
8001c480	gWorldLightWaterCutoff
8001c480	gWorldLightWaterScaler
8001cae8	gNumVolatiles__24GeoPrim_PlaygroundWater2
8001cae8	sPCodeData
8001cae8	rm_PlaygroundWater2
8001cae8	PlaygroundWater2_FieldNames
8001cae8	PlaygroundWater2_FieldSizes
8001cb54	gTevStages__Q24EAGL9TevStages
8001cb54	sPCodeData
8001cb54	CurrentVariation__12EAGLInternal
8001d0bc	sPCodeData
8001d3f0	csAninationFile__Q39textinput8keyboard6pctype
8001d478	gNumVolatiles__18GeoPrim_TextureApt
8001d478	sPCodeData
8001d478	rm_TextureApt
8001d478	TextureApt_FieldNames
8001d478	TextureApt_FieldSizes
802523e4	mpInstance__15TRCCoreHandlers
802523e4	msInitParams__15TRCCoreHandlers
80252454	mpInstance__15TRCCoreHandlers
8025261c	bForceSimulatedError
8025261c	SimulatedError
80252798	mpInstance__15TRCCoreHandlers
802527a4	mpInstance__15TRCCoreHandlers
802527b0	mpInstance__15TRCCoreHandlers
802527bc	mpInstance__15TRCCoreHandlers
802527c8	mpInstance__15TRCCoreHandlers
80252818	mpInstance__15TRCCoreHandlers
80252868	mpInstance__15TRCCoreHandlers
802528b8	mpInstance__15TRCCoreHandlers
80253878	m_pInstance__13TRCHomeButton
8025396c	mpInstance__15TRCCoreHandlers
80253b3c	m_pInstance__13TRCHomeButton
80253cd8	mpInstance__15TRCCoreHandlers
80253ce8	mpInstance__15TRCCoreHandlers
80253cf8	msInitParams__15TRCCoreHandlers
802962b8	rcmp_sys__4RCMP
80296598	rcmp_sys__4RCMP
80296600	rcmp_sys__4RCMP
80296754	rcmp_sys__4RCMP
802967e8	myalloc
802967e8	RCMP_global_VP6_skipK
802967e8	RCMP_global_VP6_skipK_frameNo
802968dc	rcmp_sys__4RCMP
80296a30	rcmp_sys__4RCMP
80296a30	RCMP_global_VP6_skipK
80296a30	RCMP_global_VP6_skipK_frameNo
80296f5c	rcmp_sys__4RCMP
80297058	rcmp_sys__4RCMP
80297084	rcmp_sys__4RCMP
80297108	myalloc
802971e4	rcmp_sys__4RCMP
8029730c	rcmp_sys__4RCMP
80297468	rcmp_sys__4RCMP
802975bc	rcmp_sys__4RCMP
802cc8bc	sAncientEvilInstance__11AncientEvil
802cc8f8	sAncientEvilInstance__11AncientEvil
802cc9c4	sAncientEvilInstance__11AncientEvil
802cca44	gWorld
802ccd74	GUID_BAD
802cce04	GUID_BAD
802cce1c	sDefaultPool__6MemMgr
802cce1c	sAncientEvilInstance__11AncientEvil
802cce60	sDefaultPool__6MemMgr
802cce60	mMaxSize__Q211AncientEvil19AIEntitySizeTracker
802cce60	mMaxSize__Q211AncientEvil21CompulsionSizeTracker
802cd238	GUID_BAD
802ce250	sAttributeKeySpeed__3PoI
802ce2d8	kWaitPoIAvailableIdles
802ce330	gWorld
802ce4ec	kObstacleAvoidanceRayCastAngles
802ce4ec	kObstacleAvoidanceRayCastDistances
802ce4ec	gWorld
802ce9a4	kFrustrationAnimation
802ceb28	sAttributeKeyAnimationID__3PoI
802ceb28	sAttributeKeyAnimationChance__3PoI
802cebcc	sAttributeKeyAnimationID__3PoI
802cf218	GUID_BAD
802cf218	sLookAtCharacterCompulsion
802cf218	sLookAtPointCompulsion
802cf218	sFidgetCompulsion
802cf218	sWanderCompulsion
802cf218	sPoICompulsion
802cf218	sActionPoICompulsion
802cf218	sTalkPoICompulsion
802cf218	sStaticAnimCompulsion
802cf218	sMoveToPointCompulsion
802cf2b8	mMaxSize__Q211AncientEvil21CompulsionSizeTracker
802cf484	sAncientEvilInstance__11AncientEvil
802cf504	GUID_BAD
802cf504	sMetaWorldPlayAIEntitySizeTracker
802cf544	mMaxSize__Q211AncientEvil19AIEntitySizeTracker
802cf634	sAncientEvilInstance__11AncientEvil
802cf6c4	GUID_BAD
802cf6c4	sMetaWorldStaticAIEntitySizeTracker
802cf704	GUID_BAD
802cf704	sAttributeKeyActive__3PoI
802cf704	sAttributeKeyInterestProximity__3PoI
802cf704	sAttributeKeysInitialized__3PoI
802cf704	sAttributeKeyPosition__3PoI
802cf704	sAttributeKeyPositionType__3PoI
802cf704	sAttributeKeyNumTagPoints__3PoI
802cf704	sAttributeKeyTagPoints__3PoI
802cf704	sAttributeKeyChainPrevious__3PoI
802cf9dc	sAttributeKeyGenderFilter__3PoI
802cf9dc	sAttributeKeyCharacterFilter__3PoI
802cf9dc	sAttributeKeySpawnTableFilter__3PoI
802cfb5c	sAttributeKeyTarget__3PoI
802cfb5c	sAttributeKeyTargetKey__3PoI
802cfb5c	gWorld
802cfbd8	GUID_BAD
802cfbf4	sAttributeKeyPositionType__3PoI
802cfc50	sAttributeKeyMinDuration__3PoI
802cfc50	sAttributeKeyMaxDuration__3PoI
802cfcc4	sAttributeKeyMinBoredom__3PoI
802cfcc4	sAttributeKeyMaxBoredom__3PoI
802cfd38	sAttributeKeyMinRecharge__3PoI
802cfd38	sAttributeKeyMaxRecharge__3PoI
802cfdac	sAttributeKeyMinInitialRecharge__3PoI
802cfdac	sAttributeKeyMaxInitialRecharge__3PoI
802cfe20	sAttributeKeyMinWait__3PoI
802cfe20	sAttributeKeyMaxWait__3PoI
802cfe94	sAttributeKeyMinUninterruptibleWaitTime__3PoI
802cfe94	sAttributeKeyMaxUninterruptibleWaitTime__3PoI
802cff08	sAttributeKeyMinUninterruptibleUseTime__3PoI
802cff08	sAttributeKeyMaxUninterruptibleUseTime__3PoI
802cff7c	sAttributeKeyTarget__3PoI
802cff7c	gWorld
802d014c	sAttributeKeyPositionType__3PoI
802d04d0	GUID_BAD
802d04e8	sAttributeKeyTarget__3PoI
802d04e8	gWorld
802d05b8	mInstance__11pgIDatabase
802d05b8	sClassKeyPoIs__3PoI
802d0634	mInstance__11pgIDatabase
802d0634	sClassKeyPoIs__3PoI
802d06b0	mInstance__11pgIDatabase
802d06b0	sClassKeyPoIs__3PoI
802d072c	mInstance__11pgIDatabase
802d072c	sClassKeyPoIs__3PoI
802d07b0	mInstance__11pgIDatabase
802d07b0	sClassKeyPoIs__3PoI
802d082c	mInstance__11pgIDatabase
802d082c	sClassKeyPoIs__3PoI
802d08a4	mInstance__11pgIDatabase
802d08a4	sClassKeyPoIs__3PoI
802d0a18	sAttributeKeysInitialized__3PoI
802d0a18	mInstance__11pgIDatabase
802d0a18	sClassKeyPoIs__3PoI
802d0a18	sAttributeKeyActive__3PoI
802d0a18	sAttributeKeyArea__3PoI
802d0a18	sAttributeKeyType__3PoI
802d0a18	sAttributeKeyCritical__3PoI
802d0a18	sAttributeKeyDefaultBehaviour__3PoI
802d0a18	sAttributeKeyInfiniteDuration__3PoI
802d0a18	sAttributeKeyExpire__3PoI
802d0a18	sAttributeKeySpeed__3PoI
802d0a18	sAttributeKeyTarget__3PoI
802d0a18	sAttributeKeyTargetKey__3PoI
802d0a18	sAttributeKeyPosition__3PoI
802d0a18	sAttributeKeyPositionType__3PoI
802d0a18	sAttributeKeyNumTagPoints__3PoI
802d0a18	sAttributeKeyInterestChance__3PoI
802d0a18	sAttributeKeyInterestProximity__3PoI
802d0a18	sAttributeKeyMinDuration__3PoI
802d0a18	sAttributeKeyMaxDuration__3PoI
802d0a18	sAttributeKeyMinBoredom__3PoI
802d0a18	sAttributeKeyMaxBoredom__3PoI
802d0a18	sAttributeKeyMinRecharge__3PoI
802d0a18	sAttributeKeyMaxRecharge__3PoI
802d0a18	sAttributeKeyMinInitialRecharge__3PoI
802d0a18	sAttributeKeyMaxInitialRecharge__3PoI
802d0a18	sAttributeKeyMinWait__3PoI
802d0a18	sAttributeKeyMaxWait__3PoI
802d0a18	sAttributeKeyMinUninterruptibleWaitTime__3PoI
802d0a18	sAttributeKeyMaxUninterruptibleWaitTime__3PoI
802d0a18	sAttributeKeyMinUninterruptibleUseTime__3PoI
802d0a18	sAttributeKeyMaxUninterruptibleUseTime__3PoI
802d0a18	sAttributeKeyCharacterFilter__3PoI
802d0a18	sAttributeKeySpawnTableFilter__3PoI
802d0a18	sAttributeKeyGenderFilter__3PoI
802d0a18	sAttributeKeyChainType__3PoI
802d0a18	sAttributeKeyChainPrevious__3PoI
802d0a18	sAttributeKeyChainContinueChance__3PoI
802d0a18	sAttributeKeyOnActivateScript__3PoI
802d0a18	sAttributeKeyOnInterestedScript__3PoI
802d0a18	sAttributeKeyOnActionStartScript__3PoI
802d0a18	sAttributeKeyOnActionEndScript__3PoI
802d0a18	sAttributeKeyAnimationID__3PoI
802d0a18	sAttributeKeyAnimationChance__3PoI
802d0a18	sAttributeKeyTagPoints__3PoI
802d0df8	sAttributeKeysInitialized__3PoI
802d0e04	mInstance__11pgIDatabase
802d0e04	sClassKeyPoIs__3PoI
802d0e04	sAttributeKeyType__3PoI
802d0e74	mInstance__11pgIDatabase
802d0e74	sClassKeyPoIs__3PoI
802d0e74	sAttributeKeyArea__3PoI
802d0fe4	GUID_BAD
802d0ffc	sAttributeKeysInitialized__8PoIGroup
802d0ffc	sAttributeKeyPoIs__8PoIGroup
802d0ffc	sAttributeKeyRequired__8PoIGroup
802d0ffc	sAttributeKeyMinCharacters__8PoIGroup
802d0ffc	sAttributeKeyForceFinish__8PoIGroup
802d0ffc	sAttributeKeyAllowWait__8PoIGroup
802d1298	gWorld
802d1470	mInstance__11pgIDatabase
802d1470	sClassKeyPoIGroups__8PoIGroup
802d14e8	mInstance__11pgIDatabase
802d14e8	sClassKeyPoIGroups__8PoIGroup
802d1570	mInstance__11pgIDatabase
802d1570	sClassKeyPoIGroups__8PoIGroup
802d15f0	mInstance__11pgIDatabase
802d15f0	sClassKeyPoIGroups__8PoIGroup
802d166c	mInstance__11pgIDatabase
802d166c	sClassKeyPoIGroups__8PoIGroup
802d16e8	sAncientEvilInstance__11AncientEvil
802d1704	sAttributeKeysInitialized__8PoIGroup
802d1704	mInstance__11pgIDatabase
802d1704	sClassKeyPoIGroups__8PoIGroup
802d1704	sAttributeKeyArea__8PoIGroup
802d1704	sAttributeKeyPoIs__8PoIGroup
802d1704	sAttributeKeyRequired__8PoIGroup
802d1704	sAttributeKeyMinCharacters__8PoIGroup
802d1704	sAttributeKeyAllowWait__8PoIGroup
802d1704	sAttributeKeyForceFinish__8PoIGroup
802d17dc	sAttributeKeysInitialized__8PoIGroup
802d17e8	mInstance__11pgIDatabase
802d17e8	sClassKeyPoIGroups__8PoIGroup
802d17e8	sAttributeKeyArea__8PoIGroup
802d1858	GUID_BAD
802d1870	sAncientEvilInstance__11AncientEvil
802d1870	sAttributeKeyDefaultBehaviour__3PoI
802d19c8	sAttributeKeyExpire__3PoI
802d19c8	sAttributeKeyCritical__3PoI
802d1dfc	sAncientEvilInstance__11AncientEvil
802d211c	sAttributeKeyChainType__3PoI
802d211c	sAncientEvilInstance__11AncientEvil
802d211c	sAttributeKeyChainContinueChance__3PoI
802d229c	sAttributeKeyCritical__3PoI
802d2410	sAttributeKeyCritical__3PoI
802d2560	GUID_BAD
802d26b0	gWorld
802d26b0	sAttributeKeyInterestChance__3PoI
802d2a44	mInstance__11pgIDatabase
802d2a44	sClassKeyPoIs__3PoI
802d2a44	sClassKeyPoIGroups__8PoIGroup
802d2da0	sAttributeKeyDefaultBehaviour__3PoI
802d2da0	sAttributeKeyCritical__3PoI
802d2f24	sAttributeKeyChainPrevious__3PoI
802d3298	GUID_BAD
802d33e4	sAncientEvilInstance__11AncientEvil
802d347c	GUID_BAD
802d347c	sSimpleMovementAIEntity
802d34e0	sThis__Q26Attrib8Database
802d3b60	sThis__Q26Attrib8Database
802d4108	GUID_BAD
802d45bc	sThis__Q26Attrib8Database
802d45bc	gByValueBytes__6Attrib
802d45bc	gSearchCacheLines__6Attrib
802d45bc	gTotalAttribNodes__6Attrib
802d4910	sThis__Q26Attrib8Database
802d4c20	sThis__Q26Attrib8Database
802d5140	sThis__Q26Attrib8Database
802d554c	sThis__Q26Attrib8Database
802d562c	sThis__Q26Attrib8Database
802d59d8	GUID_BAD
802d59f0	gExportPolicies__6Attrib
802d59f0	gDatabaseExportPolicy__6Attrib
802d59f0	gClassExportPolicy__6Attrib
802d59f0	gCollectionExportPolicy__6Attrib
802d59f0	gDatabaseType__6Attrib
802d59f0	gClassType__6Attrib
802d59f0	gCollectionType__6Attrib
802d6160	__files
802d65bc	__files
802d6738	gDatabaseSelfDestruct__6Attrib
802d6738	sThis__Q26Attrib8Database
802d6eec	sThis__Q26Attrib8Database
802d7010	sThis__Q26Attrib8Database
802d70ec	sThis__Q26Attrib8Database
802d71d4	sThis__Q26Attrib8Database
802d726c	sThis__Q26Attrib8Database
802d7328	sThis__Q26Attrib8Database
802d73cc	sThis__Q26Attrib8Database
802d76a0	sThis__Q26Attrib8Database
802d76a0	gDatabaseSelfDestruct__6Attrib
802d7778	__files
802d7778	sThis__Q26Attrib8Database
802d7ef8	__files
802d84f8	__files
802d85e0	__files
802d863c	GUID_BAD
802d863c	gDatabaseType__6Attrib
802d863c	gClassType__6Attrib
802d863c	gCollectionType__6Attrib
802d8e3c	GUID_BAD
802d8fc8	GUID_BAD
802d9f40	sThis__Q26Attrib8Database
802da1a8	GUID_BAD
802da1c0	gCurrMemory__6Attrib
802da1c0	gPeakMemory__6Attrib
802da34c	GUID_BAD
802da554	GUID_BAD
802da56c	gMGSFX_RCCars_Engine_1Handle__4Csis
802da56c	gMGSFX_RCCars_Engine_2Handle__4Csis
802da56c	gMGSFX_RCCars_Engine_3Handle__4Csis
802da56c	gMGSFX_RCCars_Engine_4Handle__4Csis
802da56c	gMGSFX_RCCars_CollisionHandle__4Csis
802da56c	gMGSFX_RCCars_MovesHandle__4Csis
802da56c	gMGSFX_RCCars_FireCrkrWick_LPHandle__4Csis
802da56c	gMGSFX_Tetherball_HitsHandle__4Csis
802da56c	gMGSFX_Dodgeball_ActionsHandle__4Csis
802da56c	gMGSFX_Dodgeball_BallHandle__4Csis
802da56c	gMGSFX_Grunts_FemaleHandle__4Csis
802da56c	gMGSFX_Grunts_MaleHandle__4Csis
802da56c	gMGSFX_MEGAGrunts_MaleHandle__4Csis
802da56c	gMGSFX_MEGAGrunts_FemaleHandle__4Csis
802da56c	gMGSFX_Damage_FemaleHandle__4Csis
802da56c	gMGSFX_Damage_MaleHandle__4Csis
802da56c	gMGSFX_GENERIC_CelebrationsHandle__4Csis
802da56c	gMGSFX_SIGNATURE_CelebrationsHandle__4Csis
802da56c	gMGSFX_HERO_CelebrationsHandle__4Csis
802da56c	gMGSFX_DB_SetupAnimHandle__4Csis
802da56c	gMGSFX_TB_WindupsHandle__4Csis
802da56c	gMGSFX_HUD_DBHandle__4Csis
802da56c	gMGSFX_HUD_RCHandle__4Csis
802da56c	gMGSFX_HUD_PAHandle__4Csis
802da56c	gMGSFX_HUD_DSHandle__4Csis
802da56c	gMGSFX_HUD_FootieHandle__4Csis
802da56c	gMGSFX_HUD_WBHandle__4Csis
802da56c	gMGSFX_HUD_TBHandle__4Csis
802da56c	gMGSFX_CommonHUDHandle__4Csis
802da56c	gMGSFX_HUD_CommonLPHandle__4Csis
802da56c	gMGSFX_PaperAirp_WindEngineHandle__4Csis
802da56c	gMGSFX_PaperAirpl_WindySFXHandle__4Csis
802da56c	gMGSFX_PaperAirpl_CollisionsHandle__4Csis
802da56c	gMGSFX_PaperAirpl_LaunchHandle__4Csis
802da56c	gMGSFX_PaperAirpl_Emitters_LPHandle__4Csis
802da56c	gMGSFX_Darts_Scrptd_TargetsHandle__4Csis
802da56c	gMGSFX_Darts_WeaponsHandle__4Csis
802da56c	gMGSFX_Darts_NPCHandle__4Csis
802da56c	gMGSFX_Darts_BulletTime_SFXHandle__4Csis
802da56c	gMGSFX_Darts_Boss_SupermoveHandle__4Csis
802da56c	gMGSFX_Darts_Boss_DeathHandle__4Csis
802da56c	gMGSFX_Darts_PinupTarg_MoveHandle__4Csis
802da56c	gMGSFX_Footie_BallHandle__4Csis
802da56c	gMGSFX_Footie_ActionsHandle__4Csis
802da56c	gMGSFX_Footie_CollisionsHandle__4Csis
802da56c	gMGSFX_WallBall_ActionsHandle__4Csis
802da56c	gMGSFX_WallBall_BallHandle__4Csis
802da56c	gMicroSFX_High5Handle__4Csis
802da56c	gMicroSFX_BugCatchHandle__4Csis
802da56c	gMicroSFX_BBall_DribbleHandle__4Csis
802da56c	gMicroSFX_FreeThrowHandle__4Csis
802da56c	gRandomHandle__4Csis
802da56c	gWSFX_FootstepsHandle__4Csis
802da56c	gWSFX_POIs_LPHandle__4Csis
802da56c	gWSFX_POIs_OOHandle__4Csis
802da56c	gWSFX_Boss_Idles_LPHandle__4Csis
802da56c	gWSFX_Boss_Idles_OOHandle__4Csis
802da56c	gWSFX_Amb_SchoolYrd_RndmElemHandle__4Csis
802da56c	gWSFX_Amb_Park_RndmElemHandle__4Csis
802da56c	gWSFX_Amb_Stadium_RndmElemHandle__4Csis
802da56c	gWSFX_Amb_NatureForest_RndmElemHandle__4Csis
802da56c	gFESFX_PreSelection_Anims_LPHandle__4Csis
802da56c	gUI_SfxHandle__4Csis
802da56c	gUI_Loop_SfxHandle__4Csis
802da56c	gAMB_SchoolyardHandle__4Csis
802da56c	gAMB_ParkHandle__4Csis
802da56c	gAMB_StadiumHandle__4Csis
802da56c	gAMB_Nature_ForestHandle__4Csis
802da56c	gMGSFX_Laughter_MHandle__4Csis
802da56c	gMGSFX_Laughter_FHandle__4Csis
802da56c	gWSFX_NISHandle__4Csis
802da56c	gWSFX_StickerBook_OpenHandle__4Csis
802da56c	gControlHandle__4Csis
802da56c	gPauseHandle__4Csis
802da56c	gGlobal_SFX_MasterHandle__4Csis
802da56c	gUI_Sfx_VolumeHandle__4Csis
802da56c	gGlobal_SFX_RC_Car_Engine_1Handle__4Csis
802da56c	gGlobal_SFX_RC_Car_Engine_2Handle__4Csis
802da56c	gGlobal_SFX_RC_Car_Engine_3Handle__4Csis
802da56c	gGlobal_SFX_RC_Car_Engine_4Handle__4Csis
802da56c	gGlobal_SFX_RC_Car_Engine_5Handle__4Csis
802da56c	gGlobal_SFX_RC_Car_Engine_6Handle__4Csis
802da56c	gGlobal_SFX_PaperAirp_WindEngineHandle__4Csis
802da56c	gGlobal_Ambience_VolHandle__4Csis
802dab7c	GUID_BAD
802dab94	GUID_BAD
802dad5c	gMGSFX_RCCars_Engine_1Handle__4Csis
802dad5c	MGSFX_RCCars_Engine_1Id__4Csis
802dad5c	gMGSFX_RCCars_Engine_2Handle__4Csis
802dad5c	MGSFX_RCCars_Engine_2Id__4Csis
802dad5c	gMGSFX_RCCars_Engine_3Handle__4Csis
802dad5c	MGSFX_RCCars_Engine_3Id__4Csis
802dad5c	gMGSFX_RCCars_Engine_4Handle__4Csis
802dad5c	MGSFX_RCCars_Engine_4Id__4Csis
802dad5c	gMGSFX_RCCars_CollisionHandle__4Csis
802dad5c	MGSFX_RCCars_CollisionId__4Csis
802dad5c	gMGSFX_RCCars_MovesHandle__4Csis
802dad5c	MGSFX_RCCars_MovesId__4Csis
802dad5c	gMGSFX_RCCars_FireCrkrWick_LPHandle__4Csis
802dad5c	MGSFX_RCCars_FireCrkrWick_LPId__4Csis
802dad5c	gMGSFX_Tetherball_HitsHandle__4Csis
802dad5c	MGSFX_Tetherball_HitsId__4Csis
802dad5c	gMGSFX_Dodgeball_ActionsHandle__4Csis
802dad5c	MGSFX_Dodgeball_ActionsId__4Csis
802dad5c	gMGSFX_Dodgeball_BallHandle__4Csis
802dad5c	MGSFX_Dodgeball_BallId__4Csis
802dad5c	gMGSFX_Grunts_FemaleHandle__4Csis
802dad5c	MGSFX_Grunts_FemaleId__4Csis
802dad5c	gMGSFX_Grunts_MaleHandle__4Csis
802dad5c	MGSFX_Grunts_MaleId__4Csis
802dad5c	gMGSFX_MEGAGrunts_MaleHandle__4Csis
802dad5c	MGSFX_MEGAGrunts_MaleId__4Csis
802dad5c	gMGSFX_MEGAGrunts_FemaleHandle__4Csis
802dad5c	MGSFX_MEGAGrunts_FemaleId__4Csis
802dad5c	gMGSFX_Damage_FemaleHandle__4Csis
802dad5c	MGSFX_Damage_FemaleId__4Csis
802dad5c	gMGSFX_Damage_MaleHandle__4Csis
802dad5c	MGSFX_Damage_MaleId__4Csis
802dad5c	gMGSFX_GENERIC_CelebrationsHandle__4Csis
802dad5c	MGSFX_GENERIC_CelebrationsId__4Csis
802dad5c	gMGSFX_SIGNATURE_CelebrationsHandle__4Csis
802dad5c	MGSFX_SIGNATURE_CelebrationsId__4Csis
802dad5c	gMGSFX_HERO_CelebrationsHandle__4Csis
802dad5c	MGSFX_HERO_CelebrationsId__4Csis
802dad5c	gMGSFX_DB_SetupAnimHandle__4Csis
802dad5c	MGSFX_DB_SetupAnimId__4Csis
802dad5c	gMGSFX_TB_WindupsHandle__4Csis
802dad5c	MGSFX_TB_WindupsId__4Csis
802dad5c	gMGSFX_HUD_DBHandle__4Csis
802dad5c	MGSFX_HUD_DBId__4Csis
802dad5c	gMGSFX_HUD_RCHandle__4Csis
802dad5c	MGSFX_HUD_RCId__4Csis
802dad5c	gMGSFX_HUD_PAHandle__4Csis
802dad5c	MGSFX_HUD_PAId__4Csis
802dad5c	gMGSFX_HUD_DSHandle__4Csis
802dad5c	MGSFX_HUD_DSId__4Csis
802dad5c	gMGSFX_HUD_FootieHandle__4Csis
802dad5c	MGSFX_HUD_FootieId__4Csis
802dad5c	gMGSFX_HUD_WBHandle__4Csis
802dad5c	MGSFX_HUD_WBId__4Csis
802dad5c	gMGSFX_HUD_TBHandle__4Csis
802dad5c	MGSFX_HUD_TBId__4Csis
802dad5c	gMGSFX_CommonHUDHandle__4Csis
802dad5c	MGSFX_CommonHUDId__4Csis
802dad5c	gMGSFX_HUD_CommonLPHandle__4Csis
802dad5c	MGSFX_HUD_CommonLPId__4Csis
802dad5c	gMGSFX_PaperAirp_WindEngineHandle__4Csis
802dad5c	MGSFX_PaperAirp_WindEngineId__4Csis
802dad5c	gMGSFX_PaperAirpl_WindySFXHandle__4Csis
802dad5c	MGSFX_PaperAirpl_WindySFXId__4Csis
802dad5c	gMGSFX_PaperAirpl_CollisionsHandle__4Csis
802dad5c	MGSFX_PaperAirpl_CollisionsId__4Csis
802dad5c	gMGSFX_PaperAirpl_LaunchHandle__4Csis
802dad5c	MGSFX_PaperAirpl_LaunchId__4Csis
802dad5c	gMGSFX_PaperAirpl_Emitters_LPHandle__4Csis
802dad5c	MGSFX_PaperAirpl_Emitters_LPId__4Csis
802dad5c	gMGSFX_Darts_Scrptd_TargetsHandle__4Csis
802dad5c	MGSFX_Darts_Scrptd_TargetsId__4Csis
802dad5c	gMGSFX_Darts_WeaponsHandle__4Csis
802dad5c	MGSFX_Darts_WeaponsId__4Csis
802dad5c	gMGSFX_Darts_NPCHandle__4Csis
802dad5c	MGSFX_Darts_NPCId__4Csis
802dad5c	gMGSFX_Darts_BulletTime_SFXHandle__4Csis
802dad5c	MGSFX_Darts_BulletTime_SFXId__4Csis
802dad5c	gMGSFX_Darts_Boss_SupermoveHandle__4Csis
802dad5c	MGSFX_Darts_Boss_SupermoveId__4Csis
802dad5c	gMGSFX_Darts_Boss_DeathHandle__4Csis
802dad5c	MGSFX_Darts_Boss_DeathId__4Csis
802dad5c	gMGSFX_Darts_PinupTarg_MoveHandle__4Csis
802dad5c	MGSFX_Darts_PinupTarg_MoveId__4Csis
802dad5c	gMGSFX_Footie_BallHandle__4Csis
802dad5c	MGSFX_Footie_BallId__4Csis
802dad5c	gMGSFX_Footie_ActionsHandle__4Csis
802dad5c	MGSFX_Footie_ActionsId__4Csis
802dad5c	gMGSFX_Footie_CollisionsHandle__4Csis
802dad5c	MGSFX_Footie_CollisionsId__4Csis
802dad5c	gMGSFX_WallBall_ActionsHandle__4Csis
802dad5c	MGSFX_WallBall_ActionsId__4Csis
802dad5c	gMGSFX_WallBall_BallHandle__4Csis
802dad5c	MGSFX_WallBall_BallId__4Csis
802dad5c	gMicroSFX_High5Handle__4Csis
802dad5c	MicroSFX_High5Id__4Csis
802dad5c	gMicroSFX_BugCatchHandle__4Csis
802dad5c	MicroSFX_BugCatchId__4Csis
802dad5c	gMicroSFX_BBall_DribbleHandle__4Csis
802dad5c	MicroSFX_BBall_DribbleId__4Csis
802dad5c	gMicroSFX_FreeThrowHandle__4Csis
802dad5c	MicroSFX_FreeThrowId__4Csis
802dad5c	gRandomHandle__4Csis
802dad5c	RandomId__4Csis
802dad5c	gWSFX_FootstepsHandle__4Csis
802dad5c	WSFX_FootstepsId__4Csis
802dad5c	gWSFX_POIs_LPHandle__4Csis
802dad5c	WSFX_POIs_LPId__4Csis
802dad5c	gWSFX_POIs_OOHandle__4Csis
802dad5c	WSFX_POIs_OOId__4Csis
802dad5c	gWSFX_Boss_Idles_LPHandle__4Csis
802dad5c	WSFX_Boss_Idles_LPId__4Csis
802dad5c	gWSFX_Boss_Idles_OOHandle__4Csis
802dad5c	WSFX_Boss_Idles_OOId__4Csis
802dad5c	gWSFX_Amb_SchoolYrd_RndmElemHandle__4Csis
802dad5c	WSFX_Amb_SchoolYrd_RndmElemId__4Csis
802dad5c	gWSFX_Amb_Park_RndmElemHandle__4Csis
802dad5c	WSFX_Amb_Park_RndmElemId__4Csis
802dad5c	gWSFX_Amb_Stadium_RndmElemHandle__4Csis
802dad5c	WSFX_Amb_Stadium_RndmElemId__4Csis
802dad5c	gWSFX_Amb_NatureForest_RndmElemHandle__4Csis
802dad5c	WSFX_Amb_NatureForest_RndmElemId__4Csis
802dad5c	gFESFX_PreSelection_Anims_LPHandle__4Csis
802dad5c	FESFX_PreSelection_Anims_LPId__4Csis
802dad5c	gUI_SfxHandle__4Csis
802dad5c	UI_SfxId__4Csis
802dad5c	gUI_Loop_SfxHandle__4Csis
802dad5c	UI_Loop_SfxId__4Csis
802dad5c	gAMB_SchoolyardHandle__4Csis
802dad5c	AMB_SchoolyardId__4Csis
802dad5c	gAMB_ParkHandle__4Csis
802dad5c	AMB_ParkId__4Csis
802dad5c	gAMB_StadiumHandle__4Csis
802dad5c	AMB_StadiumId__4Csis
802dad5c	gAMB_Nature_ForestHandle__4Csis
802dad5c	AMB_Nature_ForestId__4Csis
802dad5c	gMGSFX_Laughter_MHandle__4Csis
802dad5c	MGSFX_Laughter_MId__4Csis
802dad5c	gMGSFX_Laughter_FHandle__4Csis
802dad5c	MGSFX_Laughter_FId__4Csis
802dad5c	gWSFX_NISHandle__4Csis
802dad5c	WSFX_NISId__4Csis
802dad5c	gWSFX_StickerBook_OpenHandle__4Csis
802dad5c	WSFX_StickerBook_OpenId__4Csis
802dad5c	gControlHandle__4Csis
802dad5c	ControlId__4Csis
802dad5c	gPauseHandle__4Csis
802dad5c	PauseId__4Csis
802dad5c	gGlobal_SFX_MasterHandle__4Csis
802dad5c	Global_SFX_MasterId__4Csis
802dad5c	gUI_Sfx_VolumeHandle__4Csis
802dad5c	UI_Sfx_VolumeId__4Csis
802dad5c	gGlobal_SFX_RC_Car_Engine_1Handle__4Csis
802dad5c	Global_SFX_RC_Car_Engine_1Id__4Csis
802dad5c	gGlobal_SFX_RC_Car_Engine_2Handle__4Csis
802dad5c	Global_SFX_RC_Car_Engine_2Id__4Csis
802dad5c	gGlobal_SFX_RC_Car_Engine_3Handle__4Csis
802dad5c	Global_SFX_RC_Car_Engine_3Id__4Csis
802dad5c	gGlobal_SFX_RC_Car_Engine_4Handle__4Csis
802dad5c	Global_SFX_RC_Car_Engine_4Id__4Csis
802dad5c	gGlobal_SFX_RC_Car_Engine_5Handle__4Csis
802dad5c	Global_SFX_RC_Car_Engine_5Id__4Csis
802dad5c	gGlobal_SFX_RC_Car_Engine_6Handle__4Csis
802dad5c	Global_SFX_RC_Car_Engine_6Id__4Csis
802dad5c	gGlobal_SFX_PaperAirp_WindEngineHandle__4Csis
802dad5c	Global_SFX_PaperAirp_WindEngineId__4Csis
802dad5c	gGlobal_Ambience_VolHandle__4Csis
802dad5c	Global_Ambience_VolId__4Csis
802db418	mInstance__13AuAEMSManager
802db53c	mInstance__13AuAEMSManager
802db774	kAEMSBankFilenames
802db774	kAEMSStreamFilenames
802db774	gControlHandle__4Csis
802db774	gRandomHandle__4Csis
802dbe70	gWorld
802dbf58	kAudioSFXMasterVolume
802dbf58	gGlobal_SFX_MasterHandle__4Csis
802dbf58	kAudioAmbienceVolume
802dbf58	gGlobal_Ambience_VolHandle__4Csis
802dbf58	kAudioFESFXVolume
802dbf58	gUI_Sfx_VolumeHandle__4Csis
802dbf58	gGlobal_SFX_RC_Car_Engine_1Handle__4Csis
802dbf58	gGlobal_SFX_RC_Car_Engine_2Handle__4Csis
802dbf58	gGlobal_SFX_RC_Car_Engine_3Handle__4Csis
802dbf58	gGlobal_SFX_RC_Car_Engine_4Handle__4Csis
802dc130	gPauseHandle__4Csis
802dc20c	gUI_SfxHandle__4Csis
802dc20c	gMGSFX_HUD_TBHandle__4Csis
802dc20c	gMGSFX_HUD_RCHandle__4Csis
802dc20c	gMGSFX_HUD_PAHandle__4Csis
802dc20c	gMGSFX_HUD_DBHandle__4Csis
802dc20c	gMGSFX_HUD_DSHandle__4Csis
802dc20c	gMGSFX_HUD_FootieHandle__4Csis
802dc20c	gMGSFX_HUD_WBHandle__4Csis
802dc700	gUI_Loop_SfxHandle__4Csis
802dc75c	gMGSFX_CommonHUDHandle__4Csis
802dcab8	FESFXLookupTable
802dcb48	gWSFX_FootstepsHandle__4Csis
802dcb48	gMGSFX_Grunts_MaleHandle__4Csis
802dcb48	gMGSFX_Grunts_FemaleHandle__4Csis
802dcb48	gMGSFX_MEGAGrunts_MaleHandle__4Csis
802dcb48	gMGSFX_MEGAGrunts_FemaleHandle__4Csis
802dcb48	gMGSFX_Damage_MaleHandle__4Csis
802dcb48	gMGSFX_Damage_FemaleHandle__4Csis
802dcb48	gMGSFX_Tetherball_HitsHandle__4Csis
802dcb48	gMGSFX_RCCars_CollisionHandle__4Csis
802dcb48	gMGSFX_Dodgeball_BallHandle__4Csis
802dcb48	gMGSFX_DB_SetupAnimHandle__4Csis
802dcb48	gMGSFX_PaperAirpl_LaunchHandle__4Csis
802dcb48	gMGSFX_Footie_BallHandle__4Csis
802dcb48	gMGSFX_Footie_CollisionsHandle__4Csis
802dcb48	gMicroSFX_High5Handle__4Csis
802dcb48	gMicroSFX_BugCatchHandle__4Csis
802dde38	gWSFX_NISHandle__4Csis
802de16c	gMGSFX_Laughter_MHandle__4Csis
802de250	gMGSFX_Laughter_FHandle__4Csis
802de3f4	gMGSFX_RCCars_MovesHandle__4Csis
802de4f8	gMGSFX_Dodgeball_ActionsHandle__4Csis
802de69c	gMGSFX_PaperAirpl_WindySFXHandle__4Csis
802de7a0	gMGSFX_PaperAirpl_CollisionsHandle__4Csis
802de904	gMGSFX_Darts_Scrptd_TargetsHandle__4Csis
802de9e8	gMGSFX_Darts_WeaponsHandle__4Csis
802deacc	gMGSFX_Darts_NPCHandle__4Csis
802debb0	gMGSFX_Darts_BulletTime_SFXHandle__4Csis
802decf4	gMGSFX_Footie_ActionsHandle__4Csis
802dee38	gMGSFX_WallBall_ActionsHandle__4Csis
802def1c	gMGSFX_WallBall_BallHandle__4Csis
802df0c0	gMicroSFX_BBall_DribbleHandle__4Csis
802df1a4	gMicroSFX_FreeThrowHandle__4Csis
802df288	gMGSFX_RCCars_Engine_1Handle__4Csis
802df288	gMGSFX_RCCars_Engine_2Handle__4Csis
802df288	gMGSFX_RCCars_Engine_3Handle__4Csis
802df288	gMGSFX_RCCars_Engine_4Handle__4Csis
802df288	gMGSFX_RCCars_FireCrkrWick_LPHandle__4Csis
802df288	gMGSFX_PaperAirp_WindEngineHandle__4Csis
802df288	gMGSFX_PaperAirpl_Emitters_LPHandle__4Csis
802df288	gMGSFX_Darts_PinupTarg_MoveHandle__4Csis
802df288	gMGSFX_Darts_Boss_SupermoveHandle__4Csis
802dfdd8	gMGSFX_Darts_Boss_DeathHandle__4Csis
802e067c	GUID_BAD
802e098c	mInstance__17AuAEMSQueueLoader
802e09f0	mCurrentFile__17AuAEMSQueueLoader
802e09f0	mAsyncLoadBuffer__17AuAEMSQueueLoader
802e09f0	mCurrentAsyncHandle__17AuAEMSQueueLoader
802e0ecc	mCurrentFile__17AuAEMSQueueLoader
802e0f04	mCurrentFile__17AuAEMSQueueLoader
802e0f50	GUID_BAD
802e0fb8	mInstance__11AuAllocator
802e100c	mInstance__11AuAllocator
802e1084	GUID_BAD
802e1124	mInstance__5Audio
802e13a8	mInstance__5Audio
802e2108	sCameraManagerInstance__13CameraManager
802e2314	GUID_BAD
802e26e0	mInstance__20AuEnvironmentManager
802e2744	mInstance__20AuEnvironmentManager
802e27b4	gWorld
802e2c0c	gWorld
802e2c0c	gAMB_SchoolyardHandle__4Csis
802e2c0c	gWSFX_Amb_SchoolYrd_RndmElemHandle__4Csis
802e2c0c	gAMB_ParkHandle__4Csis
802e2c0c	gWSFX_Amb_Park_RndmElemHandle__4Csis
802e2c0c	gAMB_StadiumHandle__4Csis
802e2c0c	gWSFX_Amb_Stadium_RndmElemHandle__4Csis
802e2c0c	gAMB_Nature_ForestHandle__4Csis
802e2c0c	gWSFX_Amb_NatureForest_RndmElemHandle__4Csis
802e344c	gWorld
802e344c	mInstance__11pgIDatabase
802e3868	GUID_BAD
802e3ab8	GUID_BAD
802e3b5c	mInstance__14AuMusicManager
802e3c50	mInstance__14AuMusicManager
802e3cd4	kAudioPaths
802e3cd4	kMusicFilenames
802e3cd4	gWorld
802e4328	GUID_BAD
802e4464	gMGSFX_HUD_CommonLPHandle__4Csis
802e4464	gWSFX_POIs_LPHandle__4Csis
802e4464	gWSFX_Boss_Idles_LPHandle__4Csis
802e498c	gWSFX_StickerBook_OpenHandle__4Csis
802e58e0	gWSFX_POIs_OOHandle__4Csis
802e5a10	gWSFX_Boss_Idles_OOHandle__4Csis
802e5ba0	gFESFX_PreSelection_Anims_LPHandle__4Csis
802e5c5c	gMGSFX_HERO_CelebrationsHandle__4Csis
802e5d40	gMGSFX_GENERIC_CelebrationsHandle__4Csis
802e5e24	gMGSFX_SIGNATURE_CelebrationsHandle__4Csis
802e5f08	gMGSFX_TB_WindupsHandle__4Csis
802e6244	gWorld
802e658c	gWorld
802e6640	GUID_BAD
802e6658	mSpeechBankList__15AuSpeechManager
802e6658	mStreamHandle__15AuSpeechManager
802e6658	mNumBanks__15AuSpeechManager
802e6708	mInstance__15AuSpeechManager
802e675c	mStreamHandle__15AuSpeechManager
802e675c	kAudioPaths
802e675c	mInstance__4pgIO
802e675c	mNumBanks__15AuSpeechManager
802e675c	mSpeechBankList__15AuSpeechManager
802e6a20	mSpeechBankList__15AuSpeechManager
802e6a20	mNumBanks__15AuSpeechManager
802e6a20	mStreamHandle__15AuSpeechManager
802e6a20	mInstance__15AuSpeechManager
802e6b58	mStreamHandle__15AuSpeechManager
802e6bac	gSPCH_AddEvent
802e6dfc	mNumBanks__15AuSpeechManager
802e6dfc	mSpeechBankList__15AuSpeechManager
802e6dfc	kAudioPaths
802e6dfc	mStreamHandle__15AuSpeechManager
802e6f0c	GUID_BAD
802e6fe8	mInstance__16AuWiimoteManager
802e703c	kAudioPaths
802e703c	mInstance__4pgIO
802e7158	mInstance__16AuWiimoteManager
802e725c	kAudioPaths
802e725c	kWiimoteBankFilenames
802e725c	mInstance__4pgIO
802e778c	GUID_BAD
802e7828	gEnableAI
802e7954	sAncientEvilInstance__11AncientEvil
802e7ed4	kConversationEdictAnimations
802e7f34	GUID_BAD
802e7f4c	GUID_BAD
802e82bc	sDefaultPool__6MemMgr
802e82bc	gWorld
802e864c	GUID_BAD
802e864c	gPartFxManager
802e887c	mInstance__16CharacterProfile
802e8a50	gWorld
802e8a50	sCameraManagerInstance__13CameraManager
802e8a50	gPartFxManager
802e8a50	mInstance__20AccessibilityManager
802e95f0	sShadowManagerInstance__Q23Ren13ShadowManager
802e9664	sShadowManagerInstance__Q23Ren13ShadowManager
802e983c	kCharacterPropBoneMapping
802e983c	gWorld
802e9bd4	sAssetManagerInstance__12AssetManager
802e9bd4	sDefaultPool__6MemMgr
802e9bd4	sShadowManagerInstance__Q23Ren13ShadowManager
802e9e14	sShadowManagerInstance__Q23Ren13ShadowManager
802e9efc	gWorld
802ea01c	gPartFxManager
802ea01c	GUID_BAD
802ea19c	gPartFxManager
802ea280	kCharacterPropBoneMapping
802ea394	gPartFxManager
802ea420	sCelebrationAnimations
802ea464	GUID_BAD
802ea47c	GUID_BAD
802ea534	gWorld
802ea700	GUID_BAD
802ea8e4	gPartFxManager
802ea9d0	gPartFxManager
802eaa64	gPartFxManager
802eaa64	GUID_BAD
802eace8	GUID_BAD
802eb3ac	kCharacterHeadTrackingBonesEnabled
802eb3ac	kCharacterHeadTrackingBones
802eb3ac	kCharacterHeadTrackingHorizontalAxis
802eb3ac	kCharacterHeadTrackingVerticalAxis
802eb6cc	GUID_BAD
802eb6cc	kCharacterHeadTrackingHorizontalAxis
802eb6cc	kCharacterHeadTrackingVerticalAxis
802eb730	gWorld
802ebb30	mInstance__4pgIO
802ebeec	mInstance__Q23Ren6Engine
802ec308	mInstance__11pgIDatabase
802ec308	sPlayerCharacterAnimationEventHandler
802ec308	sNPCAnimationEventHandler
802ec7b8	mInstance__Q23Ren6Engine
802ecd1c	mInstance__4pgIO
802ecd1c	sAssetManagerInstance__12AssetManager
802ecdd8	sAssetManagerInstance__12AssetManager
802ece6c	mInstance__4pgIO
802ece6c	CHARACTER_ASSET_BIG_FILE
802ece6c	sAssetManagerInstance__12AssetManager
802ece6c	CHARACTER_SHADOW_BIG_FILE
802ececc	mInstance__4pgIO
802ececc	sAssetManagerInstance__12AssetManager
802ecf34	CHARACTER_ASSET_BIG_FILE
802ecf34	mInstance__4pgIO
802ecf34	sAssetManagerInstance__12AssetManager
802ed280	sAssetManagerInstance__12AssetManager
802ed4c0	GUID_BAD
802ed4c0	sPlayerCharacterAnimationEventHandler
802ed4c0	sNPCAnimationEventHandler
802edd6c	GUID_BAD
802ede8c	GUID_BAD
802edf74	GUID_BAD
802ee124	mInstance__11pgIDatabase
802ee124	gWorld
802ee598	mInstance__11pgIDatabase
802ee8d8	GUID_BAD
802ef7c0	GUID_BAD
802efa94	gWorld
802efb90	identitymatrix4
802efb90	sCameraManagerInstance__13CameraManager
802f0230	GUID_BAD
802f0384	EAGLMalloc__12EAGLInternal
802f086c	mInstance__Q23Ren6Engine
802f086c	sWorldLightManagerInstance__Q23Ren17WorldLightManager
802f0b90	GUID_BAD
802f0ce8	mInstance__Q23Ren6Engine
802f0e38	GUID_BAD
802f0fbc	sInstance__19ConversationManager
802f0fbc	sDefaultPool__6MemMgr
802f105c	sInstance__19ConversationManager
802f1064	gConversationBigFileName
802f10ec	mInstance__4pgIO
802f10ec	sDefaultPool__6MemMgr
802f1440	gWorld
802f1440	sCameraManagerInstance__13CameraManager
802f1678	gWorld
802f17dc	gWorld
802f1878	gWorld
802f18e8	gWorld
802f18e8	mInstance__11pgIDatabase
802f18e8	mInstance__16CharacterProfile
802f1c34	gWorld
802f1c34	sCameraManagerInstance__13CameraManager
802f1e10	sCameraManagerInstance__13CameraManager
802f1e10	gWorld
802f2070	GUID_BAD
802f2070	MinigameIDs
802f24e0	fixedResponses
802f256c	fixedResponses
802f26c8	GUID_BAD
802f2710	sDefaultPool__6MemMgr
802f2934	GUID_BAD
802f2b24	GUID_BAD
802f2b3c	local_token
802f2d58	sLineBuffer__10cCSVParser
802f2e00	sLineBuffer__10cCSVParser
802f2eb0	sLineBuffer__10cCSVParser
802f2f80	sLineBuffer__10cCSVParser
802f3054	sLineBuffer__10cCSVParser
802f3118	sLineBuffer__10cCSVParser
802f31ec	GUID_BAD
802f33cc	GUID_BAD
802f33e4	gFiles
802f3544	__files
802f3720	gVaults
802f3720	gFiles
802f3720	gGarbageCollector
802f3720	__files
802f3e58	GUID_BAD
802f3e58	gVaults
802f3e58	gFiles
802f3e58	gGarbageCollector
802f41a8	gFiles
802f4460	mInstance__4pgIO
802f456c	mInstance__11pgIDatabase
802f45a8	mInstance__11pgIDatabase
802f45dc	sThis__Q26Attrib8Database
802f45ec	sThis__Q26Attrib8Database
802f45f4	sThis__Q26Attrib8Database
802f46bc	sThis__Q26Attrib8Database
802f472c	sThis__Q26Attrib8Database
802f4794	sThis__Q26Attrib8Database
802f62e4	GUID_BAD
802f65a4	rotFirst
802f6d7c	rotFirst
802f6f60	GUID_BAD
802f6fe4	GUID_BAD
802f73a8	gPartFxRenderDisable
802f73a8	gNumParticlesRendered
802f74f8	mInstance__4pgIO
802f7718	GUID_BAD
802f77e0	GUID_BAD
802f78a4	GUID_BAD
802f7960	GUID_BAD
802f7cd4	GUID_BAD
802f7cd4	gPartFxTestGuid0
802f7d94	mInstance__11pgIDatabase
802f7d94	gPartFxManager
802f7fb8	gPartFxManager
802f803c	GUID_BAD
802f8054	mBaseSeed__19cParticleRandomSeed
802f8088	mSingleton__18cLionEffectManager
802f8ed4	gQtrigCosMults
802f96d8	gLionGeomParserDesTokenTable
802f96d8	gLionPostProParserDesTokenTable
802f96d8	gLionLightParserDesTokenTable
802f96d8	gLionLightBehaviourTokenTable
802f96d8	gLionParticleParserDesTokenTable
802f96d8	gLionParticleParserBehTokenTable
802f96d8	gLionParticleParserMatTokenTable
802f96d8	gGroperTokenTable__7GROPERS
802f96d8	gGroperPassTokenTable__7GROPERS
802f96d8	gGroperUVTokenTable__7GROPERS
802f96d8	gGroperBindGroupTokenTable__7GROPERS
802f96d8	gGroperBindingTokenTable__7GROPERS
802f96d8	gGroperStateTokenTable__7GROPERS
802f96d8	gLionParticleParserWaveTokenTable
802f96d8	lFlag$14834
802f98d4	gLionGeomParserDesTokenTable
802f98d4	gLionPostProParserDesTokenTable
802f98d4	gLionLightParserDesTokenTable
802f98d4	gLionLightBehaviourTokenTable
802f98d4	gLionParticleParserDesTokenTable
802f98d4	gLionParticleParserBehTokenTable
802f98d4	gLionParticleParserMatTokenTable
802f98d4	gGroperTokenTable__7GROPERS
802f98d4	gGroperPassTokenTable__7GROPERS
802f98d4	gGroperUVTokenTable__7GROPERS
802f98d4	gGroperBindGroupTokenTable__7GROPERS
802f98d4	gGroperBindingTokenTable__7GROPERS
802f98d4	gGroperStateTokenTable__7GROPERS
802f98d4	gLionParticleParserWaveTokenTable
802f98d4	gLionMemberTypeSizeTable
802f9bf4	gLionGeomParserDesTokenTable
802f9bf4	gLionParticleParserDesTokenTable
802f9bf4	gLionParticleParserBehTokenTable
802f9bf4	gLionParticleParserMatTokenTable
802f9bf4	gGroperTokenTable__7GROPERS
802f9bf4	gGroperPassTokenTable__7GROPERS
802f9bf4	gGroperUVTokenTable__7GROPERS
802f9bf4	gGroperBindGroupTokenTable__7GROPERS
802f9bf4	gGroperBindingTokenTable__7GROPERS
802f9bf4	gGroperStateTokenTable__7GROPERS
802f9bf4	gLionParticleParserWaveTokenTable
802f9bf4	gLionPostProParserDesTokenTable
802f9bf4	gLionLightParserDesTokenTable
802f9bf4	gLionLightBehaviourTokenTable
802f9cf0	gLionChunkTypeTable
802f9cf0	gLionGeomParserDesTokenTable
802f9cf0	gLionPostProParserDesTokenTable
802f9cf0	gLionLightParserDesTokenTable
802f9cf0	gLionLightBehaviourTokenTable
802f9cf0	gLionParticleParserDesTokenTable
802f9cf0	gLionParticleParserBehTokenTable
802f9cf0	gLionParticleParserMatTokenTable
802f9cf0	gGroperTokenTable__7GROPERS
802f9cf0	gGroperPassTokenTable__7GROPERS
802f9cf0	gGroperUVTokenTable__7GROPERS
802f9cf0	gGroperBindGroupTokenTable__7GROPERS
802f9cf0	gGroperBindingTokenTable__7GROPERS
802f9cf0	gGroperStateTokenTable__7GROPERS
802f9cf0	gLionParticleParserWaveTokenTable
802f9ee0	mSingleton__17cLionChunkManager
802f9f9c	mSingleton__17cLionChunkManager
802f9ff4	gLionChunkTypeTable
802f9ff4	mSingleton__26cLionParticleEffectManager
802f9ff4	mSingleton__25cLionPostProEffectManager
802f9ff4	mSingleton__23cLionLightEffectManager
802f9ff4	mSingleton__22cLionGeomEffectManager
802fa57c	mSingleton__26cLionParticleEffectManager
802fa57c	mSingleton__25cLionPostProEffectManager
802fa57c	mSingleton__22cLionGeomEffectManager
802fa57c	mSingleton__23cLionLightEffectManager
802fab00	mSingleton__18cLionEffectManager
802fab44	mSingleton__18cLionEffectManager
802fac04	mSingleton__12cLionConvert
802fac5c	mSingleton__12cLionConvert
802fae08	mSingleton__12cLionConvert
802faedc	mSingleton__12cLionConvert
802faf48	mSingleton__12cLionConvert
802fb034	mSingleton__12cLionConvert
802fb1a4	mSingleton__12cLionConvert
802fb43c	mSingleton__12cLionConvert
802fb52c	mSingleton__12cLionConvert
802fb608	mSingleton__12cLionConvert
802fb6e4	mSingleton__12cLionConvert
802fb764	mSingleton__12cLionConvert
802fb868	mSingleton__12cLionConvert
802fb9ec	gLionConvertBehWaveTable
802fc408	gLionConvertDesToBeh
802fc408	gLionConvertBehToDes
802fc74c	gLionConvertBehWaveFlagTable
802fc74c	gLionConvertBehWaveTable
802fc9bc	gLionConvertChunkTable
802fc9bc	mSingleton__12cLionConvert
802fcbfc	mSingleton__26cLionParticleEffectManager
802fcbfc	mSingleton__25cLionPostProEffectManager
802fcbfc	mSingleton__22cLionGeomEffectManager
802fcbfc	mSingleton__23cLionLightEffectManager
802fcbfc	mSingleton__17cLionForceManager
802fcf44	mSingleton__26cLionParticleEffectManager
802fcf44	mSingleton__23cLionLightEffectManager
802fcfcc	mSingleton__26cLionParticleEffectManager
802fcfcc	mSingleton__23cLionLightEffectManager
802fd050	mSingleton__26cLionParticleEffectManager
802fd050	mSingleton__23cLionLightEffectManager
802fd148	mSingleton__23cLionLightEffectManager
802fd148	mSingleton__26cLionParticleEffectManager
802fd78c	mSingleton__17cLionForceManager
802fd78c	gLionForceParserTokenTable
802fd914	mSingleton__21cParticleStatsManager
802fd914	mSingleton__18cLionEffectManager
802fd914	mSingleton__15cLionTextParser
802fd914	mSingleton__15cParticleSystem
802fd914	mSingleton__15cParticleRender
802fd914	mSingleton__15cLionGeomSystem
802fd914	mSingleton__18cLionPostProSystem
802fd914	mSingleton__16cLionLightSystem
802fd914	mEnabledFlag__7cLionFX
802fd9f8	mSingleton__15cLionGeomSystem
802fd9f8	mSingleton__18cLionPostProSystem
802fd9f8	mSingleton__15cParticleSystem
802fd9f8	mSingleton__18cLionEffectManager
802fda44	mEnabledFlag__7cLionFX
802fda44	mSingleton__15cParticleRender
802fda6c	mEnabledFlag__7cLionFX
802fda6c	mSingleton__15cParticleRender
802fda6c	mSingleton__22cLionGeomEffectManager
802fda6c	mSingleton__25cLionPostProEffectManager
802fda6c	mSingleton__23cLionLightEffectManager
802fdb1c	mSingleton__23cParticleLocatorManager
802fdb2c	mSingleton__23cParticleLocatorManager
802fdb58	mSingleton__22cParticleScalerManager
802fdb68	mSingleton__22cParticleScalerManager
802fdb88	mSingleton__23cParticleTriggerManager
802fdb98	mSingleton__23cParticleTriggerManager
802fdc10	mSingleton__15cLionTextParser
802fdccc	mSingleton__18cLionEffectManager
802fdcdc	mSingleton__18cLionEffectManager
802fdd0c	mSingleton__18cLionEffectManager
802fddf8	gLionParticleEffectDesCount
802fded8	gLionParticleEffectDesCount
802fe244	mSingleton__23cParticleEmitterManager
802fe2a8	mSingleton__23cParticleEmitterManager
802fe31c	mSingleton__23cParticleEmitterManager
802fe384	mSingleton__26cLionParticleEffectManager
802fe384	gLionParticleParserTokenTable
802fe598	gLionParticleParserTokenTable
802fe598	gLionParticleParserDesTokenTable
802fe598	gLionParticleBehWaveTokenTable
802fe598	gLionParticleParserBehTokenTable
802fe598	gLionParticleParserMatTokenTable
802fe598	gLionParticleParserWaveTokenTable
802fe870	mKeys__9LIONPROXY
802fe898	mpAllocator__14LionSmallAlloc
802fe898	mpPages__14LionSmallAlloc
802fe898	mMainSize__14LionSmallAlloc
802fe898	mGrowthSize__14LionSmallAlloc
802fe8e4	mpPages__14LionSmallAlloc
802fe8e4	mpAllocator__14LionSmallAlloc
802fe938	mGrowthSize__14LionSmallAlloc
802fe98c	mpPages__14LionSmallAlloc
802fea48	mpPages__14LionSmallAlloc
802feb44	mpPages__14LionSmallAlloc
802feb44	mpAllocator__14LionSmallAlloc
802fec94	mpAllocator__14LionSmallAlloc
802fec94	mpPages__14LionSmallAlloc
802fef74	mpPages__14LionSmallAlloc
802ff1a8	mSingleton__18cLionEffectManager
802ff1a8	gLionTextParserChunkTable
802ff1a8	mSingleton__16cLionForceParser
802ff1a8	mSingleton__17cLionForceManager
802ff1a8	mSingleton__15cLionGeomParser
802ff1a8	mSingleton__22cLionGeomEffectManager
802ff1a8	mSingleton__16cLionLightParser
802ff1a8	mSingleton__19cLionParticleParser
802ff1a8	mSingleton__26cLionParticleEffectManager
802ff1a8	mSingleton__18cLionPostProParser
802ff1a8	mSingleton__25cLionPostProEffectManager
802ff438	gLionTextParserChunkTable
802ff618	gLionTokeniserCharTypeTable
802ff618	gLionTokeniserCharMap
802ff618	gLionTokeniserCharTypeTableBuiltFlag
802ff6f8	gLionMemberTypeSizeTable
80300068	gLionMemberTypeSizeTable
8030025c	gLionMemberTypeSizeTable
803004f4	gLionMemberTypeSizeTable
80301240	gLionTokeniserCharTypeTableBuiltFlag
80301240	gLionTokeniserCharTypeTable
80301240	gLionTokeniserCharMap
80303ff8	mBaseSeed__19cParticleRandomSeed
80304220	msNow__16cParticleEmitter
8030422c	mSingleton__18cLionEffectManager
8030422c	mBatchMats__15cParticleBucket
8030422c	mpsMat__15cParticleBucket
8030422c	mParentMat__15cParticleBucket
8030422c	mSingleton__23cParticleLocatorManager
8030422c	mapsMatrices__15cParticleBucket
8030422c	masIterators__15cParticleBucket
8030422c	masSeeds__15cParticleBucket
8030422c	mppsCurrMtx__15cParticleBucket
8030422c	mpsIteratorEnd__15cParticleBucket
8030422c	mpsSeedEnd__15cParticleBucket
8030422c	mpsCurrSeed__15cParticleBucket
8030422c	mpsCurrIterator__15cParticleBucket
803043d4	mpsCurrIterator__15cParticleBucket
803043d4	mpsCurrSeed__15cParticleBucket
803043d4	mpsMat__15cParticleBucket
803043d4	stillActiveCount
803043d4	mppsCurrMtx__15cParticleBucket
803043d4	mBatchMats__15cParticleBucket
803043d4	retiredCount
803043d4	mpsIteratorEnd__15cParticleBucket
803045c0	mSingleton__23cParticleLocatorManager
80305570	gParticleDescriptorBehCount
803057c4	gParticleDescriptorBehCount
80305f30	Singleton__22cParticleBucketManager
80306104	mSingleton__23cParticleLocatorManager
80306104	mSingleton__17cLionForceManager
80306104	msNow__16cParticleEmitter
803067f4	mSingleton__23cParticleLocatorManager
803067f4	Singleton__22cParticleBucketManager
80306be0	msNow__16cParticleEmitter
80307e3c	mSingleton__23cParticleEmitterManager
80307f28	mSingleton__23cParticleLocatorManager
80307f28	mSingleton__17cLionForceManager
80307f28	msNow__16cParticleEmitter
80308bd0	mSingleton__23cParticleRenderMaterial
80308c4c	mSingleton__23cParticleRenderMaterial
80308cf4	mSingleton__18cLionEffectManager
80308cf4	Singleton__22cParticleBucketManager
80308cf4	mSingleton__23cParticleLocatorManager
80308cf4	mSingleton__23cParticleTriggerManager
80308cf4	mSingleton__22cParticleScalerManager
80308dfc	mSingleton__18cLionEffectManager
80308dfc	Singleton__22cParticleBucketManager
80308dfc	mSingleton__23cParticleEmitterManager
80308dfc	mSingleton__23cParticleLocatorManager
80308dfc	mSingleton__22cParticleScalerManager
80308dfc	mSingleton__23cParticleTriggerManager
80308dfc	gParticleDescriptorBehCount
80308dfc	gLionParticleEffectDesCount
803091f0	mSingleton__18cLionEffectManager
803091f0	Singleton__22cParticleBucketManager
803091f0	mSingleton__23cParticleEmitterManager
803091f0	mSingleton__23cParticleLocatorManager
803091f0	mSingleton__22cParticleScalerManager
803091f0	mSingleton__21cParticleStatsManager
803091f0	mSingleton__23cParticleTriggerManager
803091f0	mSingleton__22cParticleWaveFormTable
803091f0	mSingleton__17cLionForceManager
803091f0	mSingleton__17cLionChunkManager
803091f0	mSingleton__26cLionParticleEffectManager
803091f0	mSingleton__12cLionConvert
803091f0	mSingleton__16cLionForceParser
803091f0	mSingleton__19cLionParticleParser
80309318	mSingleton__18cLionEffectManager
80309318	Singleton__22cParticleBucketManager
80309318	mSingleton__23cParticleEmitterManager
80309318	mSingleton__23cParticleLocatorManager
80309318	mSingleton__22cParticleScalerManager
80309318	mSingleton__23cParticleTriggerManager
80309318	mSingleton__17cLionChunkManager
80309318	mSingleton__26cLionParticleEffectManager
80309404	mSingleton__22cParticleWaveFormTable
80309a4c	mSingleton__23cParticleRenderMaterial
80309aac	mSingleton__18cLionEffectManager
80309aac	mSingleton__21cParticleStatsManager
80309aac	mSingleton__23cParticleEmitterManager
80309aac	mSingleton__23cParticleLocatorManager
80309c44	mSingleton__18cLionEffectManager
80309c44	mSingleton__21cParticleStatsManager
80309c44	mSingleton__23cParticleLocatorManager
80309c44	mSingleton__23cParticleEmitterManager
80309c44	Singleton__22cParticleBucketManager
80309e74	mSingleton__18cLionEffectManager
80309e74	mSingleton__23cParticleLocatorManager
80309e74	mapsMatrices__15cParticleBucket
8030a6e4	mSingleton__15cParticleRender
8030a7ac	mSingleton__8cLionFog
8030a988	EAGLMalloc__12EAGLInternal
8030aa54	mSingleton__23cParticleLocatorManager
8030aa54	gWorld
8030aa54	mActiveSceneContext__Q23Ren5Scene
8030aa54	sCameraManagerInstance__13CameraManager
8030acc0	sAssetManagerInstance__12AssetManager
8030acc0	EAGLMalloc__12EAGLInternal
8030ad94	sAssetManagerInstance__12AssetManager
8030b0c0	sCameraManagerInstance__13CameraManager
8030b0c0	gWorld
8030b0c0	gNumParticlesRendered
8030b9b8	mSingleton__23cParticleLocatorManager
8030b9b8	gWorld
8030b9b8	gNumParticlesRendered
8030c178	gWorld
8030c178	sCameraManagerInstance__13CameraManager
8030c178	gPartFxScale
8030c178	gPartFxOffsetX
8030c178	gPartFxOffsetY
8030c178	gPartFxOffsetZ
8030c178	gNumParticlesRendered
8030d364	mSingleton__22cLionGeomPluginManager
8030d940	mSingleton__22cLionGeomEffectManager
8030d940	mSingleton__22cLionGeomPluginManager
8030d940	gLionGeomParserDesTokenTable
8030d940	gLionParticleParserMatTokenTable
8030dd68	mSingleton__18cLionEffectManager
8030dd68	mSingleton__22cLionGeomEffectManager
8030dd68	mSingleton__22cLionGeomPluginManager
8030dd68	mSingleton__15cLionGeomParser
8030dd68	gLionGeomPluginCube
8030dd68	gLionGeomPluginCylinder
8030dd68	gLionGeomPluginQuad
8030dd68	gLionGeomPluginSphere
8030ddf4	mSingleton__18cLionEffectManager
8030ddf4	mSingleton__22cLionGeomPluginManager
8030ddf4	gLionGeomPluginCube
8030ddf4	gLionGeomPluginCylinder
8030ddf4	gLionGeomPluginQuad
8030ddf4	gLionGeomPluginSphere
8030de78	gLionGeomPluginCubeTokenTable
8030de94	gLionGeomPluginCubeTokenTable
8030e008	gLionGeomPluginCylinderTokenTable
8030e024	gLionGeomPluginCylinderTokenTable
8030e19c	gLionGeomPluginQuadTokenTable
8030e1b8	gLionGeomPluginQuadTokenTable
8030e32c	gLionGeomPluginSplineTokenTable
8030e348	gLionGeomPluginSplineTokenTable
8030e4d0	gLionGeomPluginSphereTokenTable
8030e4ec	gLionGeomPluginSphereTokenTable
8030e804	mSingleton__16cLionLightParser
8030e86c	mSingleton__16cLionLightParser
8030e93c	mSingleton__16cLionLightParser
8030ef10	mSingleton__15cParticleRender
8030ef10	mSingleton__23cParticleLocatorManager
8030f3ac	mSingleton__15cParticleRender
8030f4d8	mSingleton__23cLionLightEffectManager
8030f4d8	gLionLightParserDesTokenTable
8030f4d8	gLionLightBehaviourTokenTable
8030f6d8	mSingleton__23cLionLightEffectManager
8030f6d8	mSingleton__16cLionLightParser
8030f838	mSingleton__18cLionPostProParser
8030fd2c	mSingleton__25cLionPostProPluginManager
8030ff10	mSingleton__15cParticleRender
8030ff10	mSingleton__23cParticleLocatorManager
803102d4	mSingleton__25cLionPostProEffectManager
803102d4	mSingleton__25cLionPostProPluginManager
803102d4	gLionPostProParserDesTokenTable
80310c38	mSingleton__18cLionEffectManager
80310c38	mSingleton__25cLionPostProEffectManager
80310c38	mSingleton__25cLionPostProPluginManager
80310c38	mSingleton__18cLionPostProParser
80310c38	gLionPostProPluginBloom
80310c38	gLionPostProPluginBulge
80310c38	gLionPostProPluginFlexibleTint
80310c38	gLionPostProPluginGloom
80310c38	gLionPostProPluginMotionBlur
80310c38	gLionPostProPluginFastTint
80310cdc	mSingleton__18cLionEffectManager
80310cdc	mSingleton__25cLionPostProPluginManager
80310cdc	gLionPostProPluginBloom
80310cdc	gLionPostProPluginBulge
80310cdc	gLionPostProPluginFlexibleTint
80310cdc	gLionPostProPluginGloom
80310cdc	gLionPostProPluginMotionBlur
80310cdc	gLionPostProPluginFastTint
80310f1c	gLionPostProPluginBloomTokenTable
80310f6c	gLionPostProPluginBloomTokenTable
803110d8	gLionPostProPluginBulgeTokenTable
80311238	gLionPostProPluginBulgeTokenTable
803112a0	gLionPostProPluginFastTintTokenTable
803112bc	gLionPostProPluginFastTintTokenTable
803114c4	gLionPostProPluginFlexibleTintTokenTable
803114e0	gLionPostProPluginFlexibleTintTokenTable
803117f4	gLionPostProPluginGloomTokenTable
80311844	gLionPostProPluginGloomTokenTable
80311888	gLionPostProPluginMotionBlurTokenTable
803118a4	gLionPostProPluginMotionBlurTokenTable
80311d74	mpGropers__7GROPERS
80311d74	mpBindGroups__7GROPERS
80311e9c	mpAllocator__7GROPERS
80311fd0	mpRenderer__7GROPERS
8031209c	mpAllocator__7GROPERS
8031209c	mpRenderer__7GROPERS
80312230	mpAllocator__7GROPERS
80312230	gGroperTokenTable__7GROPERS
80312230	gGroperPassWaveTokenTable__7GROPERS
80312230	gGroperPassTokenTable__7GROPERS
80312230	gGroperUVTokenTable__7GROPERS
80312230	gGroperWaveTokenTable__7GROPERS
80312684	mpAllocator__7GROPERS
803126d8	mpAllocator__7GROPERS
80312780	mpAllocator__7GROPERS
803129c4	mpAllocator__7GROPERS
80312a90	mpAllocator__7GROPERS
80312ae8	mpAllocator__7GROPERS
80312bbc	mpAllocator__7GROPERS
80312d78	mpAllocator__7GROPERS
80313060	mpAllocator__7GROPERS
8031331c	mpAllocator__7GROPERS
80313694	gGroperStateTokenTable__7GROPERS
80313694	mpAllocator__7GROPERS
80313700	mpAllocator__7GROPERS
80313700	gGroperBindingTokenTable__7GROPERS
803137a8	mpAllocator__7GROPERS
80313904	mpAllocator__7GROPERS
80313bb4	mpAllocator__7GROPERS
80313d28	mpAllocator__7GROPERS
80314450	mSingleton__18cLionEffectManager
80314450	GUID_BAD
80314450	gLionChunkTypeStrings
80314450	gLionChunkTypeTable
80314450	gLionConvertChunkStrings
80314450	gLionConvertChunkTable
80314450	gLionConvertBehWaveStrings
80314450	gLionConvertBehWaveTable
80314450	gLionConvertBehWaveFlagStrings
80314450	gLionConvertBehWaveFlagTable
80314450	mSingleton__8cLionFog
80314450	gLionParticleParserForceTokens
80314450	gLionForceParserTokenTable
80314450	gLionParticleParserModeString
80314450	gLionParticleParserTokenTable
80314450	gLionParticleShapeStrings
80314450	gLionParticleShapeTokenTable
80314450	gLionParticleAlphaTestModeStrings
80314450	gLionParticleAlphaTestModeTokenTable
80314450	gLionParticleBlendModeStrings
80314450	gLionParticleBlendModeTokenTable
80314450	gLionParticleZTestModeStrings
80314450	gLionParticleZTestModeTokenTable
80314450	gLionParticleWaveTypeStrings
80314450	gLionParticleWaveTypeTokenTable
80314450	gLionParticleParserBehWaveStrings
80314450	gLionParticleBehWaveTokenTable
80314450	gLionParticleParserRGBVarStrings
80314450	gLionParticleBehRgbaVarTokenTable
80314450	gLionParticleParserDesTokens
80314450	gLionParticleParserDesTokenTable
80314450	gLionParticleParserBehTokens
80314450	gLionParticleParserBehTokenTable
80314450	gLionParticleParserMatTokens
80314450	gLionParticleParserMatTokenTable
80314450	gLionParticleParserWaveTokens
80314450	gLionParticleParserWaveTokenTable
80314450	gLionTextParserChunkStrings
80314450	gLionTextParserChunkTable
80314450	gLionMemberTypeSizes
80314450	gLionMemberTypeSizeTable
80314450	gLionMemberTypeNameStrings
80314450	gLionMemberTypeNameTable
80314450	masParticleSet__15cParticleBucket
80314450	mParentMat__15cParticleBucket
80314450	mBatchMats__15cParticleBucket
80314450	msNow__16cParticleEmitter
80314450	mSingleton__23cParticleLocatorManager
80314450	mSingleton__21cParticleStatsManager
80314450	mSingleton__15cParticleRender
80314450	gLionGeomWaveTypeStrings
80314450	gLionGeomWaveTypeTokenTable
80314450	gLionGeomParserTokenKeys
80314450	gLionGeomParserTokenTable
80314450	gLionGeomParserDesTokens
80314450	gLionGeomParserDesTokenTable
80314450	gLionGeomParserEffectTokens
80314450	gLionGeomParserEffTokenTable
80314450	gLionGeomPluginCube
80314450	gLionGeomPluginCylinder
80314450	gLionGeomPluginQuad
80314450	gLionGeomPluginSphere
80314450	gLionGeomPluginCubeTokens
80314450	gLionGeomPluginCubeTokenTable
80314450	gLionGeomPluginCylinderTokens
80314450	gLionGeomPluginCylinderTokenTable
80314450	gLionGeomPluginQuadTokens
80314450	gLionGeomPluginQuadTokenTable
80314450	gLionGeomPluginSplineTokens
80314450	gLionGeomPluginSplineTokenTable
80314450	gLionGeomPluginSphereTokens
80314450	gLionGeomPluginSphereTokenTable
80314450	gLionLightBehaviourWaveTypeStrings
80314450	gLionLightBehaviourWaveTypeTokenTable
80314450	gLionLightBehaviourTokens
80314450	gLionLightBehaviourTokenTable
80314450	gLionLightTypeTokenKeys
80314450	gLionLightTypeTokenTable
80314450	gLionLightParserTokenKeys
80314450	gLionLightParserTokenTable
80314450	gLionLightParserDesTokens
80314450	gLionLightParserDesTokenTable
80314450	gLionPostProParserTokenKeys
80314450	gLionPostProParserTokenTable
80314450	gLionPostProParserDesTokens
80314450	gLionPostProParserDesTokenTable
80314450	gLionPostProParserEffectTokens
80314450	gLionPostProParserEffTokenTable
80314450	gLionPostProPluginBloom
80314450	gLionPostProPluginFlexibleTint
80314450	gLionPostProPluginGloom
80314450	gLionPostProPluginMotionBlur
80314450	gLionPostProPluginFastTint
80314450	gLionPostProPluginBulge
80314450	gLionPostProPluginBloomTokens
80314450	gLionPostProPluginBloomTokenTable
80314450	gLionPostProPluginBulgeTokens
80314450	gLionPostProPluginBulgeTokenTable
80314450	gLionPostProPluginFastTintTokens
80314450	gLionPostProPluginFastTintTokenTable
80314450	gLionFlexibleTintBlendModeStrings
80314450	gLionFlexibleTintBlendModeTokenTable
80314450	gLionPostProPluginFlexibleTintTokens
80314450	gLionPostProPluginFlexibleTintTokenTable
80314450	gLionPostProPluginGloomTokens
80314450	gLionPostProPluginGloomTokenTable
80314450	gLionPostProPluginMotionBlurTokens
80314450	gLionPostProPluginMotionBlurTokenTable
80314450	gQtrigCosMults
80314450	gQtrigCos2Mults
80314450	gQtrigSinCosMults
80314450	gQtrigSinMults
80314450	gQtrigTanMults
80314450	gQtrigAtanMults
80314450	gQtrigAsinMults
80314450	gQtrigKevinPressman
80314450	gQtrigTanPies
80314450	gGroperAlphaTestModeStrings__7GROPERS
80314450	gGroperAlphaTestModeTokenTable__7GROPERS
80314450	gGroperBlendModeStrings__7GROPERS
80314450	gGroperBlendModeTokenTable__7GROPERS
80314450	gGroperCullTypeStrings__7GROPERS
80314450	gGroperCullTypeTokenTable__7GROPERS
80314450	gGroperGropeTypeStrings__7GROPERS
80314450	gGroperGropeTypeTokenTable__7GROPERS
80314450	gGroperPassWaveStrings__7GROPERS
80314450	gGroperPassWaveTokenTable__7GROPERS
80314450	gGroperSurfaceStrings__7GROPERS
80314450	gGroperSurfaceTokenTable__7GROPERS
80314450	gGroperTextureModeStrings__7GROPERS
80314450	gGroperTextureModeTokenTable__7GROPERS
80314450	gGroperUVTypeStrings__7GROPERS
80314450	gGroperUVTypeTokenTable__7GROPERS
80314450	gGroperWaveTypeStrings__7GROPERS
80314450	gGroperWaveTypeTokenTable__7GROPERS
80314450	gGroperZTestModeStrings__7GROPERS
80314450	gGroperZTestModeTokenTable__7GROPERS
80314450	gGroperTokens__7GROPERS
80314450	gGroperTokenTable__7GROPERS
80314450	gGroperBindGroupTokens__7GROPERS
80314450	gGroperBindGroupTokenTable__7GROPERS
80314450	gGroperBindingTokens__7GROPERS
80314450	gGroperBindingTokenTable__7GROPERS
80314450	gGroperPassTokens__7GROPERS
80314450	gGroperPassTokenTable__7GROPERS
80314450	gGroperStateTokens__7GROPERS
80314450	gGroperStateTokenTable__7GROPERS
80314450	gGroperUVTokens__7GROPERS
80314450	gGroperUVTokenTable__7GROPERS
80314450	gGroperWaveTokens__7GROPERS
80314450	gGroperWaveTokenTable__7GROPERS
80314e24	masParticleSet__15cParticleBucket
8031505c	mInstance__19BossEndGameHandlers
803150ac	mInstance__19BossEndGameHandlers
803150f4	mInstance__19BossEndGameHandlers
80315264	sLastBeatenGameId
8031526c	sBeatenGames
80315288	sBeatenGames
80315288	gGauntletWinAllGamesExcept1
803152e0	sBeatenGames
8031540c	mInstance__16CharacterProfile
803154a4	mInstance__16CharacterProfile
80315538	sLastBeatenGameId
80315538	sBeatenGames
80315538	mInstance__19BossEndGameHandlers
803155f8	GUID_BAD
80315610	s_pInstance__20ConversationHandlers
80315660	s_pInstance__20ConversationHandlers
803156a8	s_pInstance__20ConversationHandlers
80315b6c	GUID_BAD
80315b84	mInstance__20CreditScreenHandlers
80315bd4	mInstance__20CreditScreenHandlers
80315ecc	GUID_BAD
80315ee4	mInstance__18EndTourneyHandlers
80315f34	mInstance__18EndTourneyHandlers
80316180	gWorld
80316220	mInstance__15MultiplayerMode
80316294	GUID_BAD
803162ac	s_pInstance__14GlobalHandlers
803162fc	s_pInstance__14GlobalHandlers
80316638	gnCurrentBuild
80316cac	GUID_BAD
80316cc4	s_pInstance__21LoadingScreenHandlers
80316d14	s_pInstance__21LoadingScreenHandlers
80317038	hack_GoToBackEnd
80317088	GUID_BAD
80317110	mInstance__16MainMenuHandlers
80317160	mInstance__16MainMenuHandlers
803171a8	mInstance__16MainMenuHandlers
803172e0	mInstance__11pgIDatabase
80317524	gnCurrentBuild
80317524	mInstance__Q23Ren6Engine
8031762c	GUID_BAD
80317644	s_pInstance__16MinigameHandlers
80317644	s_iCurrentMinigame
80317644	s_bMinigameIsLoaded
803176a4	s_pInstance__16MinigameHandlers
803176ec	s_iCurrentMinigame
803176ec	s_bMinigameIsLoaded
803176fc	s_iCurrentMinigame
803176fc	s_bMinigameIsLoaded
8031786c	sNumCheckPoints
8031786c	sCheckPointsPositions
80317878	s_pInstance__16MinigameHandlers
80318400	lapCounterText
803194ac	lapCounterText
80319520	s_iCurrentMinigame
80319520	gWorld
803196e4	s_iCurrentMinigame
803196e4	gWorld
803197ac	sCheckPointsPositions
803197ac	sNumCheckPoints
80319824	gWorld
80319984	s_iCurrentMinigame
80319984	s_bMinigameIsLoaded
80319984	gWorld
80319b68	s_iCurrentMinigame
80319b68	gWorld
80319c1c	GUID_BAD
80319c34	mInstance__19MultiPlayerHandlers
80319c84	mInstance__19MultiPlayerHandlers
80319ccc	mInstance__19MultiPlayerHandlers
80319e14	mInstance__16CharacterProfile
80319e14	mInstance__15MultiplayerMode
80319e14	sGotHighScore
80319e44	sPlayerAvatarIds
80319fd0	sControllersNeedRegistering
80319fd0	mInstance__15MultiplayerMode
8031a04c	sGotHighScore
8031a23c	sPlayerAvatarIds
8031a23c	mInstance__15MultiplayerMode
8031a23c	sMinigameType
8031a348	sMultiPlayerTeamInfo
8031a348	mInstance__15MultiplayerMode
8031a348	sControllersNeedRegistering
8031a348	sCurrentScreen
8031a3a4	mInstance__16CharacterProfile
8031a538	mInstance__15MultiplayerMode
8031a584	mInstance__15MultiplayerMode
8031a584	sDefaultRules
8031a584	sMinigameType
8031a610	mInstance__15MultiplayerMode
8031a610	sMinigameType
8031a684	sMultiPlayerTeamInfo
8031a684	mInstance__11pgIDatabase
8031a684	sPlayerAvatarIds
8031a684	sMinigameType
8031a684	mInstance__15MultiplayerMode
8031a684	MinigameIDs
8031ab68	sMultiPlayerTeamInfo
8031ab68	mInstance__11pgIDatabase
8031ab68	sPlayerAvatarIds
8031ab68	sMinigameType
8031ab68	mInstance__15MultiplayerMode
8031ab68	MinigameIDs
8031aef8	sMinigameType
8031aef8	mInstance__11pgIDatabase
8031aef8	sDefaultRules
8031b424	mInstance__16CharacterProfile
8031b5f8	sCurrentScreen
8031b6a0	mInstance__15MultiplayerMode
8031b830	mInstance__15MultiplayerMode
8031b830	sGotHighScore
8031b974	sMinigameType
8031b974	kNumRules
8031b9b8	sMinigameType
8031b9fc	sPlayerAvatarIds
8031b9fc	sMinigameType
8031baf8	mInstance__16CharacterProfile
8031baf8	kOptionLocationStringId
8031baf8	kOptionLocationValue
8031bc34	mInstance__16CharacterProfile
8031bc34	kOptionLocationStringId
8031bc34	kOptionLocationValue
8031bd7c	kOptionDifficultyStringId
8031bd7c	kOptionDifficultyValue
8031bf7c	kOptionNumericStringId
8031c064	kOptionNumericStringId
8031c1ec	kOptionLocationStringId
8031c1ec	mInstance__16CharacterProfile
8031c1ec	kMiniGameString
8031c1ec	kOptionPAModesStringId
8031c1ec	kOptionPAModesValue
8031c1ec	kOptionSpeedStringId
8031c1ec	kAIDartShootoutMediumCharacterBarrageSize
8031c1ec	sDefaultRules
8031c644	sDefaultRules
8031c644	kOptionDifficultyStringId
8031c644	kOptionDifficultyValue
8031c644	sPlayerAvatarIds
8031c8d8	sDefaultRules
8031c8d8	kOptionDSDartTypesStringId
8031c8d8	kOptionDSDartTypesValue
8031c8d8	kOptionDSShieldTypesStringId
8031c8d8	kOptionDSShieldTypesValue
8031cc14	sDefaultRules
8031cc14	sPlayerAvatarIds
8031cddc	sDefaultRules
8031cddc	kWBPointsToWin
8031cddc	kOptionNumericStringId
8031d064	sDefaultRules
8031d064	kFTGoalsToWin
8031d064	kOptionNumericStringId
8031d064	sPlayerAvatarIds
8031d2f8	sDefaultRules
8031d2f8	sPlayerAvatarIds
8031d2f8	kOptionVersusSetupStringId
8031d2f8	kOptionVersusSetupValue
8031d55c	GUID_BAD
8031d55c	sMultiPlayerTeamInfo
8031d5bc	mInstance__21PaperAirplaneHandlers
8031d60c	mInstance__21PaperAirplaneHandlers
8031d858	gWorld
8031d970	mInstance__16CharacterProfile
8031da38	GUID_BAD
8031da50	s_pInstance__17PauseMenuHandlers
8031daa0	s_pInstance__17PauseMenuHandlers
8031dd2c	gWorld
8031ddf8	gWorld
8031deb0	gWorld
8031df68	gWorld
8031e020	GUID_BAD
8031e038	sInstance__16PostGameHandlers
8031e088	sInstance__16PostGameHandlers
8031e0d0	sInstance__16PostGameHandlers
8031e420	mInstance__15MultiplayerMode
8031e6a4	mInstance__16CharacterProfile
8031e6a4	mInstance__15MultiplayerMode
8031e994	mInstance__15MultiplayerMode
8031eb5c	mInstance__15MultiplayerMode
8031ebc8	mInstance__15MultiplayerMode
8031ec5c	mInstance__15MultiplayerMode
8031ecf0	mInstance__15MultiplayerMode
8031ed7c	mInstance__15MultiplayerMode
8031f000	gWorld
8031f080	gWorld
8031f080	mInstance__15MultiplayerMode
8031f11c	mInstance__15MultiplayerMode
8031f11c	gWorld
8031f1e4	GUID_BAD
8031f1fc	s_pInstance__15PreGameHandlers
8031f24c	s_pInstance__15PreGameHandlers
8031f294	s_pInstance__15PreGameHandlers
8031f6c4	mInstance__16CharacterProfile
8031f758	mInstance__16CharacterProfile
8031f7fc	mInstance__16CharacterProfile
8031f8c0	mInstance__16CharacterProfile
8031f9b4	mInstance__16CharacterProfile
8031fab8	mInstance__16CharacterProfile
8031fb6c	mInstance__15MultiplayerMode
8031fd00	mInstance__15MultiplayerMode
8031fe1c	kMiniGameString
8031fe1c	kPrefixGameRulesTitle
8031fe1c	kPrefixGameRulesText
803201a4	gWorld
803201c4	GUID_BAD
803201dc	s_pInstance__15ProfileHandlers
8032022c	s_pInstance__15ProfileHandlers
803203b4	sSelectedProfileIndex
803203bc	sCurrentProfileOperation
803203bc	mInstance__16CharacterProfile
803203bc	sSelectedProfileIndex
803203bc	sProfileBuffer
803203bc	sInitialLoadComplete
803203bc	sProfileScreenIsLoaded
803203bc	sLastOperationIsDelete
8032073c	sProfileSlotsOccupied
8032073c	sCurrentProfileOperation
8032073c	sProfileBuffer
8032073c	sSelectedProfileIndex
8032073c	sProfileScreenIsLoaded
803207c0	sProfileSlotsOccupied
803207c0	sSelectedProfileIndex
80320874	mInstance__16CharacterProfile
80320874	sCurrentProfileOperation
80320874	sSelectedProfileIndex
803208e4	mInstance__16CharacterProfile
803208e4	sCurrentProfileOperation
803208e4	sSelectedProfileIndex
80320b14	sProfileSlotsOccupied
80320b14	sInitialLoadComplete
80320b14	sLastOperationIsDelete
80320b14	sCurrentProfileOperation
80320b14	sProfileBuffer
80320b14	sSelectedProfileIndex
80320b14	sIsBootFlow
80320b14	sProfileScreenIsLoaded
80320fdc	GUID_BAD
80320ff4	mInstance__18ReportCardHandlers
80321044	mInstance__18ReportCardHandlers
8032127c	mInstance__16CharacterProfile
80321310	mInstance__16CharacterProfile
80321608	GUID_BAD
80321620	s_pInstance__19StickerBookHandlers
80321620	s_iCurrentMiniGamePage
80321620	sStickerReward
80321680	s_pInstance__19StickerBookHandlers
803216c8	s_pInstance__19StickerBookHandlers
803216d0	s_iCurrentMiniGamePage
803216d0	sStickerReward
803216d0	s_iSticker1
803216d0	s_iSticker2
803216d0	s_iSticker3
803216d0	sCurrentStickerCost
803216f4	s_iCurrentMiniGamePage
803216f4	sStickerReward
803216f4	s_iSticker1
803216f4	sCurrentStickerCost
8032170c	mInstance__16CharacterProfile
8032170c	s_iCurrentMiniGamePage
8032170c	sStickerReward
8032170c	s_iSticker1
8032170c	sEnableCoverButton
80321a14	mInstance__16CharacterProfile
80321adc	sStickerReward
80321adc	s_iCurrentMiniGamePage
80321b30	s_iSticker1
80321b30	s_iSticker2
80321b30	s_iSticker3
80321b30	s_iCurrentMiniGamePage
80321b30	kMiniGameString
80321b30	kPrefixStickerName
80321b30	kPrefixStickerDesc
80321b30	sCurrentStickerCost
80321d3c	s_iSticker1
80321d3c	s_iCurrentMiniGamePage
80321d3c	kMiniGameString
80321d3c	kPrefixStickerName
80321d3c	kPrefixStickerDesc
80321d3c	sCurrentStickerCost
80321e1c	mInstance__16CharacterProfile
80321e1c	s_iCurrentMiniGamePage
80321e1c	kMiniGameString
80321e1c	kPrefixStickerName
80321e1c	kPrefixStickerDesc
80321e1c	sEnableCoverButton
803221e8	mInstance__11pgIDatabase
80322340	mInstance__11pgIDatabase
80322498	s_iCurrentMiniGamePage
80322498	kMiniGameString
80322498	kPrefixStickerName
80322498	mInstance__16CharacterProfile
803225e8	mInstance__16CharacterProfile
80322938	mInstance__16CharacterProfile
80322938	sEnableCoverButton
803229e4	mInstance__16CharacterProfile
803229e4	s_iCurrentMiniGamePage
80322afc	sEnableCoverButton
80322afc	mInstance__16CharacterProfile
80322afc	s_iCurrentMiniGamePage
80322b6c	mInstance__16CharacterProfile
80322c00	mInstance__16CharacterProfile
80322c6c	mInstance__16CharacterProfile
80322cac	sStickerReward
80322cac	mInstance__16CharacterProfile
80322cac	s_iCurrentMiniGamePage
80322cf4	GUID_BAD
80322d0c	sTotalStickers
80322d0c	sStickerIds
80322d58	mInstance__20StickerStoreHandlers
80322da8	mInstance__20StickerStoreHandlers
80323070	mInstance__16CharacterProfile
80323070	sMinigameType
8032313c	sMinigameType
8032313c	sPurchased
8032313c	mInstance__16CharacterProfile
8032313c	sCost
8032313c	sStickerIds
8032313c	sTotalStickers
8032313c	sStickerId
803232f0	mInstance__16CharacterProfile
803232f0	sStickerId
803232f0	sCost
803232f0	sMinigameType
803232f0	kMiniGameString
80323530	mInstance__16CharacterProfile
80323530	sMinigameType
80323530	sStickerId
803235f4	mInstance__16CharacterProfile
80323648	mInstance__16CharacterProfile
80323648	sStickerId
80323648	sMinigameType
803236b4	GUID_BAD
803236cc	s_pInstance__16WorldHudHandlers
8032371c	s_pInstance__16WorldHudHandlers
80323934	mInstance__20AccessibilityManager
80324208	mInstance__20AccessibilityManager
80324224	GUID_BAD
8032423c	gTriggerCelebration
80324248	kFECameraPosition
80324248	s_pInstance__9FEManager
80324248	s2dScene
80324248	kFEManagerFadeColour
80324248	sFSEffectInstance__Q23Ren24FullScreenEffectsManager
80324248	kFECameraTarget
8032431c	s_pInstance__9FEManager
8032431c	sFSEffectInstance__Q23Ren24FullScreenEffectsManager
8032431c	s2dScene
80324388	s_pInstance__9FEManager
80324390	s2dScene
803245c8	kSelectAKidCameraPosition
803249a4	kMPSelectAKidCameraPosition
80324f54	kSelectAKidCameraPosition
80324ff8	kSelectAKidCameraPosition
803250a4	kSelectAKidCameraPosition
80325198	kSelectAKidCameraPosition
80325198	gTriggerCelebration
80325488	gDisableAptRender
803254b8	s_pInstance__9FEManager
803256a4	s2dScene
803258f0	s_pInstance__9FEManager
803258f0	buff$50592
80325ad8	s_pInstance__9FEManager
80325c18	gnCurrentBuild
80325c18	mInstance__Q23Ren6Engine
80325c18	s2dScene
80325e34	s2dScene
80325e34	gBaseDir
803260b4	s2dScene
803260b4	mPrevState__9FEManager
80326210	s2dScene
80326380	gWorld
803264e4	kSPSelectCharacterPos
803264e4	gWorld
803264e4	mInstance__11pgIDatabase
803264e4	sShadowManagerInstance__Q23Ren13ShadowManager
803264e4	sDefaultPool__6MemMgr
803264e4	mInstance__15MultiplayerMode
803264e4	mInstance__16CharacterProfile
803264e4	gCheatUnlockAllMPCharacters
80327208	kFECameraPosition
80327208	kFECameraRange
80327208	sCameraManagerInstance__13CameraManager
80327208	kFECameraTarget
80327208	bResetPanCamera$51211
80327208	kFECameraRange2
80327208	kSelectAKidCameraTarget
80327208	kSelectAKidCameraPosition
80327208	kMPSelectAKidCameraTarget
80327208	kMPSelectAKidCameraPosition
80327208	kFECameraDeltaPos
803275d8	s2dScene
8032776c	sCameraManagerInstance__13CameraManager
8032776c	kFECameraMainMenuDestPosition
8032776c	kFECameraMainMenuDestTarget
8032782c	gWorld
8032786c	gWorld
803278c4	gWorld
803278c4	sShadowManagerInstance__Q23Ren13ShadowManager
803279d8	GUID_BAD
803279d8	kFECameraPosition
803279d8	kFECameraTarget
803279d8	kFECameraDeltaPos
803279d8	kFECameraRange
803279d8	kFECameraRange2
803279d8	kFECameraMainMenuDestPosition
803279d8	kFECameraMainMenuDestTarget
803279d8	gSelectAKidPosition
803279d8	kSelectAKidCameraPosition
803279d8	kSelectAKidCameraTarget
803279d8	gConfirmAKidPosition
803279d8	kSPSelectCharacterPos
803279d8	kMPSelectCharacterPos
803279d8	kMPSelectAKidCameraPosition
803279d8	kMPSelectAKidCameraTarget
803279d8	kFEManagerFadeColour
80327d58	GUID_BAD
80327f98	kFadeInDelay
80328208	kSelectableCharacterAltIdles
80328208	kSelectableCharacterIndicators
80328208	s3dScene
80328754	gWorld
8032893c	gPartFxManager
8032893c	kSelectableCharacterIndicators
80328a98	sAncientEvilInstance__11AncientEvil
80328a98	gConfirmAKidPosition
80328bc8	sAncientEvilInstance__11AncientEvil
80328ca4	gPartFxManager
80328ca4	GUID_BAD
80328e34	gConfirmAKidPosition
80328f78	gPartFxManager
803290b8	GUID_BAD
803290b8	gConfirmAKidPosition
80329138	gScreenShotTilesAcross__17HighResScreenShot
80329138	gScreenShotTilesDown__17HighResScreenShot
80329138	gScreenShotState__17HighResScreenShot
8032919c	gScreenShotTilesAcross__17HighResScreenShot
803291c8	gScreenShotTilesDown__17HighResScreenShot
803291f4	gScreenShotFrameFinished__17HighResScreenShot
8032922c	gScreenCapture
8032922c	gScreenShotState__17HighResScreenShot
80329258	gScreenShotState__17HighResScreenShot
80329258	gScreenShotTilesAcross__17HighResScreenShot
80329258	gScreenShotTilesDown__17HighResScreenShot
80329258	mViewPort__17HighResScreenShot
80329258	gScreenCapture
80329290	gbScreenShotCapture
80329290	gScreenCapture
80329290	gScreenShotState__17HighResScreenShot
80329290	gScreenShotTilesAcross__17HighResScreenShot
80329290	gScreenShotTilesDown__17HighResScreenShot
80329290	gScreenShotFrameFinished__17HighResScreenShot
80329314	gScreenShotState__17HighResScreenShot
80329314	gScreenCapture
80329314	gScreenShotFrameFinished__17HighResScreenShot
80329314	gbScreenShotCapture
80329374	gScreenCapture
803293fc	identitymatrix4
803294a4	identitymatrix4
80329628	gGlobalProjectionMatrix__12EAGLInternal
80329678	identitymatrix4
80329c48	initParams__12VideoCapture
80329c48	isInitialised__12VideoCapture
80329c80	initParams__12VideoCapture
80329c94	initParams__12VideoCapture
80329cb4	gEnableNunchuck
8032a258	nControllers
8032a4c0	nControllers
8032bc74	nControllers
8032c048	nControllers
8032c520	mController__10Controller
8032c5a8	mController__10Controller
8032c608	mController__10Controller
8032c6c4	nControllers
8032c6c4	ControlTypeFilenames
8032caf8	mController__10Controller
8032cb58	nControllers
8032cb58	gControllerDoubleDownThreshhold
8032cb58	gTapPressThreshhold
8032cb58	gTapHoldPressThreshhold
8032cb58	gEnableDebugMenu
8032cb58	gEnableDebugCamera
8032cb58	gControllerRumbleMSPerInterval
8032e1c8	CONTROLLER_OFFSCREEN_X
8032e1c8	CONTROLLER_OFFSCREEN_Y
8032e358	GUID_BAD
8032e358	gEnableDebugCamera
8032e358	gEnableNunchuck
8032e358	Pi__Q32EA5Conga4Math
8032e358	HalfPi__Q32EA5Conga4Math
8032e358	QuarterPi__Q32EA5Conga4Math
8032e358	TwoPi__Q32EA5Conga4Math
8032e3cc	CONGAFILENAME
8032e508	sPGCongaInstance__7PGConga
8032e508	sDefaultPool__6MemMgr
8032e554	sPGCongaInstance__7PGConga
8032e6ac	GUID_BAD
8032e6ac	Pi__Q32EA5Conga4Math
8032e6ac	HalfPi__Q32EA5Conga4Math
8032e6ac	QuarterPi__Q32EA5Conga4Math
8032e6ac	TwoPi__Q32EA5Conga4Math
8032e718	GUID_BAD
8032e7f4	kMicroBugHuntBugEffectsNames
8032e7f4	gPartFxManager
8032e7f4	sDefaultPool__6MemMgr
8032e7f4	sShadowManagerInstance__Q23Ren13ShadowManager
8032e94c	gPartFxManager
8032e94c	GUID_BAD
8032e94c	sShadowManagerInstance__Q23Ren13ShadowManager
8032e9e8	gWorld
8032eaa4	mWanderRadius__8MicroBug
8032eecc	mMaxFlightTime__8MicroBug
8032eecc	mWanderRadius__8MicroBug
8032ef98	GUID_BAD
8032efb0	GUID_BAD
8032f0fc	gPartFxManager
8032f0fc	GUID_BAD
8032f168	mInstance__11pgIDatabase
8032f654	mInstance__11pgIDatabase
8032f750	mInstance__11pgIDatabase
8032f83c	sAssetManagerInstance__12AssetManager
8032f83c	sDefaultPool__6MemMgr
8032f83c	sShadowManagerInstance__Q23Ren13ShadowManager
8032f95c	sShadowManagerInstance__Q23Ren13ShadowManager
8032f9e4	mInstance__16CharacterProfile
8032f9e4	gWorld
8032f9e4	kBugHuntBugIconYSpeed
8032ffac	kMicroBugHuntNetTransform
8032ffac	gWorld
80330454	gWorld
80330c78	gPartFxManager
80330d28	gPartFxManager
80330d28	GUID_BAD
80330d70	gWorld
80330e00	gWorld
80330fd0	GUID_BAD
80330fd0	kMicroBugHuntNetTransform
80330fd0	Pi__Q32EA5Conga4Math
80330fd0	HalfPi__Q32EA5Conga4Math
80330fd0	QuarterPi__Q32EA5Conga4Math
80330fd0	TwoPi__Q32EA5Conga4Math
80331184	mShadowModel__15MicroBugManager
80331260	sAssetManagerInstance__12AssetManager
80331260	kMicroBugHuntShadowModelFilename
80331260	sDefaultPool__6MemMgr
80331260	mShadowModel__15MicroBugManager
80331260	mLoaded__15MicroBugManager
803312d4	mShadowModel__15MicroBugManager
803312d4	mLoaded__15MicroBugManager
80331364	mShadowModel__15MicroBugManager
80331610	GUID_BAD
80331628	GUID_BAD
80331628	sAssetManagerInstance__12AssetManager
80331628	sShadowManagerInstance__Q23Ren13ShadowManager
80331628	gWorld
8033184c	gWorld
80331930	gWorld
80331a8c	sCameraManagerInstance__13CameraManager
80331a8c	gWorld
80331d08	sCameraManagerInstance__13CameraManager
80331e18	gWorld
80331ea4	gWorld
80332014	gWorld
803321a4	gWorld
80332608	gWorld
80332884	gWorld
80332a10	gWorld
80332ae4	mInstance__11pgIDatabase
80332d88	gPartFxManager
80332e38	gPartFxManager
80332e38	GUID_BAD
80332e80	gWorld
80332f10	gWorld
803330e0	GUID_BAD
803330e0	Pi__Q32EA5Conga4Math
803330e0	HalfPi__Q32EA5Conga4Math
803330e0	QuarterPi__Q32EA5Conga4Math
803330e0	TwoPi__Q32EA5Conga4Math
8033314c	GUID_BAD
8033314c	gWorld
8033314c	sPhysicsHandle__13FreeThrowBall
8033314c	sDefaultPool__6MemMgr
8033314c	kFreeThrowBallFileName
8033314c	sAssetManagerInstance__12AssetManager
8033314c	sShadowManagerInstance__Q23Ren13ShadowManager
8033314c	gPartFxManager
80333484	gWorld
80333484	sShadowManagerInstance__Q23Ren13ShadowManager
80333484	GUID_BAD
80333484	gPartFxManager
80333d80	gWorld
80333d80	GUID_BAD
80333d80	gPartFxManager
80333e58	gWorld
80333e58	GUID_BAD
80333e58	gPartFxManager
803342e0	sLoaded__13FreeThrowBall
803342e0	gWorld
803342e0	kFreeThrowBallFileName
803342e0	sPhysicsHandle__13FreeThrowBall
80334344	sLoaded__13FreeThrowBall
80334344	gWorld
80334344	sPhysicsHandle__13FreeThrowBall
80334460	GUID_BAD
80334514	kFreeThrowBallCourtFreeThrowLineDistance
80334514	gWorld
80334804	GUID_BAD
803348e0	GUID_BAD
803348f8	GUID_BAD
80334968	GUID_BAD
80334968	gPartFxManager
80334b28	GUID_BAD
80334c58	mInstance__Q23Ren6Engine
80334c58	gWorld
80334d04	sCameraManagerInstance__13CameraManager
80334d04	kFreeThrowPosition
80334d04	kFreeThrowRotation
80335558	sCameraManagerInstance__13CameraManager
8033598c	kFreeThrowOffScreenBallPos
8033598c	kFreeThrowPointsToWin
80335ee4	kFreeThrowPosition
803364f8	kFreeThrowPointsToWin
803364f8	mInstance__16CharacterProfile
803364f8	gWorld
80336688	gWorld
803367f8	kFreeThrowOffScreenBallPos
803367f8	gWorld
80336c40	kFreeThrowPosition
80336e44	gWorld
80336e44	kFreeThrowRotation
803371d4	GUID_BAD
803371d4	kFreeThrowPosition
803371d4	Pi__Q32EA5Conga4Math
803371d4	HalfPi__Q32EA5Conga4Math
803371d4	QuarterPi__Q32EA5Conga4Math
803371d4	TwoPi__Q32EA5Conga4Math
803371d4	kFreeThrowParticles
803371d4	kFreeThrowPlayerPos
803371d4	kFreeThrowCameraTarget
803371d4	kFreeThrowCameraPosition
803371d4	kFreeThrowOffScreenBallPos
803373a4	mInstance__11pgIDatabase
8033757c	gWorld
803377d8	gWorld
803378b0	gWorld
803378b0	gPartFxManager
80337a00	gWorld
80337a00	mInstance__16CharacterProfile
80337a00	mInstance__20AccessibilityManager
80337b50	gWorld
80337bdc	gWorld
80337bdc	mInstance__20AccessibilityManager
80337c60	gWorld
80337d14	GUID_BAD
80337d14	Pi__Q32EA5Conga4Math
80337d14	HalfPi__Q32EA5Conga4Math
80337d14	QuarterPi__Q32EA5Conga4Math
80337d14	TwoPi__Q32EA5Conga4Math
80337e38	gWorld
80337e60	kAIDartShootoutBaseCharacterBarrageSize
80337e60	gWorld
80337e60	sAncientEvilInstance__11AncientEvil
80337e60	kAIDartShootoutBaseRunStopShootCharacterBarrageSize
80337e60	kAIDartShootoutBaseRunStopShootCharacterBarrageDelay
80337e60	kAIDartShootoutBaseRunStopShootCharacterBarrageROF
80337e60	kAIDartShootoutMediumRunStopShootCharacterBarrageSize
80337e60	kAIDartShootoutMediumRunStopShootCharacterBarrageDelay
80337e60	kAIDartShootoutMediumRunStopShootCharacterBarrageROF
80337e60	kAIDartShootoutBaseRunShootCharacterBarrageSize
80337e60	kAIDartShootoutBaseRunShootCharacterBarrageDelay
80337e60	kAIDartShootoutBaseRunShootCharacterBarrageROF
80337e60	kAIDartShootoutMediumRunShootCharacterBarrageSize
80337e60	kAIDartShootoutMediumRunShootCharacterBarrageDelay
80337e60	kAIDartShootoutMediumRunShootCharacterBarrageROF
80337e60	kAIDartShootoutBaseCharacterBarrageDelay
80337e60	kAIDartShootoutBaseCharacterBarrageROF
80337e60	kAIDartShootoutMediumCharacterBarrageSize
80337e60	kAIDartShootoutMediumCharacterBarrageDelay
80337e60	kAIDartShootoutMediumCharacterBarrageROF
80337e60	kAIDartShootoutBossCharacterBarrageSize
80337e60	kAIDartShootoutBossCharacterBarrageROF
80337e60	kAIDartShootoutBossCharacterBarrageDelay
803383b4	gWorld
803383dc	gWorld
803383dc	sAncientEvilInstance__11AncientEvil
80338d60	GUID_BAD
80338d60	sDartShootoutHostileAIEntity
80338d60	sDartShootoutInnocentAIEntity
80338d60	sDartShootoutEnterCompulsion
80338d60	sDartShootoutMegashotCompulsion
80338d60	sDartShootoutShootCompulsion
80338d60	sDartShootoutRunStopShootCompulsion
80338d60	sDartShootoutIdleCompulsion
80338edc	gWorld
8033925c	GUID_BAD
8033931c	GUID_BAD
8033931c	gPartFxManager
8033931c	gWorld
8033931c	mDartAssets__6DSDart
8033931c	sDefaultPool__6MemMgr
8033931c	sShadowManagerInstance__Q23Ren13ShadowManager
80339874	gWorld
80339874	sShadowManagerInstance__Q23Ren13ShadowManager
80339874	GUID_BAD
80339874	gPartFxManager
80339994	GUID_BAD
80339994	gPartFxManager
80339ae0	gSimPhysicsTimeMultiplier
8033a01c	gWorld
8033a01c	mDartAssets__6DSDart
8033a268	sDartAssetNames
8033a268	mDartAssets__6DSDart
8033a268	mLoaded__6DSDart
8033a2d8	sAssetManagerInstance__12AssetManager
8033a2d8	sDefaultPool__6MemMgr
8033a2d8	gWorld
8033a698	mDartAssets__6DSDart
8033a698	sAssetManagerInstance__12AssetManager
8033a698	gWorld
8033a7a0	mLoaded__6DSDart
8033a7e4	gWorld
8033a9b8	GUID_BAD
8033abf8	gWorld
8033abf8	gPartFxManager
8033b908	GUID_BAD
8033b9f8	gWorld
8033b9f8	mShieldAssets__9DSDartGun
8033b9f8	sCameraManagerInstance__13CameraManager
8033b9f8	GUID_BAD
8033b9f8	gPartFxManager
8033bd14	gWorld
8033bd14	GUID_BAD
8033bd14	gPartFxManager
8033be08	gPartFxManager
8033be8c	gWorld
8033be8c	gDartShootoutMaxHittingStreak
8033bf28	gWorld
8033bf70	gWorld
8033bfbc	gWorld
8033bfbc	GUID_BAD
8033c138	gWorld
8033c138	gDartShootMegashotScatterOffset
8033c138	gPartFxManager
8033c138	GUID_BAD
8033c99c	gWorld
8033c99c	sCameraManagerInstance__13CameraManager
8033c99c	gDartShootoutDartGunBarrelPosOffset
8033c99c	GUID_BAD
8033c99c	gPartFxManager
8033d4b0	gWorld
8033d550	gWorld
8033d758	gWorld
8033d758	gDartShootoutMaxHittingStreak
8033d758	GUID_BAD
8033d758	gPartFxManager
8033d970	gWorld
8033d9ac	mLoaded__9DSDartGun
8033d9d8	sAssetManagerInstance__12AssetManager
8033d9d8	mDartGunAssets__9DSDartGun
8033d9d8	sDefaultPool__6MemMgr
8033db60	gWorld
8033db60	sAssetManagerInstance__12AssetManager
8033db60	mShieldAssets__9DSDartGun
8033db60	sDefaultPool__6MemMgr
8033dd80	mLoaded__9DSDartGun
8033ddac	mDartGunAssets__9DSDartGun
8033ddac	sAssetManagerInstance__12AssetManager
8033de18	mShieldAssets__9DSDartGun
8033de18	sAssetManagerInstance__12AssetManager
8033de18	gWorld
8033dea0	GUID_BAD
8033dea0	gDartShootoutDartGunBarrelPosOffset
8033dea0	gDartShootMegashotScatterOffset
8033e1b4	gWorld
8033e1b4	sCameraManagerInstance__13CameraManager
8033e6c8	GUID_BAD
8033e7ac	sCameraManagerInstance__13CameraManager
8033e8f0	gWorld
8033e9bc	GUID_BAD
8033e9bc	gWorld
8033eae0	GUID_BAD
8033ec28	gWorld
8033ec28	GUID_BAD
8033ec28	gDartShootoutRenderDebugInfo
8033f384	GUID_BAD
8033f468	gWorld
8033f630	gWorld
8033f630	sCameraManagerInstance__13CameraManager
8033fa90	mInstance__11pgIDatabase
8033fa90	gWorld
8033ff5c	gWorld
803401c0	GUID_BAD
80340454	gWorld
803407c8	GUID_BAD
80340b80	GUID_BAD
80340c18	gWorld
80340c18	mAssets__8DSObject
80340cf0	gWorld
80340d6c	gWorld
80340e68	gWorld
803411d8	mAssets__8DSObject
803411d8	gWorld
803411d8	DSObjectFilenames
803411d8	sAssetManagerInstance__12AssetManager
803411d8	sDefaultPool__6MemMgr
803411d8	mLoaded__8DSObject
8034145c	mAssets__8DSObject
8034145c	gWorld
8034145c	sAssetManagerInstance__12AssetManager
8034145c	mLoaded__8DSObject
8034150c	GUID_BAD
803415e0	gWorld
803415e0	sAssetManagerInstance__12AssetManager
803417b8	DSObjectMarkerIDs
80341a00	GUID_BAD
80341ae4	gWorld
80341b54	gWorld
80341b54	sAssetManagerInstance__12AssetManager
80341b54	mAssets__9DSPropSet
80341b54	sDefaultPool__6MemMgr
80341b54	mLoaded__9DSPropSet
80341e20	mAssets__9DSPropSet
80341e20	sAssetManagerInstance__12AssetManager
80341e20	gWorld
80341e20	mLoaded__9DSPropSet
80341eb4	GUID_BAD
80341f54	GUID_BAD
80341f6c	sFSEffectInstance__Q23Ren24FullScreenEffectsManager
80342034	sFSEffectInstance__Q23Ren24FullScreenEffectsManager
8034209c	mInstance__Q23Ren6Engine
80342168	GUID_BAD
803421c8	GUID_BAD
80342218	gWorld
8034284c	GUID_BAD
803428b4	gWorld
80342950	gWorld
803429dc	gWorld
803429dc	gDartShootoutMediumDartChance
803429dc	sCameraManagerInstance__13CameraManager
803429dc	gDartShootoutBossCharacterHealthMultiplier
803429dc	gDartShootoutCharacterHealthMultiplier
803429dc	GUID_BAD
80342c6c	gWorld
80342c6c	GUID_BAD
80342c6c	gPartFxManager
80342d9c	gWorld
80342e60	gWorld
8034328c	gWorld
80343318	gWorld
803433fc	gWorld
803439f4	gWorld
803439f4	gDartShootoutDamageWithDamageUpgrade
803439f4	gPartFxManager
80343ef4	gPartFxManager
803442d0	gWorld
803442d0	mInstance__Q23Ren6Engine
80344478	gWorld
80344478	gDartShootoutBossMissPercentage
80344478	gDartShootoutMissPercentage
80344478	sCameraManagerInstance__13CameraManager
80344478	gDartShootoutTargetRightBarrelPosOffset
80344478	gDartShootoutTargetLeftBarrelPosOffset
80344478	GUID_BAD
803448c0	mInstance__11pgIDatabase
803448c0	gWorld
80344a1c	gWorld
80344ab4	gWorld
80344bbc	gWorld
80344dd0	sAncientEvilInstance__11AncientEvil
80345168	sAssetManagerInstance__12AssetManager
80345168	mDartGunAssets__17DSTargetCharacter
80345168	sDefaultPool__6MemMgr
80345168	mLoaded__17DSTargetCharacter
803452f8	mDartGunAssets__17DSTargetCharacter
803452f8	sAssetManagerInstance__12AssetManager
803452f8	mLoaded__17DSTargetCharacter
80345440	GUID_BAD
80345440	gDartShootoutTargetRightBarrelPosOffset
80345440	gDartShootoutTargetLeftBarrelPosOffset
80345440	gDartShootoutRightGunRot
80345440	gDartShootoutLeftGunRot
80345b88	GUID_BAD
80345ea8	mInstance__11pgIDatabase
80345ea8	gWorld
8034615c	GUID_BAD
8034626c	gWorld
8034626c	mAssets__13DSTargetPinup
8034626c	sDefaultPool__6MemMgr
8034626c	sShadowManagerInstance__Q23Ren13ShadowManager
80346528	gWorld
80346528	sShadowManagerInstance__Q23Ren13ShadowManager
803465fc	gWorld
803465fc	gDartShootoutDamageWithDamageUpgrade
803467ec	gPartFxManager
803472e4	gWorld
803472e4	mAssets__13DSTargetPinup
8034740c	gDSTargetPinupFilenames
8034740c	mAssets__13DSTargetPinup
8034740c	gWorld
8034740c	sAssetManagerInstance__12AssetManager
8034740c	sDefaultPool__6MemMgr
8034740c	mLoaded__13DSTargetPinup
80347740	mAssets__13DSTargetPinup
80347740	gWorld
80347740	sAssetManagerInstance__12AssetManager
80347740	mLoaded__13DSTargetPinup
80347820	GUID_BAD
8034788c	gWorld
80347988	gWorld
803479c4	gWorld
80347b54	gWorld
80347b54	gDartShootoutMaxHittingStreak
80347c00	gWorld
80347c00	gDartShootoutMaxHittingStreak
80347d90	GUID_BAD
80347e90	gSimPhysicsTimeMultiplier
80347f00	mInstance__Q23Ren6Engine
80347f00	gWorld
80347f00	mInstance__15MultiplayerMode
80347f00	kDartShootoutCourseIds
80347f00	kDartShootoutAreas
80347f00	sDefaultPool__6MemMgr
80347f00	sCameraManagerInstance__13CameraManager
80347f00	gDartShootoutBossCharacterHealthMultiplier
80347f00	gSimFixedTime
80347f00	gSimFixedTimeAmt
80347f00	GUID_BAD
80347f00	gShadowLightDistance__9GameState
80347f00	sShadowManagerInstance__Q23Ren13ShadowManager
8034849c	gWorld
8034849c	sCameraManagerInstance__13CameraManager
8034849c	kDartShootoutAreas
8034849c	sShadowManagerInstance__Q23Ren13ShadowManager
8034849c	gSimFixedTime
8034849c	gSimFixedTimeAmt
803487a8	mInstance__Q23Ren6Engine
80348920	mInstance__15MultiplayerMode
80348920	mInstance__16CharacterProfile
80348c84	gWorld
80348c84	sCameraManagerInstance__13CameraManager
80348c84	mInstance__15MultiplayerMode
80348c84	sDefaultPool__6MemMgr
80348c84	gSimFixedTime
80348c84	gDartShootoutBossCharacterHealthMultiplier
80348c84	gSimFixedTimeAmt
80348c84	GUID_BAD
80348c84	gSimPhysicsTimeMultiplier
803492e4	gSimPhysicsTimeMultiplier
803492e4	GUID_BAD
80349424	gSimPhysicsTimeMultiplier
80349424	GUID_BAD
803494ec	sCameraManagerInstance__13CameraManager
803494ec	kDartShootoutScorePartFxName
803494ec	gPartFxManager
803494ec	GUID_BAD
8034964c	sCameraManagerInstance__13CameraManager
80349698	sCameraManagerInstance__13CameraManager
803496d4	mInstance__Q23Ren6Engine
80349c18	kDartShootoutBossIds
80349c18	mInstance__11pgIDatabase
80349d44	gWorld
80349d44	mInstance__11pgIDatabase
80349e04	gWorld
80349e04	sCameraManagerInstance__13CameraManager
80349ed8	gWorld
80349f60	gWorld
80349f60	sCameraManagerInstance__13CameraManager
8034a55c	gWorld
8034a55c	sCameraManagerInstance__13CameraManager
8034a640	sCameraManagerInstance__13CameraManager
8034a738	sCameraManagerInstance__13CameraManager
8034a738	sShadowManagerInstance__Q23Ren13ShadowManager
8034a8c4	gWorld
8034a9f4	gSimPhysicsTimeMultiplier
8034a9f4	sCameraManagerInstance__13CameraManager
8034adf8	gSimPhysicsTimeMultiplier
8034aee8	gSimPhysicsTimeMultiplier
8034afd8	gWorld
8034b3d0	gWorld
8034b8ac	mInstance__11pgIDatabase
8034bbb0	mInstance__11pgIDatabase
8034bd6c	mInstance__11pgIDatabase
8034bee0	GUID_BAD
8034bee0	Pi__Q32EA5Conga4Math
8034bee0	HalfPi__Q32EA5Conga4Math
8034bee0	QuarterPi__Q32EA5Conga4Math
8034bee0	TwoPi__Q32EA5Conga4Math
8034c03c	gWorld
8034c03c	mInstance__11pgIDatabase
8034c2b4	gWorld
8034c75c	gWorld
8034cb0c	gWorld
8034cefc	gWorld
8034d020	gWorld
8034d218	gWorld
8034d46c	gWorld
8034d524	gWorld
8034d69c	gWorld
8034d73c	gWorld
8034d86c	gWorld
8034d934	gWorld
8034db6c	gWorld
8034dc00	gWorld
8034e184	GUID_BAD
8034e184	sDodgeballAIEntity
8034e184	sDodgeballReactCompulsion
8034e184	sDodgeballThrowCompulsion
8034e184	sDodgeballBoostCompulsion
8034e184	sDodgeballReactToFakeCompulsion
8034e184	sDodgeballIdleCompulsion
8034e200	GUID_BAD
8034e2fc	sLoaded__9Dodgeball
8034e2fc	kDodgeballFilename
8034e2fc	sAssetManagerInstance__12AssetManager
8034e2fc	sDefaultPool__6MemMgr
8034e2fc	sShadowManagerInstance__Q23Ren13ShadowManager
8034e2fc	gWorld
8034e2fc	sPhysicsHandle__9Dodgeball
8034e2fc	GUID_BAD
8034e5e8	gWorld
8034e5e8	sShadowManagerInstance__Q23Ren13ShadowManager
8034e5e8	gPartFxManager
8034e5e8	GUID_BAD
8034e734	gWorld
8034ed84	mInstance__Q23Ren6Engine
8034ee6c	gWorld
8034ee6c	gPartFxManager
8034ee6c	GUID_BAD
8034efa4	GUID_BAD
8034efa4	gPartFxManager
8034f020	gPartFxManager
8034f020	GUID_BAD
8034f0b0	gPartFxManager
8034f0b0	GUID_BAD
8034f368	gPartFxManager
8034f368	GUID_BAD
8034f454	gPartFxManager
8034f454	GUID_BAD
8034f5f0	gWorld
8034f5f0	kDodgeballDefaultGravity
8034f678	gWorld
8034f7d4	gWorld
8034fbc4	sLoaded__9Dodgeball
8034fbc4	gWorld
8034fbc4	kDodgeballFilename
8034fbc4	sPhysicsHandle__9Dodgeball
8034fc28	sLoaded__9Dodgeball
8034fc28	gWorld
8034fc28	sPhysicsHandle__9Dodgeball
8034fd44	GUID_BAD
8034fd44	kDodgeballDefaultGravity
8034fe94	mInstance__Q23Ren6Engine
80350580	GUID_BAD
80350598	GUID_BAD
80350768	sDefaultPool__6MemMgr
80350768	sAncientEvilInstance__11AncientEvil
80350768	EAGLMalloc__12EAGLInternal
80350768	gPartFxManager
80350768	GUID_BAD
803509b0	gPartFxManager
803509b0	GUID_BAD
803509b0	gWorld
80350bd8	gPartFxManager
80350bd8	GUID_BAD
80350d3c	gWorld
80351048	gWorld
80351048	GUID_BAD
80351048	gPartFxManager
803511d0	gWorld
803511d0	GUID_BAD
803511d0	gPartFxManager
803519b0	gWorld
80351c78	gWorld
80351d50	gWorld
80351da4	gWorld
80351df8	gWorld
80351e4c	gWorld
80351ea4	gWorld
80351ef8	gWorld
80351f4c	gWorld
80351fa0	gWorld
80352078	gWorld
80352590	gWorld
803528f4	GUID_BAD
803528f4	gPartFxManager
80352c68	GUID_BAD
80352c68	gPartFxManager
80352d74	gWorld
80353268	gWorld
8035352c	gWorld
80353658	gWorld
80353658	GUID_BAD
80353658	gPartFxManager
8035399c	gPartFxManager
8035399c	GUID_BAD
80354098	gWorld
80354880	gWorld
80354cd0	gPartFxManager
80354cd0	GUID_BAD
80354cd0	gWorld
80354e34	gWorld
80354efc	gWorld
80355708	GUID_BAD
80355708	gPartFxManager
80355850	gPartFxManager
80355bc0	gPartFxManager
80355c5c	gPartFxManager
80355d48	sCameraManagerInstance__13CameraManager
80355e6c	GUID_BAD
80356034	GUID_BAD
80356464	gWorld
803564fc	GUID_BAD
803565a0	gWorld
803565a0	kDodgeballCourtFilename
803565a0	kDodgeballCourtCenterWallFilename
803566bc	gWorld
8035737c	GUID_BAD
8035741c	GUID_BAD
80357434	sDefaultPool__6MemMgr
803577f4	mInstance__Q23Ren6Engine
803577f4	mInstance__15MultiplayerMode
803577f4	kDodgeballArea
803577f4	gWorld
803577f4	kDodgeballOverrideVisibilityTestLineStart
803577f4	sAncientEvilInstance__11AncientEvil
803577f4	kDodgeballOverrideVisibilityTestLineEnd
803577f4	sAssetManagerInstance__12AssetManager
803577f4	sShadowManagerInstance__Q23Ren13ShadowManager
80357b4c	gWorld
80357b4c	sAssetManagerInstance__12AssetManager
80357b4c	sAncientEvilInstance__11AncientEvil
80357b4c	sShadowManagerInstance__Q23Ren13ShadowManager
80358c5c	gWorld
803595d8	gWorld
80359bd4	gWorld
8035a068	gWorld
8035a068	mInstance__15MultiplayerMode
8035a470	mInstance__11pgIDatabase
8035a4ec	mInstance__11pgIDatabase
8035a60c	kDodgeballCelebrationGenericAnims
8035ac20	mInstance__Q23Ren6Engine
8035ad50	sCameraManagerInstance__13CameraManager
8035ad50	kDodgeballOriginPosition
8035af1c	gWorld
8035af48	gWorld
8035af78	gWorld
8035afa8	gWorld
8035b24c	gWorld
8035b24c	sShadowManagerInstance__Q23Ren13ShadowManager
8035b504	mInstance__11pgIDatabase
8035b9f0	kDodgeballOriginRotation
8035bc94	mInstance__15MultiplayerMode
8035bc94	mInstance__16CharacterProfile
8035be80	mInstance__11pgIDatabase
8035c0a0	mInstance__15MultiplayerMode
8035c20c	GUID_BAD
8035c20c	kDodgeballOriginPosition
8035c20c	Pi__Q32EA5Conga4Math
8035c20c	HalfPi__Q32EA5Conga4Math
8035c20c	QuarterPi__Q32EA5Conga4Math
8035c20c	TwoPi__Q32EA5Conga4Math
8035c20c	kDodgeballOverrideVisibilityTestLineStart
8035c20c	kDodgeballOverrideVisibilityTestLineEnd
8035c4bc	mInstance__11pgIDatabase
8035c78c	gWorld
8035c86c	gWorld
8035c86c	sAncientEvilInstance__11AncientEvil
8035cb7c	gWorld
8035cee8	gWorld
8035d090	gWorld
8035d7cc	gWorld
8035d840	gWorld
8035dc8c	gWorld
8035dd20	gWorld
8035de4c	gWorld
8035dec0	gWorld
8035dfdc	gWorld
8035e050	gWorld
8035e180	gWorld
8035e1f4	gWorld
8035e33c	gWorld
8035e3b0	gWorld
8035e508	gWorld
8035e58c	gWorld
8035e69c	gWorld
8035e730	gWorld
8035e930	GUID_BAD
8035e930	sFootieAIEntity
8035e930	sFootiePositionCompulsion
8035e930	sFootieDiveSaveCompulsion
8035e930	sFootieBlockCompulsion
8035e930	sFootieBlockShotCompulsion
8035e930	sFootieJuggleCompulsion
8035e930	sFootieServeCompulsion
8035e930	sFootieJumpCompulsion
8035e930	sFootieShotCompulsion
8035e9d0	GUID_BAD
8035eae0	sLoaded__10FootieBall
8035eae0	kFootieBallFilename
8035eae0	sAssetManagerInstance__12AssetManager
8035eae0	sShadowManagerInstance__Q23Ren13ShadowManager
8035eae0	gWorld
8035eae0	sPhysicsHandle__10FootieBall
8035eae0	GUID_BAD
8035ed98	gWorld
8035ed98	sShadowManagerInstance__Q23Ren13ShadowManager
8035f0f4	gWorld
8035f224	gWorld
8035f224	kFootieBallDefaultGravity
8035f31c	gWorld
8035f31c	kFootieBallDefaultGravity
8035f43c	gWorld
8035f43c	kFootieBallDefaultGravity
8035f9d0	gPartFxManager
8035faa4	GUID_BAD
8035faa4	gPartFxManager
8035fb08	GUID_BAD
8035fb08	gPartFxManager
8035fba0	GUID_BAD
8035fba0	gPartFxManager
8035fbf8	gPartFxManager
8035fc5c	GUID_BAD
8035fc5c	gPartFxManager
8035ff58	gWorld
80360274	sLoaded__10FootieBall
80360274	gWorld
80360274	kFootieBallFilename
80360274	sPhysicsHandle__10FootieBall
803602d8	sLoaded__10FootieBall
803602d8	gWorld
803602d8	sPhysicsHandle__10FootieBall
80360404	GUID_BAD
80360404	kFootieBallDefaultGravity
80360538	gWorld
80360624	GUID_BAD
803608c0	gWorld
80360a30	gWorld
80360ce0	gWorld
80360e64	gWorld
803613c4	gWorld
8036169c	GUID_BAD
803616b4	GUID_BAD
803618d0	sAncientEvilInstance__11AncientEvil
80361a70	gWorld
80361bd8	GUID_BAD
80361bd8	gPartFxManager
80361bd8	gWorld
80361e60	gWorld
80362d00	gWorld
80362e48	gWorld
8036326c	gPartFxManager
80363310	GUID_BAD
80363310	gPartFxManager
80363368	GUID_BAD
80363488	gWorld
80363534	gWorld
80363d0c	gWorld
80363d0c	gPartFxManager
80363e94	kFootieCharacterMegaShotReleaseTime
80363e94	gWorld
80363e94	gPartFxManager
8036411c	gWorld
803641ac	gWorld
803643b0	gWorld
803644d0	gWorld
803644d0	gPartFxManager
80364678	gWorld
80364a44	gWorld
80364efc	gWorld
803656ec	gWorld
80365ca8	gPartFxManager
80365ca8	kFootieCharacterPosFeedbackEffectName
80365d94	sCameraManagerInstance__13CameraManager
80365db0	gWorld
80365eac	GUID_BAD
80365fac	gWorld
8036604c	GUID_BAD
80366124	gWorld
80366124	kFootieFieldFilename
80366124	kFootieGoalNetFilename
80366124	kFootieMiddleNetFilename
803665d4	gWorld
803674c4	kFootieFieldPrimaryCelebrationLengthPercentage
803674c4	kFootieFieldPrimaryCelebrationWidthPercentage
803674c4	kFootieFieldPrimaryCelebrationTargetX
803674c4	kFootieFieldPrimaryCelebrationTargetZ
803674c4	kFootieFieldSecondaryCelebrationLengthPercentage
803674c4	kFootieFieldSecondaryCelebrationWidthPercentage
803674c4	kFootieFieldSecondaryCelebrationTargetX
803674c4	kFootieFieldSecondaryCelebrationTargetZ
80368034	GUID_BAD
803680f0	gWorld
803681c0	GUID_BAD
803683f8	gWorld
803684dc	gWorld
803684dc	kFootiePowerMeterFilenamePrefix
80368818	GUID_BAD
80368b98	mInstance__Q23Ren6Engine
80368b98	mInstance__15MultiplayerMode
80368b98	kFootieOriginRotation
80368b98	kFootieOriginPosition
80368b98	kFootieAreas
80368b98	sAncientEvilInstance__11AncientEvil
80368b98	kFootiePhysicsWorldFilename
80368b98	sAssetManagerInstance__12AssetManager
80368b98	sShadowManagerInstance__Q23Ren13ShadowManager
80368fe4	gWorld
80368fe4	sAssetManagerInstance__12AssetManager
80368fe4	sAncientEvilInstance__11AncientEvil
80368fe4	sShadowManagerInstance__Q23Ren13ShadowManager
803691b4	sCameraManagerInstance__13CameraManager
8036973c	mInstance__11pgIDatabase
80369a20	gWorld
80369a44	gWorld
80369a9c	gWorld
8036a89c	sCameraManagerInstance__13CameraManager
8036ab24	gPartFxManager
8036b3bc	gWorld
8036b3bc	mInstance__Q23Ren6Engine
8036b3bc	kFootieServeBubbleXPosition
8036b3bc	kFootieServeBubbleYPosition
8036b6f0	sCameraManagerInstance__13CameraManager
8036bfcc	gWorld
8036c468	gWorld
8036c528	gWorld
8036c5cc	mInstance__15MultiplayerMode
8036c5cc	mInstance__16CharacterProfile
8036c5cc	mInstance__11pgIDatabase
8036c5cc	gWorld
8036cbcc	sCameraManagerInstance__13CameraManager
8036cbcc	mInstance__Q23Ren6Engine
8036cd08	sCameraManagerInstance__13CameraManager
8036d3ac	kFootieOriginRotation
8036d3ac	kFootieMinPrimaryWinCelebrationWaitTime
8036d3ac	kFootieMaxPrimaryWinCelebrationWaitTime
8036d3ac	kFootiePrimaryWinCelebrationSlideMagnitude
8036d3ac	kFootiePrimaryWinCelebrationSlideDelay
8036d3ac	kFootiePrimaryWinCelebrationSlideDuration
8036d3ac	kFootieMinSecondaryWinCelebrationWaitTime
8036d3ac	kFootieMaxSecondaryWinCelebrationWaitTime
8036d3ac	kFootieSecondaryWinCelebrationSlideDelay
8036d3ac	kFootieSecondaryWinCelebrationSlideDuration
8036d3ac	kFootieSecondaryWinCelebrationSlideMagnitude
8036d5a8	kFootieCelebrationWeightings
8036d610	kFootieOriginRotation
8036d610	kFootieNeutralCelebrationAnimations
8036d610	kFootiePrimaryWinCelebrationAnimation
8036d610	kFootieSecondaryWinCelebrationAnimation
8036d8e4	gWorld
8036d8e4	sShadowManagerInstance__Q23Ren13ShadowManager
8036df2c	mInstance__11pgIDatabase
8036e0b4	GUID_BAD
8036e0b4	kFootieOriginPosition
8036e0b4	Pi__Q32EA5Conga4Math
8036e0b4	HalfPi__Q32EA5Conga4Math
8036e0b4	QuarterPi__Q32EA5Conga4Math
8036e0b4	TwoPi__Q32EA5Conga4Math
8036e39c	mInstance__Q23Ren6Engine
8036e39c	gWorld
8036e39c	mInstance__15MultiplayerMode
8036e39c	sShadowManagerInstance__Q23Ren13ShadowManager
8036e39c	sCameraManagerInstance__13CameraManager
8036e39c	sAssetManagerInstance__12AssetManager
8036e39c	sDefaultPool__6MemMgr
8036e39c	kPAPlayerStartPos
8036e39c	kPACameraPositionOffset
8036e39c	kPACameraTargetOffset
8036e39c	gSkyDome
8036e39c	kPASkyDomePos
8036e39c	sAncientEvilInstance__11AncientEvil
8036ed6c	gWorld
8036ed6c	sSkyDomeScene
8036ed6c	sCameraManagerInstance__13CameraManager
8036ed6c	sAssetManagerInstance__12AssetManager
8036ed6c	gDisableCurvedWorld
8036ed6c	gSkyDome
8036ed6c	sShadowManagerInstance__Q23Ren13ShadowManager
8036ed6c	sAncientEvilInstance__11AncientEvil
8036f144	sSkyDomeScene
8036f48c	mInstance__15MultiplayerMode
8036f48c	gWorld
8036f48c	kPAPlayerStartPos
8036f820	mInstance__15MultiplayerMode
8036f9ec	gWorld
8036fd20	gWorld
8036fef8	kPACameraPositionOffset
8036fef8	kPACameraTargetOffset
8037038c	gWorld
803703c8	mInstance__15MultiplayerMode
80370d68	mInstance__15MultiplayerMode
80370f68	sShadowManagerInstance__Q23Ren13ShadowManager
80371080	gWorld
803711dc	gWorld
80371428	gWorld
80371808	mInstance__Q23Ren6Engine
80371808	sSkyDomeScene
80371808	sCameraManagerInstance__13CameraManager
80371d20	mInstance__11pgIDatabase
80372098	mInstance__11pgIDatabase
803722e4	GUID_BAD
803722e4	gSkyDome
803722e4	Pi__Q32EA5Conga4Math
803722e4	HalfPi__Q32EA5Conga4Math
803722e4	QuarterPi__Q32EA5Conga4Math
803722e4	TwoPi__Q32EA5Conga4Math
803722e4	kPACameraPositionOffset
803722e4	kPACameraTargetOffset
803722e4	kPALightOffset
803722e4	kPASkyDomePos
803722e4	kPAPlayer1StartPos
803722e4	kPAPlayer2StartPos
803722e4	kPAPlayer3StartPos
803722e4	kPAPlayer4StartPos
803722e4	kPAPlayerStartPos
80372458	GUID_BAD
803724f8	gWorld
803724f8	sDefaultPool__6MemMgr
803724f8	gPartFxManager
80372950	gWorld
80372950	GUID_BAD
80372950	gPartFxManager
80372a74	gWorld
80372d88	gPartFxManager
80373050	GUID_BAD
8037312c	gWorld
8037312c	PAObstacleFilenames
8037312c	sAssetManagerInstance__12AssetManager
8037312c	sDefaultPool__6MemMgr
80373378	gWorld
80373448	mInstance__11pgIDatabase
803738c8	GUID_BAD
803738e0	GUID_BAD
80373b0c	sAssetManagerInstance__12AssetManager
80373b0c	sDefaultPool__6MemMgr
80373b0c	sShadowManagerInstance__Q23Ren13ShadowManager
80373b0c	gWorld
80373b0c	gPartFxManager
80373b0c	kPlaneProperties
80374244	sShadowManagerInstance__Q23Ren13ShadowManager
80374244	gWorld
80374244	sAssetManagerInstance__12AssetManager
80374244	sDefaultPool__6MemMgr
80374244	kPlaneProperties
803747d4	GUID_BAD
803747d4	gPartFxManager
803747d4	sShadowManagerInstance__Q23Ren13ShadowManager
803747d4	gWorld
803749c4	kPlaneProperties
80375d54	gPartFxManager
80375fe0	gPartFxManager
80376360	kPATargetFarX
80376360	kPATargetFarY
80376360	kPATargetFarZ
803769d8	gWorld
80376aec	mInstance__Q23Ren6Engine
80376c98	gPartFxManager
80376c98	GUID_BAD
80376c98	gWorld
80376c98	kPlaneProperties
8037708c	GUID_BAD
8037708c	gPartFxManager
8037714c	gPartFxManager
80377a44	gPartFxManager
80377d00	gPartFxManager
80377d00	GUID_BAD
80377eac	GUID_BAD
80377eac	gPartFxManager
8037802c	GUID_BAD
8037802c	gPartFxManager
803780c0	gPartFxManager
803780c0	GUID_BAD
803786f0	GUID_BAD
803786f0	kPAPlaneStartCameraTargetOffset
803786f0	kPAPlaneStartCameraPositionOffset
80379158	GUID_BAD
80379170	GUID_BAD
803792d8	mInstance__4pgIO
803792d8	sAssetManagerInstance__12AssetManager
803792d8	sDefaultPool__6MemMgr
803792d8	gWorld
80379b34	sAssetManagerInstance__12AssetManager
80379b34	gWorld
80379b34	GUID_BAD
80379b34	gPartFxManager
80379d08	mInstance__11pgIDatabase
80379f04	GUID_BAD
80379f04	gPartFxManager
8037a228	gWorld
8037a740	mInstance__Q23Ren6Engine
8037a888	sCameraManagerInstance__13CameraManager
8037a888	gWorld
8037aaa8	GUID_BAD
8037ab5c	GUID_BAD
8037ac6c	GUID_BAD
8037ac6c	gPartFxManager
8037ac6c	sAssetManagerInstance__12AssetManager
8037ad18	mInstance__11pgIDatabase
8037ad18	gPartFxManager
8037b5fc	gPartFxManager
8037baf0	gPartFxManager
8037bd94	GUID_BAD
8037be68	gWorld
8037bf0c	sAICharacterNames__16RcDriverAIEntity
8037bf0c	sAICompulsionNames__16RcDriverAIEntity
8037bf0c	sProbablityTable__16RcDriverAIEntity
8037bf0c	sAIStateNames__16RcDriverAIEntity
8037bf0c	mInstance__11pgIDatabase
8037c00c	sAIStateNames__16RcDriverAIEntity
8037c00c	sTransitionProbs__16RcDriverAIEntity
8037c00c	mInstance__11pgIDatabase
8037c0d8	sAICharacterNames__16RcDriverAIEntity
8037c0d8	mLevelInfo__16RcDriverAIEntity
8037c0d8	mInstance__11pgIDatabase
8037c1b0	mInstance__11pgIDatabase
8037c1b0	sAICharacterNames__16RcDriverAIEntity
8037c1b0	sAIStateNames__16RcDriverAIEntity
8037c1b0	sStateTimes__16RcDriverAIEntity
8037c258	gWorld
8037c258	sStateTimes__16RcDriverAIEntity
8037c6a0	sTransitionProbs__16RcDriverAIEntity
8037c75c	gWorld
8037c7a0	gWorld
8037c7f0	gWorld
8037c858	gWorld
8037c8c0	sProbablityTable__16RcDriverAIEntity
8037cae8	gWorld
8037cd30	gWorld
8037cdcc	gWorld
8037cdcc	mLevelInfo__16RcDriverAIEntity
8037d2cc	gWorld
8037d2cc	GUID_BAD
8037dea8	gWorld
8037df74	GUID_BAD
8037df74	sRcDriverAIEntitySizeTracker
8037df74	sRcDrivingCompulsion
8037df74	sRcSpeedUpCompulsion
8037df74	sRcSlowDownCompulsion
8037df74	sRcUsePowerupCompulsion
8037df74	sRcCollisionCourseCompulsion
8037df74	sRcPushBackCompulsion
8037df74	sRcByPassCompulsion
8037df74	sRcChangeLaneCompulsion
8037df74	sRcUseShieldCompulsion
8037df74	sRcQuickBoostCompulsion
8037e190	gRcFullChaseCameraSafePosHorizDist
8037e190	mInstance__Q23Ren6Engine
8037e190	gRCCarsDisableMinigame
8037e190	gRenderWorld
8037e190	gWorld
8037e190	sDefaultPool__6MemMgr
8037e190	mInstance__15MultiplayerMode
8037e190	sAssetManagerInstance__12AssetManager
8037e190	sShadowManagerInstance__Q23Ren13ShadowManager
8037e190	mInstance__11pgIDatabase
8037e190	gSimPhysicsSingleUpdateTimeCap
8037e190	GUID_BAD
8037e190	sAncientEvilInstance__11AncientEvil
8037e190	gAudioRcCarsEngineVolumeTable
8037e190	gRcFullChaseCameraPosHorizDist
8037e190	gRcFullChaseCameraPosVertDist
8037e190	gRcFullChaseCameraTargetVertDist
8037e190	gRcFullChaseCameraLookAhead
8037e190	gRcFullChaseCameraLaneSkew
8037e190	gRcHalfChaseCameraPosHorizDist
8037e190	gRcHalfChaseCameraPosVertDist
8037e190	gRcHalfChaseCameraTargetVertDist
8037e190	gRcHalfChaseCameraLookAhead
8037e190	gRcHalfChaseCameraLaneSkew
8037e190	gRcQuarterChaseCameraPosHorizDist
8037e190	gRcQuarterChaseCameraPosVertDist
8037e190	gRcQuarterChaseCameraTargetVertDist
8037e190	gRcQuarterChaseCameraLookAhead
8037e190	gRcQuarterChaseCameraLaneSkew
8037e190	gRcFullChaseCameraSafePosVertDist
8037e190	gRcFullChaseCameraSafeTargetVertDist
8037e190	gRcHalfChaseCameraSafePosHorizDist
8037e190	gRcHalfChaseCameraSafePosVertDist
8037e190	gRcHalfChaseCameraSafeTargetVertDist
8037e190	gRcQuarterChaseCameraSafePosHorizDist
8037e190	gRcQuarterChaseCameraSafePosVertDist
8037e190	gRcQuarterChaseCameraSafeTargetVertDist
8037e190	gRcChaseCameraDefaultTargetHeightWeight
8037e190	gRcChaseCameraDefaultPosHeightWeight
8037ef38	gRcFullChaseCameraSafePosHorizDist
8037ef38	mInstance__11pgIDatabase
8037f05c	gRCCarsDisableMinigame
8037f05c	mInstance__Q23Ren6Engine
8037f05c	gDisableCurvedWorld
8037f05c	gRenderWorld
8037f05c	sShadowManagerInstance__Q23Ren13ShadowManager
8037f05c	GUID_BAD
8037f05c	gPartFxManager
8037f05c	sAssetManagerInstance__12AssetManager
8037f05c	sAncientEvilInstance__11AncientEvil
8037f05c	gWorld
8037f05c	sSkyDomeScene
8037f05c	sCameraManagerInstance__13CameraManager
8037f05c	gSimPhysicsSingleUpdateTimeCap
8037f480	gRcFullChaseCameraSafePosHorizDist
8037f480	mInstance__11pgIDatabase
8037f714	sSkyDomeScene
8037f714	sCameraManagerInstance__13CameraManager
8037f714	mInstance__Q23Ren6Engine
8037fd74	gRcFullChaseCameraSafePosHorizDist
8037fd74	gRcQuarterChaseCameraSafePosHorizDist
8037fd74	gRcQuarterChaseCameraSafePosVertDist
8037fd74	gRcQuarterChaseCameraSafeTargetVertDist
8037fd74	gRcHalfChaseCameraSafePosHorizDist
8037fd74	gRcHalfChaseCameraSafePosVertDist
8037fd74	gRcHalfChaseCameraSafeTargetVertDist
8037fd74	gRcFullChaseCameraSafePosVertDist
8037fd74	gRcFullChaseCameraSafeTargetVertDist
8037fd74	sCameraManagerInstance__13CameraManager
8037fd74	gRcFullChaseCameraPosHorizDist
8037fd74	gRcFullChaseCameraPosVertDist
8037fd74	gRcFullChaseCameraTargetVertDist
8037fd74	gRcFullChaseCameraLaneSkew
8037fd74	mInstance__15MultiplayerMode
8037fd74	gRcFullChaseCameraLookAhead
8037fd74	gRcChaseCameraDefaultTargetHeightWeight
8037fd74	gRcChaseCameraDefaultPosHeightWeight
8037fd74	gRcHalfChaseCameraPosHorizDist
8037fd74	gRcHalfChaseCameraPosVertDist
8037fd74	gRcHalfChaseCameraTargetVertDist
8037fd74	gRcHalfChaseCameraLaneSkew
8037fd74	gRcHalfChaseCameraLookAhead
8037fd74	gRcQuarterChaseCameraPosHorizDist
8037fd74	gRcQuarterChaseCameraPosVertDist
8037fd74	gRcQuarterChaseCameraTargetVertDist
8037fd74	gRcQuarterChaseCameraLaneSkew
8037fd74	gRcQuarterChaseCameraLookAhead
803803a0	sDefaultPool__6MemMgr
803803a0	sAncientEvilInstance__11AncientEvil
803805b8	mInstance__16CharacterProfile
803805b8	sDefaultPool__6MemMgr
803806d0	mInstance__15MultiplayerMode
803806d0	mInstance__16CharacterProfile
80380914	gRcCarsInterestCamDuration
803809a4	gRCCarsDisableMinigame
80380b68	gRCCarsDisableMinigame
80380c10	GUID_BAD
80380c10	gPartFxManager
8038131c	gWorld
80381434	sCameraManagerInstance__13CameraManager
80381434	gWorld
80381520	gRcFullChaseCameraSafePosHorizDist
80381520	gWorld
80381520	mInstance__15MultiplayerMode
80381520	gPartFxManager
80381520	GUID_BAD
80381b34	sCameraManagerInstance__13CameraManager
80382544	sCameraManagerInstance__13CameraManager
80382544	gWorld
80382cd0	sCameraManagerInstance__13CameraManager
80382f08	gWorld
80382fcc	gWorld
80383368	gWorld
80383460	gWorld
803834d8	gRcFullChaseCameraSafePosHorizDist
803834d8	mInstance__11pgIDatabase
803836b4	GUID_BAD
803836b4	Pi__Q32EA5Conga4Math
803836b4	HalfPi__Q32EA5Conga4Math
803836b4	QuarterPi__Q32EA5Conga4Math
803836b4	TwoPi__Q32EA5Conga4Math
8038384c	mAssets__5RcCar
8038384c	gWorld
8038384c	GUID_BAD
8038384c	gPartFxManager
8038384c	mInfo__16RcCarVehicleInfo
803840b0	gWorld
803841dc	gWorld
803841dc	sDefaultPool__6MemMgr
8038428c	gWorld
8038428c	gPartFxManager
8038428c	GUID_BAD
80384518	GUID_BAD
80384518	gWorld
80384a10	sCameraManagerInstance__13CameraManager
80384a7c	GUID_BAD
80384a7c	gPartFxManager
80384f58	gPartFxManager
80384f58	gRcCarsPowerupExplosionDuration
80384f58	gWorld
80384f58	gRcCarsInterestCamDuration
80385230	gWorld
80385230	gPartFxManager
803852f0	gWorld
803852f0	gPartFxManager
8038540c	gWorld
80385528	GUID_BAD
80385528	gPartFxManager
80385528	gRcCarsPowerupExplosionDuration
80385528	gWorld
80385658	GUID_BAD
803856b4	GUID_BAD
803856e8	gWorld
803858fc	gWorld
80385ab0	GUID_BAD
80385ba0	gWorld
80385f7c	gWorld
80386258	gWorld
80386348	gPartFxManager
80386968	gWorld
80386be4	gPartFxManager
80386c38	GUID_BAD
80386c38	gWorld
80386ecc	gWorld
80388684	mAssets__5RcCar
803895d4	mAssets__5RcCar
803895d4	GUID_BAD
80389be8	mAssets__5RcCar
80389be8	RcCarModelFilenames
80389be8	RcCarModelTexturenames
80389be8	sAssetManagerInstance__12AssetManager
80389be8	sDefaultPool__6MemMgr
80389be8	mLoaded__5RcCar
80389fc8	mAssets__5RcCar
80389fc8	mLoaded__5RcCar
8038a094	mAssets__5RcCar
8038a394	GUID_BAD
8038a424	GUID_BAD
8038a424	mAssets__5RcCar
8038a424	gRcCarsPowerupFirecrackerPos
8038a424	gRcCarsPowerupFirecrackerFuseStartPos
8038a424	gRcCarsPowerupFirecrackerFuseEndPos
8038a424	gRcCarsPowerupFirecrackerBuggyPos
8038a424	gRcCarsPowerupFirecrackerBuggyFuseStartPos
8038a424	gRcCarsPowerupFirecrackerBuggyFuseEndPos
8038a424	gRcCarsSparkBackPos
8038a424	gRcCarsSparkLeftPos
8038a424	gRcCarsSparkRightPos
8038a424	gRcCarsNitroOffset
8038a424	gRcCarsNitroBuggyOffset
8038aab4	GUID_BAD
8038aafc	mInitialized__16RcCarVehicleInfo
8038aafc	mInfo__16RcCarVehicleInfo
8038af9c	mInfo__16RcCarVehicleInfo
8038afc8	GUID_BAD
8038b1cc	gWorld
8038b1cc	gRcCarsMinLaneAdvance
8038b1cc	gRcCarsLaneSwitchDuration
8038b500	gRcCarsLaneSwitchDuration
8038b500	gWorld
8038bd84	GUID_BAD
8038bedc	mInstance__Q23Ren6Engine
8038bedc	sCameraManagerInstance__13CameraManager
8038bedc	gRcCarsInterestCameraID
8038bedc	sSkyDomeScene
8038c114	sSkyDomeScene
8038c114	gWorld
8038c33c	gWorld
8038c938	gWorld
8038c9b0	gWorld
8038c9b0	sCameraManagerInstance__13CameraManager
8038c9b0	gRcCarsInterestCameraID
8038ce94	gWorld
8038d4f8	GUID_BAD
8038d524	gWorld
8038d5c8	gWorld
8038d648	gWorld
8038d928	GUID_BAD
8038d9fc	RcObstacleFilenames
8038d9fc	sAssetManagerInstance__12AssetManager
8038d9fc	sDefaultPool__6MemMgr
8038de48	GUID_BAD
8038de60	GUID_BAD
8038dee0	GUID_BAD
8038dee0	gPartFxManager
8038dee0	gWorld
8038e0a8	GUID_BAD
8038e0a8	gPartFxManager
8038e2f0	gWorld
8038e3c0	GUID_BAD
8038e9dc	GUID_BAD
8038ea7c	gWorld
8038ecb8	sAssetManagerInstance__12AssetManager
8038ecb8	gWorld
8038f154	mInstance__11pgIDatabase
8038f154	gWorld
8038f4c0	GUID_BAD
8038f50c	GUID_BAD
8038f50c	gPartFxManager
8038f50c	gWorld
8038f6e4	GUID_BAD
8038f6e4	gPartFxManager
8038f764	GUID_BAD
8038f764	gPartFxManager
8038f764	gWorld
8038fa84	gPartFxManager
8038fbf0	GUID_BAD
8038fda4	GUID_BAD
8038ff5c	sPowerupProbs__16RcPowerupManager
8038ffe8	GUID_BAD
8038ffe8	gWorld
80390278	gPartFxManager
80390278	gWorld
803904bc	GUID_BAD
803906d8	RcPowerupModelFilenames
803906d8	sAssetManagerInstance__12AssetManager
803906d8	sDefaultPool__6MemMgr
80390888	GUID_BAD
803908f4	EAGLMalloc__12EAGLInternal
803908f4	gWorld
80390de0	GUID_BAD
803913a8	GUID_BAD
8039141c	sAssetManagerInstance__12AssetManager
8039141c	sDefaultPool__6MemMgr
803917e0	sAssetManagerInstance__12AssetManager
803931b0	sAssetManagerInstance__12AssetManager
803932b4	sAssetManagerInstance__12AssetManager
803936c0	sCameraManagerInstance__13CameraManager
803936c0	gWorld
80393b68	gDisableAptRender
80394c5c	gRcCarsLaneSwitchDuration
8039500c	gWorld
8039500c	mInstance__Q23Ren6Engine
80395278	GUID_BAD
80395354	gWorld
80395354	mInstance__11pgIDatabase
803954a8	gWorld
803954a8	sAncientEvilInstance__11AncientEvil
8039565c	gWorld
803958d8	gWorld
80395990	gWorld
80395d84	gWorld
80395d84	mInstance__11pgIDatabase
803963b8	GUID_BAD
803963b8	sTetherballAIEntitySizeTracker
803963b8	sTetherballMoveCompulsion
803963b8	sTetherballHitCompulsion
80396410	GUID_BAD
803966c4	kTetherballPlayerDistance
803966c4	mInstance__Q23Ren6Engine
803966c4	sAncientEvilInstance__11AncientEvil
803966c4	sDefaultPool__6MemMgr
803966c4	gWorld
803966c4	sCameraManagerInstance__13CameraManager
803966c4	gTetherballAIOverride
803966c4	kCameraPositionFarOffset
803966c4	kCameraTargetLowOffset
803966c4	kTetherballCameraDistance
803966c4	sAssetManagerInstance__12AssetManager
803966c4	kTetherballBallRadius
803966c4	gPartFxManager
803966c4	mInstance__11pgIDatabase
803966c4	sShadowManagerInstance__Q23Ren13ShadowManager
803973d8	gWorld
803973d8	sAncientEvilInstance__11AncientEvil
803973d8	sAssetManagerInstance__12AssetManager
803973d8	GUID_BAD
803973d8	gPartFxManager
803973d8	sShadowManagerInstance__Q23Ren13ShadowManager
80397b74	gPartFxManager
80397b74	gTetherballAIOverride
80397b74	mInstance__15MultiplayerMode
80398368	kTetherballThumbOffset
80398368	gPartFxManager
80398368	gTetherballAIOverride
80398a84	kTetherballThumbOffset
80398a84	gPartFxManager
80398a84	gTetherballAIOverride
80399108	mInstance__15MultiplayerMode
803994f4	kTetherballPlayerDistance
803994f4	GUID_BAD
803994f4	gPartFxManager
803994f4	kCameraPositionFarOffset
803994f4	kCameraTargetLowOffset
803994f4	kTetherballCameraDistance
803994f4	kTetherballBallRadius
803994f4	sAncientEvilInstance__11AncientEvil
803994f4	gTetherballAIOverride
803994f4	mInstance__11pgIDatabase
80399be0	gWorld
80399c1c	kTetherballZoneTable
80399f88	kTetherballGruntChance
8039a2c0	kTetherballMaxHitSpeed
8039a94c	gPartFxManager
8039b1b0	sCameraManagerInstance__13CameraManager
8039b504	kCameraPositionFarOffset
8039b504	kCameraPositionFarHighOffset
8039b504	kCameraPositionMediumOffset
8039b504	kCameraPositionMediumHighOffset
8039b504	kCameraPositionCloseOffset
8039b504	kCameraPositionCloseHighOffset
8039b504	kCameraTargetLowOffset
8039b504	kCameraTargetHighOffset
8039ba00	gWorld
8039ba00	sAncientEvilInstance__11AncientEvil
8039ba00	mInstance__15MultiplayerMode
8039bbec	gWorld
8039bbec	sAncientEvilInstance__11AncientEvil
8039bd20	gWorld
8039bd20	sAncientEvilInstance__11AncientEvil
8039c07c	kTetherballCharacterCelebrationAnims
8039c220	gPartFxManager
8039c220	kTetherballThumbOffset
8039c6dc	kTetherballBallRadius
8039c884	gWorld
8039c970	gWorld
8039c9fc	gWorld
8039ca88	gWorld
8039cb30	sShadowManagerInstance__Q23Ren13ShadowManager
8039cbd0	mInstance__11pgIDatabase
8039cd50	mInstance__16CharacterProfile
8039ceac	mInstance__15MultiplayerMode
8039cf90	mInstance__11pgIDatabase
8039d0bc	kTetherballCharacterCelebrationAnims
8039d134	GUID_BAD
8039d134	kCameraPositionFarOffset
8039d134	Pi__Q32EA5Conga4Math
8039d134	HalfPi__Q32EA5Conga4Math
8039d134	QuarterPi__Q32EA5Conga4Math
8039d134	TwoPi__Q32EA5Conga4Math
8039d134	kCameraPositionMediumOffset
8039d134	kCameraPositionCloseOffset
8039d134	kCameraPositionFarHighOffset
8039d134	kCameraPositionMediumHighOffset
8039d134	kCameraPositionCloseHighOffset
8039d134	kCameraTargetLowOffset
8039d134	kCameraTargetHighOffset
8039d134	kTetherballThumbOffset
8039d264	GUID_BAD
8039d3d8	sAssetManagerInstance__12AssetManager
8039d3d8	sDefaultPool__6MemMgr
8039d3d8	sShadowManagerInstance__Q23Ren13ShadowManager
8039d3d8	mInstance__11pgIDatabase
8039d3d8	kTetherballZoneHeights
8039d768	GUID_BAD
8039d768	gPartFxManager
8039d768	sShadowManagerInstance__Q23Ren13ShadowManager
8039d904	kTetherballZoneHeights
8039e5a8	GUID_BAD
8039e5a8	gPartFxManager
8039e848	kTetherballZoneHeights
8039e868	kTetherballZoneHeights
8039e8c0	gWorld
8039e9bc	kTetherballZoneHeights
8039eb38	GUID_BAD
8039eb38	kTetherballHitOffset
8039ec0c	mInstance__11pgIDatabase
8039ed3c	gWorld
8039ed64	gWorld
8039ed64	sAncientEvilInstance__11AncientEvil
8039ef1c	kAIWallballNormalHitPercentage
8039ef1c	kAIWallballNormalDiveHitPercentage
8039f0e4	gWorld
8039f4fc	gWorld
8039f5f8	gWorld
8039f7b0	gWorld
8039f8ac	GUID_BAD
8039f8ac	sWallballAIEntity
8039f8ac	sWallballServeCompulsion
8039f8ac	sWallballHitBallCompulsion
8039f8ac	sWallballIdleCompulsion
8039f910	kWallballBallSpeedLevels
8039f910	kWallballCharacterSpeedLevels
8039f954	sDefaultPool__6MemMgr
8039fc80	mInstance__Q23Ren6Engine
8039fc80	mInstance__15MultiplayerMode
8039fc80	kWallballOriginDirection
803a03d4	mInstance__11pgIDatabase
803a04cc	gWorld
803a04cc	sAssetManagerInstance__12AssetManager
803a04cc	sAncientEvilInstance__11AncientEvil
803a04cc	sShadowManagerInstance__Q23Ren13ShadowManager
803a0a6c	gWorld
803a1208	gWorld
803a15e8	gWorld
803a15e8	mInstance__Q23Ren6Engine
803a1890	gWorld
803a1a50	gWorld
803a1a50	mInstance__15MultiplayerMode
803a1a50	mInstance__16CharacterProfile
803a1f20	mInstance__Q23Ren6Engine
803a1fe0	sCameraManagerInstance__13CameraManager
803a1fe0	kWallballOriginPosition
803a2628	sCameraManagerInstance__13CameraManager
803a2628	sShadowManagerInstance__Q23Ren13ShadowManager
803a26ec	gWorld
803a2814	mInstance__11pgIDatabase
803a2d60	mInstance__11pgIDatabase
803a2e5c	GUID_BAD
803a2e5c	kWallballOriginPosition
803a2e5c	Pi__Q32EA5Conga4Math
803a2e5c	HalfPi__Q32EA5Conga4Math
803a2e5c	QuarterPi__Q32EA5Conga4Math
803a2e5c	TwoPi__Q32EA5Conga4Math
803a2e5c	kWallballPositionTweak
803a2f58	kWallballBallRadius
803a2f58	GUID_BAD
803a308c	kWallballFilename
803a308c	sAssetManagerInstance__12AssetManager
803a308c	sDefaultPool__6MemMgr
803a308c	sShadowManagerInstance__Q23Ren13ShadowManager
803a308c	kWallballBallRadius
803a32d0	GUID_BAD
803a32d0	gPartFxManager
803a32d0	sShadowManagerInstance__Q23Ren13ShadowManager
803a33bc	kWallballAlternateGravity2
803a33bc	kWallballBallRadius
803a3ca8	gWorld
803a4130	gWorld
803a437c	kWallballBallRadius
803a444c	kWallballAlternateGravity2
803a464c	kWallballBallRadius
803a471c	kWallballThrowSpeedMinX
803a49c8	GUID_BAD
803a49c8	gPartFxManager
803a4c4c	GUID_BAD
803a4c4c	gPartFxManager
803a4d58	GUID_BAD
803a4d58	kWallballDefaultGravity
803a4d58	kWallballAlternateGravity
803a4d58	kWallballAlternateGravity2
803a53f4	GUID_BAD
803a540c	GUID_BAD
803a5554	sAncientEvilInstance__11AncientEvil
803a5554	EAGLMalloc__12EAGLInternal
803a5554	kWallballCharacterTargetingIndicatorNumPowerLevels
803a5764	gPartFxManager
803a5764	GUID_BAD
803a59ac	gWorld
803a5e58	gWorld
803a5ec8	gWorld
803a6324	kWallballCharacterCelebrationAnims
803a6444	gWorld
803a6530	gWorld
803a6610	gWorld
803a66d8	kWallballCharacterTargetingIndicatorNumPowerLevels
803a671c	gPartFxManager
803a6a6c	gWorld
803a6b88	gWorld
803a6fb0	gPartFxManager
803a7044	gWorld
803a72b4	gWorld
803a77b0	gWorld
803a7a54	kWallballCharacterKnockdownTime
803a7c68	gWorld
803a7d04	gWorld
803a7da0	gWorld
803a81b0	gWorld
803a8bc0	GUID_BAD
803a8bc0	gPartFxManager
803a8c24	GUID_BAD
803a8c24	gPartFxManager
803a8db8	sCameraManagerInstance__13CameraManager
803a90e8	GUID_BAD
803a90e8	kDodgeballCharacterGetHitEffectOffset
803a90e8	Pi__Q32EA5Conga4Math
803a90e8	HalfPi__Q32EA5Conga4Math
803a90e8	QuarterPi__Q32EA5Conga4Math
803a90e8	TwoPi__Q32EA5Conga4Math
803a91f0	gWorld
803a91f0	kWallballCourtLength
803a91f0	kWallballCourtWallHeight
803a91f0	kWallballCourtWidth
803a94e0	gWorld
803a9694	kWallballCourtWidth
803a9694	kWallballCourtLength
803a9740	GUID_BAD
803a97e0	GUID_BAD
803a9888	EAGLMalloc__12EAGLInternal
803a9c18	gWorld
803aa588	gWorld
803aa588	kWallballCourtLength
803aa99c	kWallballCourtLength
803aae00	gWorld
803aae00	kWallballMegaBoostIncrement
803aae00	gPartFxManager
803aaf28	gWorld
803aaf28	gPartFxManager
803ab0ac	gWorld
803ab1d4	GUID_BAD
803ab1d4	kWallballCharacterTargetingIndicatorNumPowerLevels
803ab1d4	kWallballMegaBoostIncrement
803ab470	sCameraManagerInstance__13CameraManager
803ab4f0	gWorld
803ab580	gWorld
803ab684	gWorld
803ab6fc	mInstance__15MultiplayerMode
803abc34	gWorld
803abefc	gWorld
803abf0c	gWorld
803abf1c	GUID_BAD
803abf34	sStateTimeElapsed__9GameState
803abf40	sInitialized__9GameState
803abf40	mInstance__Q23Ren6Engine
803abf40	s3dScene
803abf40	sSkyDomeScene
803abf40	s2dScene
803abf40	mInstance__4pgIO
803abf40	sShadowManagerInstance__Q23Ren13ShadowManager
803abf40	sFSEffectInstance__Q23Ren24FullScreenEffectsManager
803abf40	gSkyDome
803abf40	kGameStateLoadingMessageDiskEjected__9GameState
803ac1f0	gPartFxManager
803ac1f0	s3dScene
803ac250	sInitialized__9GameState
803ac250	s3dScene
803ac250	gPartFxManager
803ac250	sFSEffectInstance__Q23Ren24FullScreenEffectsManager
803ac250	s2dScene
803ac250	mInstance__Q23Ren6Engine
803ac250	sSkyDomeScene
803ac368	sfFrameMilliseconds__9GameState
803ac378	gEnableDebugCamera
803ac378	sCameraManagerInstance__13CameraManager
803ac378	mCameraDefaultNum__13CameraManager
803ac378	sStateTimeElapsed__9GameState
803ac378	gWorld
803ac378	mInstance__20AccessibilityManager
803ac378	mInstance__16CharacterProfile
803ac378	gEnableDebugMenu
803acbd4	gEnableDebugMenu
803acdc4	gpTrcCorehandlers
803acdc4	nLastCycles$47163
803acdc4	snViewerFrameCycles__9GameState
803acdc4	sfFrameMilliseconds__9GameState
803acdc4	gFrameCapEnabled
803acdc4	sElapsedTimeFrame__9GameState
803acdc4	gCappedMillisecondsPerFrame
803acdc4	gSimFixedTime
803acdc4	gSimFixedTimeAmt
803acdc4	gSimPause
803acdc4	sElapsedSinceLastRender__9GameState
803acdc4	sTotalElapsedTime__9GameState
803acdc4	sCurrentGameState__9GameState
803acfb8	sCurrentGameState__9GameState
803ad008	sBootFlowCurrentState__9GameState
803ad008	sBootFlowPreviousState__9GameState
803ad024	sCurrentGameState__9GameState
803ad02c	mInstance__Q23Ren6Engine
803ad02c	sBootFlowCurrentState__9GameState
803ad02c	gnCurrentBuild
803ad02c	sBootFlowPreviousState__9GameState
803ad02c	s2dScene
803ad02c	sStrapWarningInstance__18StrapWarningScreen
803ad364	kGameStateLoadingMessageDiskEjected__9GameState
803ad364	mInstance__Q23Ren6Engine
803ad364	gWorld
803ad364	sShadowManagerInstance__Q23Ren13ShadowManager
803ad464	s2dScene
803ad464	mInstance__Q23Ren6Engine
803ad51c	kGameStateLoadingMessageDiskEjected__9GameState
803ad51c	s_pInstance__9FEManager
803ad51c	gnCurrentBuild
803ad51c	mInstance__Q23Ren6Engine
803ad51c	gEmbeddedFont
803ad51c	s2dScene
803ad51c	gpBootDiscEjectLoadScene
803ad788	kGameStateLoadingMessageDiskEjected__9GameState
803ad790	kGameStateLoadingMessageDiskEjected__9GameState
803ad79c	mInstance__Q23Ren6Engine
803ad79c	s2dScene
803ad834	kGameStateLoadingMessageDiskEjected__9GameState
803ad834	mInstance__Q23Ren6Engine
803ad834	sShadowManagerInstance__Q23Ren13ShadowManager
803ad834	gWorld
803ad834	mInstance__15MultiplayerMode
803ad910	kGameStateLoadingMessageDiskEjected__9GameState
803ad910	mInstance__Q23Ren6Engine
803ad910	mInstance__15MultiplayerMode
803ad910	sShadowManagerInstance__Q23Ren13ShadowManager
803ada28	kGameStateLoadingMessageDiskEjected__9GameState
803ada28	mInstance__Q23Ren6Engine
803ada28	gWorld
803ada28	sCameraManagerInstance__13CameraManager
803ada28	sShadowManagerInstance__Q23Ren13ShadowManager
803adb20	mInstance__Q23Ren6Engine
803adb20	s3dScene
803adb20	gWorld
803adb20	sCameraManagerInstance__13CameraManager
803adb20	kGameStateLoadingMessageDiskEjected__9GameState
803adc18	sPGCongaInstance__7PGConga
803adc18	sAncientEvilInstance__11AncientEvil
803adc18	gSkyDome
803adc18	gWorld
803adc18	gPartFxReloadEffects
803adc18	gPartFxManager
803adc18	mInstance__11pgIDatabase
803adc18	sFSEffectInstance__Q23Ren24FullScreenEffectsManager
803adc18	sCameraManagerInstance__13CameraManager
803adc18	mCameraDefaultNum__13CameraManager
803adc18	s3dScene
803adc18	sSkyDomeScene
803adc18	s2dScene
803adc18	gbScreenShotCapture
803adc18	mInstance__Q23Ren6Engine
803adc18	sWorldLightManagerInstance__Q23Ren17WorldLightManager
803adc18	sLightManagerInstance__Q23Ren12LightManager
803adc18	sfFrameMilliseconds__9GameState
803adf70	sCameraManagerInstance__13CameraManager
803adf70	s3dScene
803adf70	sSkyDomeScene
803adf70	gPartFxReloadEffects
803adf70	gPartFxManager
803adf70	gSkyDome
803adf70	gWorld
803adf70	s2dScene
803adf70	sFSEffectInstance__Q23Ren24FullScreenEffectsManager
803adf70	mInstance__Q23Ren6Engine
803adf70	sShadowManagerInstance__Q23Ren13ShadowManager
803adf70	sWorldLightManagerInstance__Q23Ren17WorldLightManager
803adf70	sLightManagerInstance__Q23Ren12LightManager
803adf70	sfFrameMilliseconds__9GameState
803ae308	gWorld
803ae308	sShadowManagerInstance__Q23Ren13ShadowManager
803ae308	sCameraManagerInstance__13CameraManager
803ae308	gShadowWorldWidth__9GameState
803ae308	gShadowWorldLength__9GameState
803ae308	gShadowWorldOffset__9GameState
803ae410	mInstance__Q23Ren6Engine
803ae410	sSkyDomeScene
803ae410	sWorldLightManagerInstance__Q23Ren17WorldLightManager
803ae410	sLightManagerInstance__Q23Ren12LightManager
803ae410	s3dScene
803ae410	gScreenCapture
803ae570	GUID_BAD
803ae570	gSkyDome
803ae570	Pi__Q32EA5Conga4Math
803ae570	HalfPi__Q32EA5Conga4Math
803ae570	QuarterPi__Q32EA5Conga4Math
803ae570	TwoPi__Q32EA5Conga4Math
803ae660	gLanguage
803ae660	g_LocalizationRootDir
803ae858	gLocaleToggleStringId
803ae858	buf$11700
803ae90c	GUID_BAD
803ae974	mInstance__Q23Ren6Engine
803ae974	gpHomeBtnMgr
803ae9fc	mInstance__Q23Ren6Engine
803ae9fc	EAGLdriver__4EAGL
803ae9fc	EAGLdriverext__4EAGL
803ae9fc	gEmbeddedFontData
803ae9fc	gEmbeddedFont
803ae9fc	sIniFileManagerInstance__14IniFileManager
803ae9fc	sStrapWarningInstance__18StrapWarningScreen
803ae9fc	gpBootDiscEjectLoadScene
803ae9fc	mInstance__11pgIDatabase
803aeccc	gScreenCapture
803aeccc	gEmbeddedFont
803aed9c	gDipSwitch
803aee08	sIniFileManagerInstance__14IniFileManager
803aee08	gnCurrentBuild
803aeffc	GUID_BAD
803af0cc	sDefaultPool__6MemMgr
803af0cc	mInstance__15MultiplayerMode
803af110	mInstance__15MultiplayerMode
803af758	GUID_BAD
803af770	isProductCodeSet
803af770	productCode
803af788	parentalLock
803af788	isParentalLockSet
803af798	GUID_BAD
803af930	sDefaultPool__6MemMgr
803af930	mInstance__16CharacterProfile
803af974	mInstance__16CharacterProfile
803afec0	gWorld
803afec0	mInstance__11pgIDatabase
803b0224	gWorld
803b026c	gWorld
803b0424	mInstance__11pgIDatabase
803b09a4	mInstance__16CharacterProfile
803b09a4	gnCurrentBuild
803b0d60	mInstance__11pgIDatabase
803b0fd0	gWorld
803b1040	gWorld
803b10cc	gWorld
803b1158	gWorld
803b11e4	gWorld
803b1264	gWorld
803b12c0	gWorld
803b1330	gWorld
803b1330	mInstance__20AccessibilityManager
803b13ac	gWorld
803b13ac	mInstance__20AccessibilityManager
803b1424	mInstance__11pgIDatabase
803b1424	gWorld
803b15b4	gWorld
803b1670	gWorld
803b1704	mInstance__11pgIDatabase
803b19b8	mInstance__16CharacterProfile
803b1a1c	mInstance__20AccessibilityManager
803b1c64	mInstance__11pgIDatabase
803b1e5c	mInstance__11pgIDatabase
803b1fcc	gGauntletAvailable
803b2120	GUID_BAD
803b2254	GUID_BAD
803b32ac	GUID_BAD
803b3444	GUID_BAD
803b347c	sStrapWarningInstance__18StrapWarningScreen
803b34c0	sStrapWarningInstance__18StrapWarningScreen
803b34f8	mInstance__Q23Ren6Engine
803b34f8	sAssetManagerInstance__12AssetManager
803b34f8	EAGLMalloc__12EAGLInternal
803b3714	sAssetManagerInstance__12AssetManager
803b38ec	GUID_BAD
803b39e4	gCheckForUnUsedControllers__3TRC
803b39e4	gpHomeBtnMgr
803b39e4	mInstance__Q23Ren6Engine
803b3acc	gInControllerDialog__3TRC
803b3acc	gInControllerBypassDialog__3TRC
803b3acc	gOpenDissmissDialog__3TRC
803b3afc	gWorld
803b3afc	gpTrcCorehandlers
803b3afc	mInstance__15MultiplayerMode
803b3afc	gControllerVisibilityStored__3TRC
803b3afc	gInControllerBypassDialog__3TRC
803b3d28	gInControllerDialog__3TRC
803b3d28	mInstance__15MultiplayerMode
803b3d28	gOpenDissmissDialog__3TRC
803b3d74	gInControllerDialog__3TRC
803b3d74	gInControllerBypassDialog__3TRC
803b3d74	gOpenDissmissDialog__3TRC
803b3d74	sFSEffectInstance__Q23Ren24FullScreenEffectsManager
803b3d74	gpTrcCorehandlers
803b3d74	gControllerVisibilityStored__3TRC
803b3d74	gbRestoreControllState__3TRC
803b405c	gpHomeBtnMgr
803b40b0	gpHomeBtnMgr
803b40c0	gpHomeBtnMgr
803b40d0	gpHomeBtnMgr
803b40ec	s2dScene
803b42d4	gpTrcCorehandlers
803b42d4	mInstance__Q23Ren6Engine
803b439c	gpHomeBtnMgr
803b4414	gpTrcCorehandlers
803b448c	sCurrentCallBack__3TRC
803b448c	gTRCOperationDoneCallback__3TRC
803b4500	sAutoSaveEnabled
803b4508	TempBuf__3TRC
803b4508	gSaveFileName__3TRC
803b459c	buf$36190
803b45d4	gnCurrentBuild
803b47cc	gCurrentFileHandler__3TRC
803b47cc	gSaveFileBody__3TRC
803b47cc	TempBuf__3TRC
803b47cc	sCurrentCallBack__3TRC
803b47cc	gTRCOperationDoneCallback__3TRC
803b486c	mInstance__16CharacterProfile
803b486c	sCurrentCallBack__3TRC
803b486c	gCurrentFileHandler__3TRC
803b486c	gTRCOperationDoneCallback__3TRC
803b492c	TempBuf__3TRC
803b4a30	gFileEntryListSize__3TRC
803b4a30	gFileEntryList__3TRC
803b4b1c	TempBuf__3TRC
803b4b1c	gSaveFileBody__3TRC
803b4b1c	gTRCOperationDoneCallback__3TRC
803b4b1c	sCurrentCallBack__3TRC
803b4b94	TempBuf__3TRC
803b4b94	gTRCOperationDoneCallback__3TRC
803b4b94	sCurrentCallBack__3TRC
803b4b94	gSaveFileName__3TRC
803b4b94	gSaveFileBody__3TRC
803b4b94	gCurrentFileHandler__3TRC
803b4b94	sAutoSaveEnabled
803b4c94	gCurrentFileHandler__3TRC
803b4c94	mInstance__16CharacterProfile
803b4c94	gTRCOperationDoneCallback__3TRC
803b4d28	gKeyBoardBuffer__3TRC
803b4d28	gKeyBoardInitialText__3TRC
803b4d28	gTRCOperationDoneCallback__3TRC
803b4dd0	gKeyboardFilterList
803b4e40	gKeyBoardBuffer__3TRC
803b4e4c	gKeyBoardBuffer__3TRC
803b4e4c	gTRCOperationDoneCallback__3TRC
803b4e4c	gKeyBoardInitialText__3TRC
803b50b8	gpTrcCorehandlers
803b50e4	gpTrcCorehandlers
803b50f4	gpTrcCorehandlers
803b5104	gpTrcCorehandlers
803b5110	s_pInstance__9FEManager
803b5110	mInstance__Q23Ren6Engine
803b5244	gbRestoreControllState__3TRC
803b5298	GUID_BAD
803b5474	GUID_BAD
803b5d0c	GUID_BAD
803b6c20	GUID_BAD
803b6d80	hkSystemMalloc
803b6d80	sInstance__13PhysicsMemory
803b6d80	hkSystemFree
803b6d80	s_threadMemoryInstance__14hkThreadMemory
803b6dec	s_threadMemoryInstance__14hkThreadMemory
803b6f84	gSimPhysicsSingleUpdateTimeCap
803b6f84	gSimPhysicsTimeMultiplier
803b7264	s_threadMemoryInstance__14hkThreadMemory
803b7264	sDefaultPool__6MemMgr
803b7368	sDefaultPool__6MemMgr
803b74a4	sDefaultPool__6MemMgr
803b7674	sDefaultPool__6MemMgr
803b7674	s_threadMemoryInstance__14hkThreadMemory
803b787c	s_threadMemoryInstance__14hkThreadMemory
803b7ab0	s_threadMemoryInstance__14hkThreadMemory
803b8560	mInstance__4pgIO
803b8560	s_instance__36hkSingleton<21hkBuiltinTypeRegistry>
803b8560	hkRootLevelContainerClass
803b8560	hkPhysicsDataClass
803b8980	s_threadMemoryInstance__14hkThreadMemory
803b8fd4	GUID_BAD
803b9048	GUID_BAD
803b9060	sInstance__13PhysicsMemory
803b9140	sInstance__13PhysicsMemory
803b94f8	GUID_BAD
803b97d0	GUID_BAD
803b9980	GUID_BAD
803ba178	GUID_BAD
803ba8dc	GUID_BAD
803bace0	GUID_BAD
803bacf8	GUID_BAD
803bad2c	GUID_BAD
803bad60	mMaterialStrings
803badd8	GUID_BAD
803baf20	s_threadMemoryInstance__14hkThreadMemory
803baf20	gWorld
803bb768	gRcCarInputAutoReverse
803bc2d4	gWorld
803bc40c	gWorld
803bc8e0	s_threadMemoryInstance__14hkThreadMemory
803bc944	s_threadMemoryInstance__14hkThreadMemory
803bc9a8	GUID_BAD
803bd25c	GUID_BAD
803bd434	sDefaultPool__6MemMgr
803bd520	gRenAnimMatrices__3Ren
803bd5b8	GUID_BAD
803bda24	GUID_BAD
803be1dc	gWorld
803be5f4	gWorld
803be660	gWorld
803be734	GUID_BAD
803be74c	sCameraManagerInstance__13CameraManager
803bedf4	mCameraToAlignTo__13CameraManager
803beeb8	GUID_BAD
803beed0	sDefaultPool__6MemMgr
803beed0	mInstance__Q23Ren6Engine
803bef14	mInstance__Q23Ren6Engine
803bf054	gEnableVSync__3Ren
803bf080	EAGLMalloc__12EAGLInternal
803bf080	SKINNING_MATRICES_SYMBOL__3Ren
803bf080	gRenAnimMatrices__3Ren
803bf080	OLD_SKINNING_MATRICES_SYMBOL__3Ren
803bf080	gRenOldAnimMatrices__3Ren
803bf238	gWorld
803bf238	gEnableVSync__3Ren
803bf348	sDefaultPool__6MemMgr
803bf438	GUID_BAD
803bf438	gRenOldAnimMatrices__3Ren
803bf4d0	GUID_BAD
803bfb14	GUID_BAD
803bfcc4	GUID_BAD
803bfcdc	gWorld
803bfe24	gFrameCameraTargetHeight
803bfe24	gFrameCameraAngle
803bfe24	gFrameCameraDistance
803bfe24	gFrameCameraHeight
803c003c	GUID_BAD
803c0054	gHingeCameraDistance
803c0140	gHingeCameraDistance
803c0f0c	gHingeCameraDistance
803c1010	GUID_BAD
803c1e3c	GUID_BAD
803c1e54	sFSEffectInstance__Q23Ren24FullScreenEffectsManager
803c1e98	sFSEffectInstance__Q23Ren24FullScreenEffectsManager
803c2330	GUID_BAD
803c2348	gCameraDampening
803c2348	gDampeningCap
803c24f0	gHingeCameraAngle
803c25bc	gWorld
803c25bc	gUpdateDesiredRotation
803c2650	gWorld
803c2650	gHingeDistPercentage
803c2650	gHingeCameraDistance
803c2650	gHingeCameraAngle
803c2650	gHingeCameraTargetOffsetY
803c2650	gConversationCameraDistance
803c2650	gConversationCameraTransitionTime
803c2650	gCurrentDistance
803c2718	gWorld
803c2718	gTransitionSpeed
803c2718	gCurrentDistance
803c2f00	gUpdateDesiredRotation
803c2f1c	GUID_BAD
803c2f34	sDefaultPool__6MemMgr
803c2f34	sLightManagerInstance__Q23Ren12LightManager
803c2f70	sLightManagerInstance__Q23Ren12LightManager
803c2fa8	lightManagerAmbientColour__3Ren
803c2fa8	lightManagerCameraXRot__3Ren
803c2fa8	lightManagerCameraYRot__3Ren
803c2fa8	lightManagerTypes__3Ren
803c2fa8	lightManagerDirection__3Ren
803c34fc	GUID_BAD
803c3514	gOrbitCameraDistance
803c3514	gOrbitCameraHeight
803c3514	gOrbitCameraTargetX
803c3514	gOrbitCameraTargetZ
803c3514	gOrbitCameraRestrictLeft
803c3514	gOrbitCameraRestrictRight
803c3cfc	GUID_BAD
803c3cfc	sZeroVector__11OrbitCamera
803c4364	GUID_BAD
803c4504	sDefaultPool__6MemMgr
803c480c	mCameraToAlignTo__13CameraManager
803c480c	mActiveSceneContext__Q23Ren5Scene
803c4e20	mCameraDefaultNum__13CameraManager
803c4e20	sCameraManagerInstance__13CameraManager
803c4f54	GUID_BAD
803c4f6c	gShadowColour__3Ren
803c4ff8	sDefaultPool__6MemMgr
803c4ff8	sShadowManagerInstance__Q23Ren13ShadowManager
803c5150	gShadowWidth__3Ren
803c5150	gShadowHeight__3Ren
803c5150	mInstance__Q23Ren6Engine
803c5150	EAGLMalloc__12EAGLInternal
803c5150	gShadowColour__3Ren
803c5150	gShadowTransformMatrix
803c54e8	mInstance__Q23Ren6Engine
803c5628	gShadowLightAngles__3Ren
803c5628	gWorld
803c5628	gShadowWidth__3Ren
803c5628	gShadowHeight__3Ren
803c5c94	sLinePoints__3Ren
803c5c94	gShadowColour__3Ren
803c5c94	sQuadPoints$31118
803c5c94	sQuadUVs$31119
803c5c94	identitymatrix4
803c5c94	sLineColour__3Ren
803c63a8	GUID_BAD
803c63a8	gShadowLightAngles__3Ren
803c63a8	gShadowColour__3Ren
803c63a8	sLineColour__3Ren
803c6578	sAssetManagerInstance__12AssetManager
803c6724	mInstance__Q23Ren6Engine
803c6b2c	gSkyDome
803c6b64	GUID_BAD
803c6b64	gSkyDome
803c703c	GUID_BAD
803c70a8	sAssetManagerInstance__12AssetManager
803c70a8	EAGLMalloc__12EAGLInternal
803c718c	sAssetManagerInstance__12AssetManager
803c728c	GUID_BAD
803c74f8	GUID_BAD
803c7510	sDefaultPool__6MemMgr
803c7510	sWorldLightManagerInstance__Q23Ren17WorldLightManager
803c7554	sWorldLightManagerInstance__Q23Ren17WorldLightManager
803c7624	sAssetManagerInstance__12AssetManager
803c7624	EAGLMalloc__12EAGLInternal
803c7830	sAssetManagerInstance__12AssetManager
803c795c	worldLightManagerAmbientColour__3Ren
803c795c	worldLightManagerDirection__3Ren
803c795c	worldLightManagerTypes__3Ren
803c795c	worldLightManagerColours__3Ren
803c7a64	GUID_BAD
803c7a7c	sDefaultPool__6MemMgr
803c7a7c	sAssetManagerInstance__12AssetManager
803c7a7c	mInstance__11pgIDatabase
803c7c18	sDefaultPool__6MemMgr
803c7c18	sAssetManagerInstance__12AssetManager
803c7d20	sAssetManagerInstance__12AssetManager
803c7d90	GUID_BAD
803c7e8c	gMemoryManager__Q28EAGLAnim17MemoryPoolManager
803c8318	gMemoryManager__Q28EAGLAnim17MemoryPoolManager
803c851c	sBoneMask
803c8b78	gMemoryManager__Q28EAGLAnim17MemoryPoolManager
803c8da8	GUID_BAD
803c9260	sAnimStateNames__19AnimationStateGraph
803c92d8	npos__7CString
803c9ac4	GUID_BAD
803c9efc	GUID_BAD
803ca320	sAssetManagerInstance__12AssetManager
803ca368	sAssetManagerInstance__12AssetManager
803ca6d0	mInstance__4pgIO
803ca760	mInstance__4pgIO
803cb218	mInstance__4pgIO
803cc160	EAGLMalloc__12EAGLInternal
803cc160	AnimBankType__Q24EAGL13DynamicLoader
803cc3b8	EAGLMalloc__12EAGLInternal
803cc3b8	ModelType__Q24EAGL13DynamicLoader
803cc488	EAGLMalloc__12EAGLInternal
803cc488	SkeletonType__Q24EAGL13DynamicLoader
803ccbf0	GUID_BAD
803ccc08	emptystring__7CString
803ccc60	mempool__7CString
803ccc78	emptystring__7CString
803cce0c	emptystring__7CString
803cd13c	emptystring__7CString
803cd5a4	mempool__7CString
803cd5a4	numfreepools__7CString
803cd5f0	mempool__7CString
803cd5f0	numfreepools__7CString
803cd718	mempool__7CString
803cd718	numfreepools__7CString
803cd854	numfreepools__7CString
803cdbdc	mempool__7CString
803cdc10	GUID_BAD
803cdc2c	sRenderer__9DebugMenu
803cdc2c	sRootMenu__9DebugMenu
803cdc2c	sActive__9DebugMenu
803cdc78	sNewestMenu__9DebugMenu
803cdc78	sRootMenu__9DebugMenu
803cdc78	sCurrentMenu__9DebugMenu
803cdd78	sRootMenu__9DebugMenu
803cdd78	sCurrentMenu__9DebugMenu
803cdd78	sNewestMenu__9DebugMenu
803ce0dc	sCurrentMenu__9DebugMenu
803ce0f0	sCurrentMenu__9DebugMenu
803ce104	sCurrentMenu__9DebugMenu
803ce118	sCurrentMenu__9DebugMenu
803ce134	sCurrentMenu__9DebugMenu
803ce150	sCurrentMenu__9DebugMenu
803ce164	sCurrentMenu__9DebugMenu
803ce178	sRenderer__9DebugMenu
803ce21c	sNewestMenu__9DebugMenu
803ce238	sNewestMenu__9DebugMenu
803ce258	sCurrentMenu__9DebugMenu
803ce258	sActive__9DebugMenu
803ce258	sRenderer__9DebugMenu
803ce3cc	GUID_BAD
803ce8dc	sCurrentMenu__9DebugMenu
803ce980	GUID_BAD
803ce998	gDipSwitch
803ce9b0	GUID_BAD
803cf20c	sIniFileManagerInstance__14IniFileManager
803cf250	sIniFileManagerInstance__14IniFileManager
803cf4c0	GUID_BAD
803cf688	GUID_BAD
803cf6a8	sDefaultPool__6MemMgr
803cf6bc	sDefaultPool__6MemMgr
803cf700	sMemoryPoolArray__6MemMgr
803cf700	s_MEM2Class__6MemMgr
803cf750	s_pMemoryPools__6MemMgr
803cf750	sPoolParameters
803cf750	s_MEM2Class__6MemMgr
803cf750	sDefaultPool__6MemMgr
803cf750	s_Initialized__6MemMgr
803cf8ac	s_Initialized__6MemMgr
803cf8ac	sPoolParameters
803cf8ac	s_pMemoryPools__6MemMgr
803cfa08	s_pMemoryPools__6MemMgr
803cfa34	s_pMemoryPools__6MemMgr
803cfa68	GUID_BAD
803cfa68	sce_newlib_heap_kb_size
803cfb10	rcmp_sys__4RCMP
803cfc08	rcmp_sys__4RCMP
803cfd7c	mIsPlaying__11MoviePlayer
803cfe44	mIsPlaying__11MoviePlayer
803d0130	GUID_BAD
803d0148	gWorld
803d0148	sActive__9DebugMenu
803d01c0	gWorld
803d0230	mInstance__16CharacterProfile
803d0264	mInstance__16CharacterProfile
803d0298	mInstance__16CharacterProfile
803d02cc	mInstance__16CharacterProfile
803d0300	gWorld
803d0314	gbScreenShotCapture
803d0320	mInstance__11pgIDatabase
803d0320	gWorld
803d0374	mInstance__11pgIDatabase
803d0374	gWorld
803d03c8	mInstance__11pgIDatabase
803d03c8	gWorld
803d041c	mInstance__11pgIDatabase
803d041c	gWorld
803d0470	mInstance__11pgIDatabase
803d0470	gWorld
803d04c4	mInstance__11pgIDatabase
803d04c4	gWorld
803d0518	mInstance__11pgIDatabase
803d0518	gWorld
803d056c	mInstance__11pgIDatabase
803d056c	gWorld
803d05c0	mInstance__11pgIDatabase
803d05c0	gWorld
803d0614	mInstance__11pgIDatabase
803d0614	gWorld
803d0668	mInstance__11pgIDatabase
803d0668	gWorld
803d06bc	mInstance__11pgIDatabase
803d06bc	gWorld
803d0710	mInstance__11pgIDatabase
803d0710	gWorld
803d0764	mInstance__11pgIDatabase
803d0764	gWorld
803d07b8	mInstance__11pgIDatabase
803d07b8	gWorld
803d080c	mInstance__11pgIDatabase
803d080c	gWorld
803d0860	mInstance__11pgIDatabase
803d0860	gWorld
803d08b4	mInstance__11pgIDatabase
803d08b4	gWorld
803d0908	mInstance__11pgIDatabase
803d0908	gWorld
803d095c	mInstance__11pgIDatabase
803d095c	gWorld
803d09b0	mInstance__11pgIDatabase
803d09b0	gWorld
803d0a04	mInstance__11pgIDatabase
803d0a04	gWorld
803d0a58	mInstance__11pgIDatabase
803d0a58	gWorld
803d0aac	mInstance__11pgIDatabase
803d0aac	gWorld
803d0b00	mInstance__11pgIDatabase
803d0b00	gWorld
803d0b54	mInstance__11pgIDatabase
803d0b54	gWorld
803d0ba8	mInstance__11pgIDatabase
803d0ba8	gWorld
803d0bfc	mInstance__11pgIDatabase
803d0bfc	gWorld
803d0c50	mInstance__11pgIDatabase
803d0c50	gWorld
803d0ca4	mInstance__11pgIDatabase
803d0ca4	gWorld
803d0cf8	mInstance__11pgIDatabase
803d0cf8	gWorld
803d0d4c	mInstance__11pgIDatabase
803d0d4c	gWorld
803d0da0	mInstance__11pgIDatabase
803d0da0	gWorld
803d0df4	mInstance__11pgIDatabase
803d0df4	gWorld
803d0e48	mInstance__11pgIDatabase
803d0e48	gWorld
803d0e9c	mInstance__11pgIDatabase
803d0e9c	gWorld
803d0ef0	mInstance__11pgIDatabase
803d0ef0	gWorld
803d0f44	mInstance__11pgIDatabase
803d0f44	gWorld
803d0f98	mInstance__11pgIDatabase
803d0f98	gWorld
803d0fec	mInstance__11pgIDatabase
803d0fec	gWorld
803d1040	mInstance__11pgIDatabase
803d1040	gWorld
803d1094	mInstance__11pgIDatabase
803d1094	gWorld
803d10e8	mInstance__11pgIDatabase
803d10e8	gWorld
803d113c	mInstance__11pgIDatabase
803d113c	gWorld
803d1190	mInstance__11pgIDatabase
803d1190	gWorld
803d11e4	mInstance__11pgIDatabase
803d11e4	gWorld
803d1238	mInstance__11pgIDatabase
803d1238	gWorld
803d128c	mInstance__11pgIDatabase
803d128c	gWorld
803d12e0	mInstance__11pgIDatabase
803d12e0	gWorld
803d1334	mInstance__11pgIDatabase
803d1334	gWorld
803d1388	mInstance__11pgIDatabase
803d1388	gWorld
803d13dc	mInstance__11pgIDatabase
803d13dc	gWorld
803d1430	mInstance__11pgIDatabase
803d1430	gWorld
803d1484	mInstance__11pgIDatabase
803d1484	gWorld
803d14d8	mInstance__11pgIDatabase
803d14d8	gWorld
803d152c	mInstance__11pgIDatabase
803d152c	gWorld
803d1580	mInstance__11pgIDatabase
803d1580	gWorld
803d15d4	mInstance__11pgIDatabase
803d15d4	gWorld
803d1628	mInstance__11pgIDatabase
803d1628	gWorld
803d167c	mInstance__11pgIDatabase
803d167c	gWorld
803d16d0	mInstance__11pgIDatabase
803d16d0	gWorld
803d1724	mInstance__11pgIDatabase
803d1724	gWorld
803d1778	mInstance__11pgIDatabase
803d1778	gWorld
803d17cc	mInstance__11pgIDatabase
803d17cc	gWorld
803d1820	mInstance__11pgIDatabase
803d1820	gWorld
803d1874	sActive__9DebugMenu
803d1874	sRenderer__9DebugMenu
803d1874	gEnableAI
803d1874	gGauntletAvailable
803d1874	gGauntletWinAllGamesExcept1
803d1874	mInstance__16CharacterProfile
803d1874	gPartFxRenderDisable
803d1874	gCheatUnlockAllMPCharacters
803d1874	gLocaleToggleStringId
803d42c0	sActive__9DebugMenu
803d44e4	FONTstand
803d47b8	GUID_BAD
803d48c0	sDefaultPool__6MemMgr
803d48c0	mInstance__4pgIO
803d4d20	GUID_BAD
803d4d38	msInstance__13PGMoviePlayer
803d4d88	msInstance__13PGMoviePlayer
803d4d94	msInstance__13PGMoviePlayer
803d4d9c	mInstance__Q23Ren6Engine
803d4f04	s2dScene
803d4f70	gWorld
803d50c0	gWorld
803d5160	mIsPlaying__11MoviePlayer
803d5170	GUID_BAD
803d5520	mInstance__Q23Ren6Engine
803d55e8	mInstance__Q23Ren6Engine
803d56b0	GUID_BAD
803d5968	GUID_BAD
803d5a1c	GUID_BAD
803d5a68	sDefaultPool__6MemMgr
803d5a68	mInstance__20AccessibilityManager
803d5aac	mInstance__20AccessibilityManager
803d5ae0	mInstance__16CharacterProfile
803d5bc0	gWorld
803d5c10	gWorld
803d5c10	mPopupClosedCallback__20AccessibilityManager
803d5c10	mPopupClosedCaller__20AccessibilityManager
803d5c7c	mInstance__11pgIDatabase
803d5d74	GUID_BAD
803d5e68	mInstance__11pgIDatabase
803d5fe4	sAssetManagerInstance__12AssetManager
803d6774	sAssetManagerInstance__12AssetManager
803d6834	gDisableCurvedWorld
803d6834	gRenderWorld
803d69d0	sCameraManagerInstance__13CameraManager
803d69d0	gWorld
803d6cec	sCameraManagerInstance__13CameraManager
803d718c	mInstance__Q23Ren6Engine
803d71ec	mInstance__Q23Ren6Engine
803d725c	mInstance__Q23Ren6Engine
803d7414	gWorld
803d74d8	GUID_BAD
803d75b0	sAssetManagerInstance__12AssetManager
803d7604	sAssetManagerInstance__12AssetManager
803d7718	sAssetManagerInstance__12AssetManager
803d78b8	gDisableCurvedWorld
803d7ac4	gDisableCurvedWorld
803d7fec	GUID_BAD
803d8004	gWorld
803d8454	gWorld
803d8758	mInstance__11pgIDatabase
803d8758	npos__7CString
803d8758	gWorld
803d8758	sAssetManagerInstance__12AssetManager
803d8758	mInstance__4pgIO
803d8758	sDefaultPool__6MemMgr
803d8758	sPlaceableAnimationEventHandler
803d8758	sShadowManagerInstance__Q23Ren13ShadowManager
803d965c	sAssetManagerInstance__12AssetManager
803d97b8	gWorld
803d97b8	gPartFxManager
803d97b8	sAssetManagerInstance__12AssetManager
803d97b8	sShadowManagerInstance__Q23Ren13ShadowManager
803d9ac4	gWorld
803d9ac4	gPlaceableTypeRequiresSorting
803d9ec0	mInstance__Q23Ren6Engine
803d9ec0	gRenTextureMatrixPalette
803da0b8	GUID_BAD
803da0b8	sPlaceableAnimationEventHandler
803da178	gWorld
803da20c	mInstance__11pgIDatabase
803da27c	mInstance__11pgIDatabase
803da2ec	mInstance__11pgIDatabase
803da35c	mInstance__11pgIDatabase
803da3cc	mInstance__11pgIDatabase
803da43c	mInstance__11pgIDatabase
803da43c	gWorld
803da778	mInstance__11pgIDatabase
803da7e8	mInstance__11pgIDatabase
803da7e8	gWorld
803daa10	mInstance__11pgIDatabase
803daa10	gWorld
803dac2c	sFSEffectInstance__Q23Ren24FullScreenEffectsManager
803dac2c	mInstance__11pgIDatabase
803dacf8	sFSEffectInstance__Q23Ren24FullScreenEffectsManager
803dad24	sCameraManagerInstance__13CameraManager
803dad34	mInstance__11pgIDatabase
803dadd8	mInstance__11pgIDatabase
803dadd8	sCameraManagerInstance__13CameraManager
803dafbc	mInstance__11pgIDatabase
803dafbc	sCameraManagerInstance__13CameraManager
803dafbc	gPartFxManager
803dafbc	gWorld
803db5d8	gWorld
803db5d8	mInstance__11pgIDatabase
803db80c	GUID_BAD
803db848	gWorld
803dba3c	sCameraManagerInstance__13CameraManager
803dba3c	gPlayerAtAreaTarget
803dba7c	gStickerKidAtConversationPos
803dba88	gStickerKidAtFinalPos
803dbc5c	mInstance__11pgIDatabase
803dbd48	s3dScene
803dbd48	sFSEffectInstance__Q23Ren24FullScreenEffectsManager
803dbd48	kPlaygroundWorldMinigameFadeColour
803dbd48	mInstance__11pgIDatabase
803dbd48	sDefaultPool__6MemMgr
803dc030	mInstance__11pgIDatabase
803dc030	mInstance__16CharacterProfile
803dc030	s3dScene
803dc030	sAncientEvilInstance__11AncientEvil
803dc030	kFreeThrowPosition
803dc030	kFreeThrowParticles
803dc030	gPartFxManager
803dc3f0	sFSEffectInstance__Q23Ren24FullScreenEffectsManager
803dc3f0	sAssetManagerInstance__12AssetManager
803dc554	s3dScene
803dc554	gWorld
803dc554	sAncientEvilInstance__11AncientEvil
803dc554	kFreeThrowParticles
803dc554	gPartFxManager
803dc554	GUID_BAD
803dc6e4	kFreeThrowParticles
803dc6e4	gPartFxManager
803dc6e4	GUID_BAD
803dc77c	kFreeThrowPosition
803dc77c	kFreeThrowParticles
803dc77c	gPartFxManager
803dc8ac	mInstance__16CharacterProfile
803dc9a0	GUID_BAD
803dc9a0	gPartFxManager
803dcaa4	GUID_BAD
803dcaa4	gPartFxManager
803dcb3c	mInstance__11pgIDatabase
803dcc24	mInstance__16CharacterProfile
803dcc24	gSinglePlayerStateTime
803dcc24	mInstance__20AccessibilityManager
803dcc24	gWorld
803dcc24	mInstance__Q23Ren6Engine
803dcc24	sAncientEvilInstance__11AncientEvil
803dcc24	mInstance__11pgIDatabase
803dcc24	gPlayerAtAreaTarget
803dcc24	gStickerKidAtConversationPos
803dcc24	gStickerKidAtFinalPos
803dcc24	sCameraManagerInstance__13CameraManager
803dd7dc	mInstance__16CharacterProfile
803dd7dc	sAncientEvilInstance__11AncientEvil
803dd7dc	gStickerKidAtConversationPos
803dd7dc	gStickerKidAtFinalPos
803dd948	gWorld
803dda98	gWorld
803ddbd8	gWorld
803ddbd8	kFreeThrowPosition
803ddbd8	kFreeThrowDatabaseNames
803ddbd8	kFreeThrowPointsToWin
803dde3c	gWorld
803ddf04	gWorld
803de0a0	gPartFxManager
803de0a0	gWorld
803de120	gWorld
803de1b8	mPopupClosedCallback__20AccessibilityManager
803de1b8	mPopupClosedCaller__20AccessibilityManager
803de244	gWorld
803de704	GUID_BAD
803de704	gPartFxManager
803de794	mInstance__11pgIDatabase
803de794	mInstance__16CharacterProfile
803de794	GUID_BAD
803de940	sAssetManagerInstance__12AssetManager
803de940	sDefaultPool__6MemMgr
803de940	sShadowManagerInstance__Q23Ren13ShadowManager
803deaf8	sAssetManagerInstance__12AssetManager
803deb68	sAssetManagerInstance__12AssetManager
803deb68	sShadowManagerInstance__Q23Ren13ShadowManager
803dec58	gWorld
803deed8	mInstance__16CharacterProfile
803def54	mInstance__16CharacterProfile
803df048	sAncientEvilInstance__11AncientEvil
803df048	sCameraManagerInstance__13CameraManager
803df138	mInstance__Q23Ren6Engine
803df138	sAncientEvilInstance__11AncientEvil
803df138	mInstance__11pgIDatabase
803df3e0	sAncientEvilInstance__11AncientEvil
803df3e0	sCameraManagerInstance__13CameraManager
803df4e8	mInstance__Q23Ren6Engine
803df4e8	mInstance__11pgIDatabase
803df4e8	sAncientEvilInstance__11AncientEvil
803df4e8	sCameraManagerInstance__13CameraManager
803df4e8	mInstance__16CharacterProfile
803dfc50	sAncientEvilInstance__11AncientEvil
803dfc50	gPlayerAtAreaTarget
803dfc50	sCameraManagerInstance__13CameraManager
803e01b8	gWorld
803e0340	GUID_BAD
803e0340	gMGTestEffect
803e0340	kPlaygroundWorldMinigameFadeColour
803e04b8	mInstance__11pgIDatabase
803e0838	gDrawSpawnRegions
803e0838	gWorld
803e0a0c	GUID_BAD
803e0b44	mInstance__11pgIDatabase
803e0ed4	gWorld
803e0ed4	sAncientEvilInstance__11AncientEvil
803e1108	sAncientEvilInstance__11AncientEvil
803e1108	gWorld
803e154c	GUID_BAD
803e1698	GUID_BAD
803e1790	mInstance__11pgIDatabase
803e1790	MinigameIDs
803e1790	gWorld
803e1b2c	mInstance__15MultiplayerMode
803e1b2c	sDefaultPool__6MemMgr
803e1b2c	s3dScene
803e1b2c	s2dScene
803e2254	mInstance__Q23Ren6Engine
803e2254	s3dScene
803e2254	mInstance__15MultiplayerMode
803e2254	sCameraManagerInstance__13CameraManager
803e2254	mInstance__16CharacterProfile
803e2254	gWorld
803e26e0	MinigameIDs
803e27dc	GUID_BAD
803e27dc	gWorld
803e28ac	gDefaultDataArea$18043
803e28c0	kTypeHandlerCount__6Attrib
803e28c0	kTypeHandlerIds__6Attrib
803e28c0	kTypeHandlers__6Attrib
803e293c	GUID_BAD
803e293c	Attrib_RefSpec_singleton__6Attrib
803e2c78	gCurrentFrameNumber__Q24EAGL13RenderContext
803e2c78	gGlobalViewProjectionMatrix__12EAGLInternal
803e2c78	gGlobalViewMatrix__12EAGLInternal
803e2c78	CurrentVariation__12EAGLInternal
803e3778	gCurrentFrameNumber__Q24EAGL13RenderContext
803e3788	sVerbosityControl__Q24EAGL5Model
803e37a8	gCurrentFrameNumber__Q24EAGL13RenderContext
803e37c4	gGlobalProjectionMatrix__12EAGLInternal
803e37c4	fidentity__12EAGLInternal
803e37c4	gGlobalViewMatrix__12EAGLInternal
803e37c4	gGlobalModelMatrix__12EAGLInternal
803e37c4	gGlobalModelViewMatrix__12EAGLInternal
803e37c4	gGlobalViewProjectionMatrix__12EAGLInternal
803e37c4	gGlobalViewProjectionGuardbandMatrix__12EAGLInternal
803e37c4	gGlobalModelViewProjectionMatrix__12EAGLInternal
803e37c4	identity__12EAGLInternal
803e37c4	ModelScale__12EAGLInternal
803e387c	gpCurrentDevice__Q212EAGLInternal13DevicePrivate
803e387c	gConsPool__Q24EAGL13DynamicLoader
803e387c	gRuntimeAllocConsPool__Q24EAGL13DynamicLoader
803e387c	gpRenderMethodList__12EAGLInternal
803e396c	gpCurrentRenderContext__Q212EAGLInternal13DevicePrivate
803e396c	gConsPool__Q24EAGL13DynamicLoader
803e396c	gpCurrentTextureRenderContext__Q212EAGLInternal13DevicePrivate
803e396c	gRuntimeAllocConsPool__Q24EAGL13DynamicLoader
803e396c	gSymbolPool__Q24EAGL13DynamicLoader
803e396c	gpRenderMethodList__12EAGLInternal
803e396c	EAGLFree__12EAGLInternal
803e3a9c	gpCurrentDevice__Q212EAGLInternal13DevicePrivate
803e3ab4	sVerbosityControl__Q24EAGL15DeviceExtension
803e3ad4	gpCurrentRenderContext__Q212EAGLInternal13DevicePrivate
803e3ad4	gpCurrentContext__Q212EAGLInternal13DevicePrivate
803e3ae0	gpCurrentDevice__Q212EAGLInternal13DevicePrivate
803e3ae8	EAGLFree__12EAGLInternal
803e3af0	EAGLMalloc__12EAGLInternal
803e3af0	EAGLTempMalloc__12EAGLInternal
803e3b08	gpCurrentContext__Q212EAGLInternal13DevicePrivate
803e3b10	gpCurrentTextureRenderContext__Q212EAGLInternal13DevicePrivate
803e3b18	gpCurrentRenderContext__Q212EAGLInternal13DevicePrivate
803e3b20	gpCurrentContext__Q212EAGLInternal13DevicePrivate
803e3be8	gpCurrentContext__Q212EAGLInternal13DevicePrivate
803e3be8	gpCurrentRenderContext__Q212EAGLInternal13DevicePrivate
803e3cf0	EAGLMalloc__12EAGLInternal
803e3cf0	gpCurrentRenderContext__Q212EAGLInternal13DevicePrivate
803e3cf0	gpCurrentContext__Q212EAGLInternal13DevicePrivate
803e3d54	sVerbosityControl__Q24EAGL6Device
803e3f14	gFrameBuffersInitialized__Q212EAGLInternal20RenderContextPrivate
803e3f2c	gDoScreenClear__Q24EAGL22RenderContextExtension
803e3f6c	gEnableDestinationAlpha__Q24EAGL26RenderContextExtensionBase
803e3f74	gOverrideMaxAniso__Q24EAGL26RenderContextExtensionBase
803e3f80	gOverrideMipMapMode__Q24EAGL26RenderContextExtensionBase
803e3f90	gOverrideAlphaWrites__Q24EAGL26RenderContextExtensionBase
803e3fa0	gOverrideFilterMode__Q24EAGL26RenderContextExtensionBase
803e3fb0	gOverrideMipmapLODBias__Q24EAGL26RenderContextExtensionBase
803e4064	gAutoVSyncOffEnable__Q212EAGLInternal20RenderContextPrivate
803e41d8	gVSyncCallbackRefCount__Q212EAGLInternal20RenderContextPrivate
803e4370	gUserRenderMode__Q212EAGLInternal20RenderContextPrivate
803e4370	GXNtsc480Prog
803e4370	GXNtsc480IntDf
803e4370	GXEurgb60Hz480Prog
803e4370	GXEurgb60Hz480IntDf
803e4370	GXPal528IntDf
803e4370	GXMpal480Prog
803e4370	GXMpal480IntDf
803e4370	EAGLFree__12EAGLInternal
803e4370	EAGLMalloc__12EAGLInternal
803e4370	gFrameBuffersInitialized__Q212EAGLInternal20RenderContextPrivate
803e4370	gVolatileBuffers__Q24EAGL22RenderContextExtension
803e4370	gVolatileBufferSize__Q24EAGL22RenderContextExtension
803e4370	gCurrentVolatileBuffer__Q24EAGL22RenderContextExtension
803e4370	sHighWater__Q34EAGL14VolatileBuffer12SuperPrivate
803e4370	gVSyncCallbackRefCount__Q212EAGLInternal20RenderContextPrivate
803e4370	gMessageQueue__Q212EAGLInternal20RenderContextPrivate
803e4370	gMessages__Q212EAGLInternal20RenderContextPrivate
803e4370	gEnableDestinationAlpha__Q24EAGL26RenderContextExtensionBase
803e5534	gDataStuffing__Q24EAGL22RenderContextExtension
803e574c	gDataStuffing__Q24EAGL22RenderContextExtension
803e5798	gCurrentVolatileBuffer__Q24EAGL22RenderContextExtension
803e5798	gVolatileBuffers__Q24EAGL22RenderContextExtension
803e57ac	gVolatileBuffers__Q24EAGL22RenderContextExtension
803e57ac	gVolatileBufferSize__Q24EAGL22RenderContextExtension
803e57c0	gBeginEndNestLevel__Q212EAGLInternal20RenderContextPrivate
803e580c	gCurrentFrameNumber__Q24EAGL13RenderContext
803e5838	gColourWritesEnable__Q24EAGL21GeoPrimStateExtension
803e5840	gFlipRate__Q212EAGLInternal20RenderContextPrivate
803e585c	gCullClockwise__Q24EAGL21GeoPrimStateExtension
803e5890	gZWritesEnable__Q24EAGL21GeoPrimStateExtension
803e58bc	gUseVSyncCallback__Q212EAGLInternal20RenderContextPrivate
803e58e8	gGPBreakPointTail__Q212EAGLInternal20RenderContextPrivate
803e58e8	gGPBreaklist__Q212EAGLInternal20RenderContextPrivate
803e590c	gUseVSyncCallback__Q212EAGLInternal20RenderContextPrivate
803e590c	gAutoVSyncOffEnable__Q212EAGLInternal20RenderContextPrivate
803e590c	gVSyncCount__Q212EAGLInternal20RenderContextPrivate
803e590c	gFlipRate__Q212EAGLInternal20RenderContextPrivate
803e590c	gDrawsDone__Q212EAGLInternal20RenderContextPrivate
803e596c	gLastToken__Q212EAGLInternal20RenderContextPrivate
803e596c	gPixPassedZTest__Q212EAGLInternal20RenderContextPrivate
803e596c	gPixSubmitted__Q212EAGLInternal20RenderContextPrivate
803e596c	gVisibilityValid__Q212EAGLInternal20RenderContextPrivate
803e596c	gGPBreakPointTail__Q212EAGLInternal20RenderContextPrivate
803e596c	gGPBreaklist__Q212EAGLInternal20RenderContextPrivate
803e596c	gBreakSet__Q312EAGLInternal20RenderContextPrivate7GPBreak
803e5a88	gVSyncCount__Q212EAGLInternal20RenderContextPrivate
803e5a88	gDrawsDone__Q212EAGLInternal20RenderContextPrivate
803e5a88	gFlipRate__Q212EAGLInternal20RenderContextPrivate
803e5a88	gBeginEndNestLevel__Q212EAGLInternal20RenderContextPrivate
803e5a88	gGpuHangRecoveryTimeout__Q24EAGL22RenderContextExtension
803e5a88	gGpuHangVsyncCount__Q212EAGLInternal20RenderContextPrivate
803e5a88	gMessageQueue__Q212EAGLInternal20RenderContextPrivate
803e5a88	gGPBreakPointTail__Q212EAGLInternal20RenderContextPrivate
803e5a88	gGPBreaklist__Q212EAGLInternal20RenderContextPrivate
803e5a88	gBreakSet__Q312EAGLInternal20RenderContextPrivate7GPBreak
803e5c04	gEndFrameProcessed__Q212EAGLInternal20RenderContextPrivate
803e5c04	gUseVSyncCallback__Q212EAGLInternal20RenderContextPrivate
803e5c04	gDrawsDone__Q212EAGLInternal20RenderContextPrivate
803e5c04	gVSyncCount__Q212EAGLInternal20RenderContextPrivate
803e5c04	gGPBreakPointTail__Q212EAGLInternal20RenderContextPrivate
803e5c04	gGPBreaklist__Q212EAGLInternal20RenderContextPrivate
803e5c04	gBreakSet__Q312EAGLInternal20RenderContextPrivate7GPBreak
803e5c04	gLastCycleCount__Q212EAGLInternal20RenderContextPrivate
803e5c04	gMessageQueue__Q212EAGLInternal20RenderContextPrivate
803e5c04	gFrameCycles__Q212EAGLInternal20RenderContextPrivate
803e5d48	gMessageQueue__Q212EAGLInternal20RenderContextPrivate
803e5d48	gUseVSyncCallback__Q212EAGLInternal20RenderContextPrivate
803e5d48	gBeginEndNestLevel__Q212EAGLInternal20RenderContextPrivate
803e5d48	gEndFrameProcessed__Q212EAGLInternal20RenderContextPrivate
803e5d48	gGPBreakPointHead__Q212EAGLInternal20RenderContextPrivate
803e5d48	gGPBreaklist__Q212EAGLInternal20RenderContextPrivate
803e5d48	gBreakSet__Q312EAGLInternal20RenderContextPrivate7GPBreak
803e5d48	gDoScreenClear__Q24EAGL22RenderContextExtension
803e5d48	gScreenColour__Q212EAGLInternal15ViewPortPrivate
803e5d48	gCurrentVolatileBuffer__Q24EAGL22RenderContextExtension
803e5d48	gVolatileBuffers__Q24EAGL22RenderContextExtension
803e5d48	sHighWater__Q34EAGL14VolatileBuffer12SuperPrivate
803e5d48	gCurrentFrameNumber__Q24EAGL13RenderContext
803e5f14	gGpuHangVsyncCount__Q212EAGLInternal20RenderContextPrivate
803e5f14	gBeginEndNestLevel__Q212EAGLInternal20RenderContextPrivate
803e5f14	gCullClockwise__Q24EAGL21GeoPrimStateExtension
803e5f14	gZWritesEnable__Q24EAGL21GeoPrimStateExtension
803e5f14	gEnableDestinationAlpha__Q24EAGL26RenderContextExtensionBase
803e5f14	gpFirstViewPort__Q24EAGL17ViewPortExtension
803e5fc8	gVolatileBuffers__Q24EAGL22RenderContextExtension
803e5fc8	EAGLFree__12EAGLInternal
803e5fc8	gFrameBuffersInitialized__Q212EAGLInternal20RenderContextPrivate
803e5fc8	gVSyncCallbackRefCount__Q212EAGLInternal20RenderContextPrivate
803e62d0	ProfileEndFrame
803e62d0	ProfileWaitForGP
803e62d0	sVerbosityControl__Q24EAGL26RenderContextExtensionBase
803e62d0	sVerbosityControl__Q24EAGL22RenderContextExtension
803e64a4	EAGLMalloc__12EAGLInternal
803e6504	sVerbosityControl__Q24EAGL17RenderContextBase
803e6504	sVerbosityControl__Q24EAGL13RenderContext
803e6544	gVertexStrides__Q24EAGL12RenderMethod
803e6544	gVertexArrays__Q24EAGL12RenderMethod
803e6828	gVertexStrides__Q24EAGL12RenderMethod
803e6828	gVertexArrays__Q24EAGL12RenderMethod
803e6888	gpRenderMethodList__12EAGLInternal
803e68c4	ModelScale__12EAGLInternal
803e6930	gVertexArrays__Q24EAGL12RenderMethod
803e6930	ProfilePolySubmission
803e6930	ProfileStateChanging
803e6930	ProfileSkinning
803e6930	ProfileUseTexture
803e6930	ProfileDrawSetup
803e6930	ProfileMemCopies
803e6a78	gVertexFormat__Q24EAGL21GeoPrimStateExtension
803e6a78	gVertexDataType__Q24EAGL21GeoPrimStateExtension
803e6a8c	gVertexFormat__Q24EAGL21GeoPrimStateExtension
803e6a8c	gVertexDataType__Q24EAGL21GeoPrimStateExtension
803e6ca8	gStateInitialized__Q24EAGL21GeoPrimStateExtension
803e6ca8	gCurrentCompactState__Q24EAGL21GeoPrimStateExtension
803e6ca8	gCullClockwise__Q24EAGL21GeoPrimStateExtension
803e6ca8	gZWritesEnable__Q24EAGL21GeoPrimStateExtension
803e70e8	gCurrentCompactState__Q24EAGL21GeoPrimStateExtension
803e70e8	gCullClockwise__Q24EAGL21GeoPrimStateExtension
803e70e8	gZWritesEnable__Q24EAGL21GeoPrimStateExtension
803e70e8	gColourWritesEnable__Q24EAGL21GeoPrimStateExtension
803e71ac	gCurrentCompactState__Q24EAGL21GeoPrimStateExtension
803e71ac	gCullClockwise__Q24EAGL21GeoPrimStateExtension
803e71ac	gZWritesEnable__Q24EAGL21GeoPrimStateExtension
803e71ac	gStateInitialized__Q24EAGL21GeoPrimStateExtension
803e71ac	gColourWritesEnable__Q24EAGL21GeoPrimStateExtension
803e71ac	gVertexFormat__Q24EAGL21GeoPrimStateExtension
803e71ac	gVertexDataType__Q24EAGL21GeoPrimStateExtension
803e71ac	identitymatrix4
803e71ac	gCoPlanarZModeEnabled__Q24EAGL21GeoPrimStateExtension
803e744c	sPrimTypeXlate
803e746c	sPrimTypeXlate
803e74d0	EAGLFree__12EAGLInternal
803e7550	EAGLFree__12EAGLInternal
803e7570	EAGLTempMalloc__12EAGLInternal
803e7570	EAGLMalloc__12EAGLInternal
803e7570	_current_locale
803e7570	EAGLFree__12EAGLInternal
803e7df0	EAGLFree__12EAGLInternal
803e7e14	EAGLFree__12EAGLInternal
803e7e98	EAGLFree__12EAGLInternal
803e7ec4	ProfileSetState
803e7ec4	sVerbosityControl__Q24EAGL21GeoPrimStateExtension
803e7f40	EAGLFree__12EAGLInternal
803e7f40	EAGLMalloc__12EAGLInternal
803e81b0	gTexGens__Q24EAGL12TARExtension
803e81b0	gNumTexGens__Q24EAGL12TARExtension
803e8230	gTexGens__Q24EAGL12TARExtension
803e82c4	gTexGens__Q24EAGL12TARExtension
803e8300	gNumTexGens__Q24EAGL12TARExtension
803e861c	failed_shape__12EAGLInternal
803e8a74	EAGLFree__12EAGLInternal
803e8ba4	EAGLFree__12EAGLInternal
803e8c48	EAGLTempMalloc__12EAGLInternal
803e8c48	_current_locale
803e8c48	failed_shape__12EAGLInternal
803e8c48	identitymatrix4
803e8c48	gSymbolPool__Q24EAGL13DynamicLoader
803e8c48	ShapeType__Q24EAGL13DynamicLoader
803e8c48	EAGLMalloc__12EAGLInternal
803e8c48	EAGLFree__12EAGLInternal
803e97ac	gTexGens__Q24EAGL12TARExtension
803e97ac	sVerbosityControl__Q24EAGL12TARExtension
803e98c4	gTevStageDirtyFlag__Q24EAGL8TevStage
803e98d0	gTevStages__Q24EAGL9TevStages
803e98d0	gTevStageDirtyFlag__Q24EAGL8TevStage
803e98d0	gNumActiveStages__Q24EAGL8TevStage
803e9b8c	gNumActiveStages__Q24EAGL8TevStage
803e9b8c	gTevStageDirtyFlag__Q24EAGL8TevStage
803e9bd8	gTevStageDirtyFlag__Q24EAGL8TevStage
803e9bd8	gNumActiveStages__Q24EAGL8TevStage
803e9bd8	gTevStages__Q24EAGL9TevStages
803e9bd8	gPS2StyleOverBrightColours__Q24EAGL8TevStage
803e9bd8	gPS2StyleOverBrightAlpha__Q24EAGL8TevStage
803e9d74	gPS2StyleOverBrightColours__Q24EAGL8TevStage
803e9d74	gPS2StyleOverBrightAlpha__Q24EAGL8TevStage
803e9d74	gTevStageDirtyFlag__Q24EAGL8TevStage
803e9da0	gTevStageDirtyFlag__Q24EAGL8TevStage
803e9db4	gTevStageDirtyFlag__Q24EAGL8TevStage
803e9dc4	gTevStageDirtyFlag__Q24EAGL8TevStage
803e9dd4	gTevStageDirtyFlag__Q24EAGL8TevStage
803e9df4	gTevStageDirtyFlag__Q24EAGL8TevStage
803e9e10	gTevStageDirtyFlag__Q24EAGL8TevStage
803e9e30	gTevStageDirtyFlag__Q24EAGL8TevStage
803e9ed8	gTevStages__Q24EAGL9TevStages
803eb324	sVerbosityControl__Q24EAGL29TextureRenderContextExtension
803eb344	gScreenColour__Q212EAGLInternal15ViewPortPrivate
803eb460	gGlobalViewMatrix__12EAGLInternal
803eb5e0	gpFirstViewPort__Q24EAGL17ViewPortExtension
803eb5e0	gScreenColour__Q212EAGLInternal15ViewPortPrivate
803eb5e0	gStateInitialized__Q24EAGL21GeoPrimStateExtension
803eb90c	gpFirstViewPort__Q24EAGL17ViewPortExtension
803eb90c	gGlobalProjectionMatrix__12EAGLInternal
803eb90c	gGlobalViewMatrix__12EAGLInternal
803eb90c	gGlobalViewProjectionMatrix__12EAGLInternal
803eb90c	gGlobalViewProjectionGuardbandMatrix__12EAGLInternal
803ec8a0	sVerbosityControl__Q24EAGL17ViewPortExtension
803ec8a0	gScreenColour__Q212EAGLInternal15ViewPortPrivate
803ec9cc	EAGLFree__12EAGLInternal
803eca40	identity
803ecc20	sVerbosityControl__Q24EAGL8ViewPort
803ecc80	gCurrentProfile__Q24EAGL8Profiler
803ecc80	EAGLFree__12EAGLInternal
803ecd50	gStartFrameCycleCount__Q24EAGL8Profiler
803ecd50	gProfiler__Q24EAGL8Profiler
803ecd50	gProfileEAGL__Q24EAGL8Profiler
803ecd50	gCurrentProfile__Q24EAGL8Profiler
803ecd50	first$9122
803ecd50	gFirstRegion__Q24EAGL14ProfilerRegion
803ecf04	gScreenWidth__Q24EAGL14ProfilerRegion
803ed580	gViewport__Q24EAGL14ProfilerRegion
803ed580	gScreenWidth__Q24EAGL14ProfilerRegion
803ed580	gDrawGouraud__Q24EAGL14ProfilerRegion
803ed580	EAGLMalloc__12EAGLInternal
803ed580	FONTstand
803ed580	gXPosition__Q24EAGL14ProfilerRegion
803ed580	gYPosition__Q24EAGL14ProfilerRegion
803ed580	gFirstRegion__Q24EAGL14ProfilerRegion
803ed580	gProfileEAGL__Q24EAGL8Profiler
803ed83c	gFirstRegion__Q24EAGL14ProfilerRegion
803ed980	gFirstRegion__Q24EAGL14ProfilerRegion
803eda08	gFirstRegion__Q24EAGL14ProfilerRegion
803edae4	gProfiler__Q24EAGL8Profiler
803edae4	gFirstRegion__Q24EAGL14ProfilerRegion
803edae4	gUnprofiled__Q24EAGL8Profiler
803edae4	gRoot__Q24EAGL8Profiler
803edae4	gProfileEAGL__Q24EAGL8Profiler
803edae4	gCurrentProfile__Q24EAGL8Profiler
803eddec	sSaveState__Q24EAGL8EAGLFont
803eddec	gStateInitialized__Q24EAGL21GeoPrimStateExtension
803ede34	gCurrentCompactState__Q24EAGL21GeoPrimStateExtension
803ede34	sSaveState__Q24EAGL8EAGLFont
803ee070	EAGLFree__12EAGLInternal
803ee0c0	TexConvTable__4EAGL
803ee0c0	EAGLMalloc__12EAGLInternal
803ee0c0	ITexConvTable__4EAGL
803ee0c0	CLUTConvTable__4EAGL
803ee62c	TexConvTable__4EAGL
803ee62c	ProfileStartDraw__4EAGL
803ee62c	ProfileCharDraw__4EAGL
803ee62c	ProfileArrayDraw__4EAGL
803ee62c	ProfileEndDraw__4EAGL
803ee62c	sSaveState__Q24EAGL8EAGLFont
804123a4	memorylisterror
8041374c	vmPadStatus
804137cc	vmPadStatus
804137cc	mPadStatus
804137cc	mOldCallBack
80413860	mPadStatus
80413860	vmPadStatus
8041394c	mPadStatus
80413970	mPadStatus
80413aa0	_wiiPadOptions
80413aa8	_initialized
80413aa8	_wiiPadHandlers
80413aa8	_wiiPadStatus
80413aa8	_wiiPadDpdMode
80413aa8	_wiiPadInfo
80413b20	_wiiPadStatus
80413b20	_wiiPadHandlers
80413b20	_gcPadModeHandler
80413c34	_wiiPadHandlers
80413c48	_wiiPadHandlers
80413cd4	_wiiPadDpdMode
80413ce8	_wiiPadStatus
80413cfc	_wiiPadHandlers
80413cfc	_wiiPadStatus
80413d44	_wiiPadInfo
80413d6c	_gcPadModeHandler
80413ff4	_dpdexPadModeHandler
80413ff4	_corePadModeHandler
80413ff4	_freeStylePadModeHandler
80413ff4	_classicPadModeHandler
80413ff4	_futurePadModeHandler
8041425c	_wpadConnectedFlag
80414268	_wpadConnectedFlag
8041432c	_wpadInfoPollTime
8041432c	_wpadInfoPollingEnabled
8041433c	_wpadInfo
8041433c	_wpadInfoFlag
804143e8	_wpadInfoFlag
804143e8	_wpadInfoCallbackPending
80414408	_wpadInfoCallbackPending
80414408	_wpadInfoFlag
80414408	_wpadInfo
80414488	_wpadInfoPollingEnabled
80414488	_wpadInfoUpdate
80414488	_wpadInfoPollTime
80414510	_wpadInfoCallbackPending
80414510	_wpadInfo
80414510	_wpadInfoFlag
80414510	_wpadInfoUpdate
80414510	_wpadConnectedFlag
804145c0	_corePadModeHandler
804145c0	_freeStylePadModeHandler
804145c0	_dpdexPadModeHandler
804145c0	_classicPadModeHandler
804145c0	_futurePadModeHandler
80414678	mInstance__16WiiRumbleEffects
80414ce4	mInstance__16WiiRumbleEffects
