# func_addr	string_addr	text
8001408c	80442ce0	Parameters
8001408c	805fbeee	Gouraud
800145e0	80442d78	Parameters
800145e0	80442e64	GouraudApt
80014b88	80442e70	Parameters
80014b88	80442f4c	PlaygroundAnimatedTexture
80015060	80442f68	Parameters
80015060	804430a4	PlaygroundCharFaceToonShade_HWSkin
800154a8	804430c8	PalletMatrixPtr
800154a8	80443190	PlaygroundCompressPlaceableShadow_HWSkin
800158f0	804431c0	PalletMatrixPtr
800158f0	80443288	PlaygroundCompressShadow_HWSkin
80015dc8	804432a8	Parameters
80015dc8	804433f8	PlaygroundCompressToonShade_HWSkin
80016284	80443420	Parameters
80016284	80443548	PlaygroundLitPlaceable_HWSkin
80016740	80443568	Parameters
80016740	80443614	PlaygroundShadow
80016ba0	80443628	PalletMatrixPtr
80016ba0	804436f0	PlaygroundShadow_HWSkin
800170d8	80443708	Parameters
800170d8	804437e0	PlaygroundTexture
800176a4	804437f8	Parameters
800176a4	804438e0	PlaygroundTextureAlphaDXT
80017dc4	80443900	Parameters
80017dc4	80443a00	PlaygroundTextureAlphaDXTBase
800186d4	80443a20	Parameters
800186d4	80443b88	PlaygroundTextureAlphaDXTBaseShadow
80018ea4	80443bb0	Parameters
80018ea4	80443cf0	PlaygroundTextureAlphaDXTShadow
800193c0	80443d10	Parameters
800193c0	80443dcc	PlaygroundTextureBakedLight
80019afc	80443de8	Parameters
80019afc	80443f00	PlaygroundTextureBakedLightShadow
8001a254	80443f28	Parameters
8001a254	80444040	PlaygroundTextureBakedLightShadowDouble
8001a9c8	80444068	Parameters
8001a9c8	80444198	PlaygroundTextureShadow
8001b2f8	804441b0	Parameters
8001b2f8	804442f8	PlaygroundTextureStaticShadow
8001b7a4	80444318	PalletMatrixPtr
8001b7a4	804443f0	PlaygroundTexture_HWSkin
8001bda0	80444410	Parameters
8001bda0	80444508	PlaygroundToonShade
8001c274	80444520	Parameters
8001c274	80444648	PlaygroundToonShade_HWSkin
8001cae8	80444668	Parameters
8001cae8	80444790	PlaygroundWater2
8001d478	804447a8	Parameters
8001d478	804448b8	TextureApt
802523e4	80484da3	TRC_COREHANDLERS_NEW
802527c8	80484c0c	Core1DialogCallback( %d )\n
80252818	80484c27	Core2DialogCallback( %d )\n
80252868	80484c42	Core3DialogCallback( %d )\n
802528b8	80484c5d	Core4DialogCallback( %d )\n
802529a0	80484c78	TRC_CONTROLLER_LOST_COMMUNICATION
802529a0	80484c9a	CONTROLLER_%d_%d
802529a0	805fdb08	TRC_OK
80252b00	80484cab	TRC_CONTROLLER_UNKNOWN_DEVICE
80252b00	80484c9a	CONTROLLER_%d_%d
80252bf0	80484cc9	TRC_CONTROLLER_CONNECT_PROMPT
80252bf0	80484c9a	CONTROLLER_%d_%d
80252d14	80484ce7	TRC_CONTROLLER_BATTERY_LOW
80252d14	80484d02	BATLOW_CONTROLLER_%d
80252d14	805fdb08	TRC_OK
80252e68	80484d02	BATLOW_CONTROLLER_%d
80252f44	80484c9a	CONTROLLER_%d_%d
802538e0	80484d17	TRC_CONTROLLER_NUNCHUK
802538e0	80484d2e	TRC_CONTROLLER_CLASSIC
802538e0	80484d45	TRC_CONTROLLER_CORE
802538e0	80484d59	TRC_CONTROLLER_UNKNOWN
80253a38	80484d70	\nDVDCheckDiskAsync Valid DVD = %d\n
80253a8c	80484d93	Checking DVD...
802971e4	804bbc48	MAD_FRAME::m_Shape
802cce1c	804ca707	AI::AncientEvil
802cce60	804ca6b8	AI::AIEntities
802cce60	804ca6c7	AI::PoIInterpreters
802cce60	804ca6db	AI::Compulsions
802cf1c0	804ca856	StaticAnimCompulsion
802cf1ec	804ca86b	TalkPoICompulsion
802cf1f8	804ca87d	ActionPoICompulsion
802cf20c	804ca891	WanderCompulsion
802d0a18	804ca8f8	points_of_interest
802d0a18	805fe828	active
802d0a18	805fe82f	area
802d0a18	805fe834	type
802d0a18	804ca90b	critical
802d0a18	804ca914	default_behaviour
802d0a18	804ca926	duration_infinite
802d0a18	805fe839	expiry
802d0a18	805fe840	speed
802d0a18	805fe846	target
802d0a18	804ca938	target_character
802d0a18	804ca949	position
802d0a18	804ca952	position_type
802d0a18	804ca960	position_num_tag_points
802d0a18	804ca978	interest_chance
802d0a18	804ca988	interest_proximity
802d0a18	804ca99b	duration_min
802d0a18	804ca9a8	duration_max
802d0a18	804ca9b5	boredom_min
802d0a18	804ca9c1	boredom_max
802d0a18	804ca9cd	recharge_min
802d0a18	804ca9da	recharge_max
802d0a18	804ca9e7	recharge_initial_min
802d0a18	804ca9fc	recharge_initial_max
802d0a18	804caa11	wait_min
802d0a18	804caa1a	wait_max
802d0a18	804caa23	uninterruptible_wait_min
802d0a18	804caa3c	uninterruptible_wait_max
802d0a18	804caa55	uninterruptible_use_min
802d0a18	804caa6d	uninterruptible_use_max
802d0a18	804caa85	filter_character
802d0a18	804caa96	filter_spawn_table
802d0a18	804caaa9	filter_gender
802d0a18	804caab7	chain_type
802d0a18	804caac2	chain_previous
802d0a18	804caad1	chain_continue_chance
802d0a18	804caae7	script_onactivate
802d0a18	804caaf9	script_ondeactivate
802d0a18	804cab0d	script_onactionstart
802d0a18	804cab22	script_onactionend
802d0a18	804cab35	action_animation
802d0a18	804cab46	action_animation_chance
802d0a18	804cab5e	position_tag_point%d
802d1704	804caba8	points_of_interest_groups
802d1704	805fe850	area
802d1704	805fe855	pois
802d1704	804cabc2	required
802d1704	804cabcb	min_characters
802d1704	804cabda	allow_wait
802d1704	804cabe5	force_finish
802d2578	804cac10	AI::PoIs
802d2578	804cac19	AI::PoIGroups
802d26b0	804cac27	PoIManager::TmpBuffer
802d2a44	805fe860	base
802d3848	804cac68	Attrib::CollectionHashMap
802d41b8	804cac88	Attrib::HashMapTable
802d6160	804caca0	tree::insert length error
802d6160	804cadd0	Memory allocation failure
802d65bc	804cadea	Memory allocation failure
802d6a94	804cac68	Attrib::CollectionHashMap
802d85e0	804cadb6	Memory allocation failure
802d863c	804caca0	tree::insert length error
802d863c	804cad85	Attrib::ClassLoadData
802d863c	804cad9b	Attrib::CollectionLoadData
802d9800	804caeb1	Attrib::DataBlocks
802d9800	804caec4	Attrib::AssetIDs
802db418	804cbb24	AuAEMSManager::mInstance
802db46c	804cbb3d	AuAEMSManager: stream buffer
802dbe70	805feba8	DBLL
802e09f0	804cbe45	Audio::AEMS Queue Loader Buffer
802e0ce8	804cbe65	AuAEMSQueueLoader::filename
802e0ce8	804cbe81	AuAEMSQueueLoader::streamfilename
802e0fb8	804cbec8	AuAllocator::mInstance
802e1054	804cbedf	Audio::AuAllocator allocation
802e1124	804cbf20	Audio::mInstance
802e1178	804cbf31	Audio::Audio SND heap
802e26e0	804cbf58	AuEnvironmentManager::mInstance
802e306c	804cbf78	Audio: character soundobj
802e322c	804cbf92	Audio: placeable soundobj
802e3388	804cbfac	Audio: looping soundobj
802e344c	804cbf58	AuEnvironmentManager::mInstance
802e344c	804cbfc4	microgame_bughunt
802e344c	804cbfd6	fountain_area
802e344c	804cbfe4	nature_area
802e344c	804cbff0	icon_position
802e344c	804cbffe	microgame_dribbling
802e344c	804cc012	school_area
802e344c	804cc01e	park_area
802e344c	804cc028	stadium_area
802e344c	804cc035	ball_position
802e344c	804cc043	placeables
802e344c	804cc04e	swingset
802e344c	804cc057	position
802e344c	804cc060	rc_track_car_schoolyard
802e344c	804cc078	rc_track_car_fountain
802e344c	804cc08e	rc_track_car_stadium
802e344c	804cc0a3	rc_track_car_nature
802e3b5c	804cc0d8	AuMusicManager::mInstance
802e3bb0	804cc0f2	Audio::Music stream buffer
802e3cd4	804cc0d8	AuMusicManager::mInstance
802e3cd4	805febc0	%s%s
802e3cd4	804cc10d	world_schoolyard.asf
802e3cd4	804cc122	world_park.asf
802e3cd4	804cc131	world_stadium.asf
802e3cd4	804cc143	world_nature.asf
802e3cd4	804cc154	gauntlet.asf
802e6708	804cc588	AuSpeechManager::mInstance
802e675c	804cc588	AuSpeechManager::mInstance
802e675c	804cc5a3	Audio::Speech stream buffer
802e675c	804cc5bf	Audio::SPCH lib bank list
802e675c	804cc5d9	Events.csi
802e675c	804cc5e4	Events.evt
802e675c	804cc5ef	spchhdr.viv
802e675c	804cc5fb	spchdat.bh
802e6ef4	804cc634	AuSpeechManager::MemAlloc
802e6fe8	804cc660	AuWiimoteManager::mInstance
802e703c	804cc67c	global.bnk
802e703c	805febd8	%s%s
802e725c	805febd8	%s%s
802e82bc	804cc789	NPCRenderEntity
802e82bc	804cc776	ShadowRenderEntity
802e82bc	804cc7aa	CharacterMovement
802e82bc	804cc799	CharacterEffects
802e82bc	804cc6e3	Character::mHeadTracking
802e82bc	804cc6fc	NpcIndicator
802e82bc	804cc735	Physics::PhysicsStaticCharacter
802e82bc	804cc755	Physics::PhysicsDynamicCharacter
802e9bd4	805febf5	.gsh
802e9bd4	804cc709	_shadow.o
802e9bd4	804cc724	Ren::CachedModel
802ea394	804cc713	pg_marble_pickup
802eaa64	805fec03	NONE
802eb730	804cc830	CHAR_FOOTSTEP
802eb730	804cc83e	SFX_ANIM
802eb878	804cc83e	SFX_ANIM
802eb8d4	804cc847	NpcIndicator Tar
802ebb30	804cc7e8	data/characters/models/characters.viv
802ebb30	804cc858	Characters::mCharacterControlPool
802ebb30	804cc87a	CharacterManager::mCharacterAssets
802ebb30	804cc89d	CharacterAssetBundleInternal::mAssetData
802ebb30	804cc8c6	data/world/world-misc.gsh
802ec044	804cc8e0	CharacterAssetBundleInternal::mExtraAssetData
802ec238	804cc90e	CharacterManager::TempCharacterAnimAssets
802ec29c	804cc938	CharacterManager::AnimAssets
802ec308	804cc7e8	data/characters/models/characters.viv
802ec308	804cc955	bestiary
802ec308	804cc95e	asset_name
802ec308	804cc969	variation
802ec308	804cc9f4	AnimationState
802ec308	804cca03	Character
802ecd1c	804cc7e8	data/characters/models/characters.viv
802ecd1c	804cc973	data/characters/player_anims.viv
802ecd1c	804cc938	CharacterManager::AnimAssets
802ecd1c	804cc994	player_skel.ske
802ecd1c	805fec1f	player
802ecd1c	804cc9a4	player_female
802ece6c	804cc9b2	shadow_shadow.o
802ecf34	805fec26	.viv
802ecf34	805fec2d	.gsh
802ecf34	804cc9c2	character.mkr
802edf8c	804cca6b	CharacterState::mConversation
802ee124	804cca89	bestiary
802ee124	805fec38	partfx
802ee124	804cca92	partfx_loc
802ee124	804cca9d	partfx_bone
802ee124	804ccaa9	personal_space
802ee124	805fec3f	height
802ee124	804ccab8	speed_run
802ee124	804ccac2	speed_walk
802ee124	804ccacd	speed_skip
802ee124	804ccad8	speed_sneak
802ee124	804ccae4	ai_wander_walk_percentage
802ee124	804ccafe	ai_wander_run_percentage
802ee124	804ccb17	ai_wander_skip_percentage
802ee124	804ccb31	ai_static
802ee124	804ccb3b	ai_head_tracking
802ee124	804ccb4c	ai_head_tracking_percentage
802ee124	805fec46	gender
802ee124	804ccb68	personality
802ee124	804ccb74	highfiveable
802ee124	804ccb81	has_stickerking_idle
802ee124	805fec4d	name
802ee124	804ccb96	T_InitialKeyboardText
802ee124	804ccbac	ai_static_anim
802ee124	804ccbbb	ai_static_anim_linked_placeable
802ee124	804ccbdb	celebration_anim
802ee124	804ccbec	area_conversations
802ee124	804ccbff	sticker_kid_Area_conversation_pool
802ee124	804ccc22	minigame
802ee124	804ccc2b	conversation
802ee598	804ccc38	minigames
802ee598	804ccc42	minigame_difficulty
802ee598	804ccc56	minigame_id
802ee598	804ccc62	minigame_dare_1
802ee598	804ccc72	minigame_dare_2
802ee598	804ccc82	minigame_dare_3
802ef884	804cccb6	bubble_unlocked_0_progress_4
802ef884	804cccd3	bubble_unlocked_1_progress_4
802ef884	804cccf0	bubble_unlocked_2_progress_4
802ef884	804ccd0d	bubble_unlocked_3_progress_4
802ef884	804ccd2a	bubble_unlocked_0_progress_3
802ef884	804ccd47	bubble_unlocked_1_progress_3
802ef884	804ccd64	bubble_unlocked_2_progress_3
802ef884	804ccd81	bubble_completed
802ef884	804ccd92	bubble_king
802ef884	804ccd9e	bubble_p1
802ef884	804ccda8	bubble_p2
802ef884	804ccdb2	bubble_p3
802ef884	804ccdbc	bubble_p4
802f097c	805fec70	_v%d
802f0fbc	804ccebf	ConversationManager
802f100c	804cce6b	Conversation
802f10ec	804cceb2	Conversation
802f18e8	804cce78	minigames
802f18e8	804cce82	minigame_dare_1
802f18e8	804cce92	minigame_dare_2
802f18e8	804ccea2	minigame_dare_3
802f2070	805fec78	DART
802f2070	805fec7d	RCCR
802f2070	805fec82	TBLL
802f2070	805fec87	DBLL
802f2070	805fec8c	FOOT
802f2070	805fec91	PAIR
802f2070	805fec96	WBLL
802f2070	805fec9b	HURD
802f2070	805feca0	FRTH
802f22a8	804cced8	ConversationRoot::mChild
802f2710	804ccfa0	ConversationRoot
802f2710	804ccf8d	ConversationDialog
802f2710	804ccf78	ConversationResponse
802f3544	804ccfb8	tree::insert length error
802f3544	804ccffe	Memory allocation failure
802f3720	804ccfb8	tree::insert length error
802f43b0	804cd018	Attrib::UnnamedAlloc
802f4460	805fecc8	%s%s
802f4558	805feccd	db.vlt
802f4558	804cd02d	data\db\
802f4558	805fecd4	db.bin
802f456c	804cd036	pgIDatabase
802f483c	804cd042	PG_DBCollection
802f7124	804cd058	Lion Allocator
802f7124	804cd067	Lion Particle Renderer
802f74f8	804cd07e	partfx.csv
802f74f8	805fece8	NAME
802f74f8	804cd089	data/effects/
802f74f8	805feced	.lef
802f7d94	805fecf8	effects
802f7d94	805fed00	base
802f7d94	805fed05	pos
802f7d94	805fed09	name
802f80e8	804cd0b8	LionBindings.cpp
802f80e8	804cd0da	LionBlockAlloc.cpp
802f80e8	804cd0ed	cLionBlockAlloc::bits::
802f80e8	804cd105	cLionBlockAlloc::data::
802f9ee0	804cd7e9	Lion::Chunk::
802fac5c	804cdae0	LionConvert.cpp
802fac5c	804cdaf0	Lion::LineChars::
802fae08	804cdae0	LionConvert.cpp
802fae08	804cdb02	Lion::String::
802faf48	804cdae0	LionConvert.cpp
802faf48	804cdb11	Lion::StringFactoryCreate::
802fb43c	804cdae0	LionConvert.cpp
802fb43c	804cdb2d	Lion::StringCollectionSerialise::
802fb52c	804cdae0	LionConvert.cpp
802fb52c	804cdb4f	Lion::StringCollectionFactoryCreate::
802fb608	804cdae0	LionConvert.cpp
802fb608	804cdb75	Lion::ConDesName::
802fb868	804cd0b8	LionBindings.cpp
802fb868	804cdae0	LionConvert.cpp
802fb868	804cdb88	Lion::ConDes::
802fb9ec	804cd0b8	LionBindings.cpp
802fb9ec	805fed54	COLOUR
802fb9ec	804cdba6	COLOUR%d = %d, %d, %d, %d\n
802fb9ec	804cdbc1	COLOUR_TIME
802fb9ec	804cdbcd	COLOUR_TIME%d = %f\n
802fb9ec	804cdbe1	DO_COLOURSTEP%d = 1\n
802fb9ec	805fed5b	RGBA
802fb9ec	804cdbf6	RGBA0 = %d, %d, %d, %d\n
802fb9ec	804cdc0e	RGBA_VARIANCE
802fb9ec	804cdc1c	RGBA1 = %d, %d, %d, %d\n
802fb9ec	804cdc34	RGBA_INTERPOLANT
802fb9ec	804cdc45	RGBA_VARIANCE_MODE = INDEPENDENT\n
802fb9ec	804cdc67	RGBA_VARIANCE_MODE = LINEAR\n
802fc040	804cdc84	EMITTER_PARENT
802fc0f0	804cdc93	descriptor
802fc23c	804cd0b8	LionBindings.cpp
802fc23c	805fed60	TEXTURE
802fc23c	804cdc9e	TEXTURE = %s\n
802fc23c	804cdcac	FLAG_MULTIFRAME
802fc23c	805fed68	XFRAMES
802fc23c	805fed70	YFRAMES
802fc23c	804cdcbc	FLAG_MULTIFRAME = 1\n
802fc408	804cd0b8	LionBindings.cpp
802fc408	804cdcd1	BEHAVIOUR
802fc408	804cdcdb	MATERIAL
802fc74c	804cd0b8	LionBindings.cpp
802fc74c	804cdce4	<DESCRIPTOR name="
802fc74c	805fed78	">\n
802fc74c	805fed7f	NAME = 
802fc74c	804cdcf7	<BEHAVIOUR name="
802fc74c	804cdd09	<WAVEFORM name="
802fc74c	804cdd1a	<MATERIAL name="
802fc9bc	805fed8c	OUTPUT
802fc9bc	804cdd2b	<LION_EFFECT name="tool.lef">\n
802fc9bc	804cdd4a	<LION_PARTICLES name="tool.lef">\n
802fce18	804cdd6c	LionEffectManager.cpp
802fce18	804cdd82	Lion::EffectManager::Definition::
802fd498	804cd0b8	LionBindings.cpp
802fd498	804cdda4	LionForceManager.cpp
802fd498	804cddb9	Lion::ForceManager::LionForceEffect::
802fd498	804cdddf	Lion::ForceManager::ParticleForce::
802fd78c	805fed9a	FORCE
802fddf8	804cde2c	LionParticleEffect.cpp
802fddf8	804cde43	Lion::ParticleEffect::Descriptor::
802fe384	804cf268	DESCRIPTOR
802fec94	804cf30d	LionSmallAlloc.cpp
802fec94	804cf320	LionSmallAlloc::PageCreate::
802ff438	805fee9e	VERSION
802ff438	805feea6	%s.%s
80300bd4	804cd0b8	LionBindings.cpp
803037e8	804cf866	Lion::WaveForm::
80304878	804cd0b8	LionBindings.cpp
80304878	804cf877	ParticleBucketManager.cpp
80304878	804cf891	Lion::Buckets::
80304878	804cf8a1	Lion::Particles::
80304878	804cf8b3	Lion::Matrices::
80304878	804cf8c4	Lion::VectorBucketActiveBits::
803057c4	804cd0b8	LionBindings.cpp
803057c4	804cf8e3	ParticleDescriptor.cpp
803057c4	804cf8fa	Lion::BehaviourTemp::
803057c4	804cf921	Lion::Behaviour::
80305ad4	804cf8e3	ParticleDescriptor.cpp
80305ad4	804cf933	Lion::Descriptor::
80305cdc	804cf8e3	ParticleDescriptor.cpp
80305cdc	804cf910	Lion::Material::
803080a0	804cf946	ParticleEmitterManager.cpp
803080a0	804cf961	Lion::Emitter::
8030d0e4	804cfad6	LionGeomDescriptor.cpp
8030d0e4	804cf910	Lion::Material::
8030d364	804cfaed	LionGeomEffect.cpp
8030d364	804cfb00	Lion::LionGeomEffect::Descriptor::
8030d6d0	804cfb23	LionGeomEffectManager.cpp
8030d6d0	804cfb3d	Lion::GeomEffectManager::Effect::
8030d940	804cd0b8	LionBindings.cpp
8030d940	804d1650	LION_GEOM_DESCRIPTOR
8030d940	804d1665	LION_GEOM_BEHAVIOUR
8030d940	804d1679	LION_GEOM_MATERIAL
8030de9c	804d1760	LionGeomPlugin_Cube.cpp
8030de9c	804d1778	Lion::GeomPluginCube::Beh::
8030dfd8	805fef21	Cube
8030e02c	804d181c	LionGeomPlugin_Cylinder.cpp
8030e02c	804d1838	Lion::GeomPluginCylinder::Beh::
8030e168	804d1858	Cylinder
8030e1c0	804d18d4	LionGeomPlugin_Quad.cpp
8030e1c0	804d18ec	Lion::GeomPluginQuad::Beh::
8030e2fc	805fef26	Quad
8030e350	804d196c	LionGeomPlugin_Spline.cpp
8030e350	804d1986	Lion::GeomPluginSpline::Beh::
8030e48c	805fef32	Spline
8030e4f4	804d1a44	LionGeomPlugin_Sphere.cpp
8030e4f4	804d1a5e	Lion::GeomPluginSphere::Beh::
8030e630	805fef45	Sphere
8030e86c	804d1d68	LionLightDescriptor.cpp
8030e86c	804d1d80	cLionLightParser::BehaviourAdd:
8030ed74	804d1da0	LionLightEffect.cpp
8030ed74	804d1db4	Lion::LightEffect::Description::
8030f0a4	804d1dd5	LionLightEffectManager.cpp
8030f0a4	804d1df0	Lion::LightEffectManager::Effect::
8030f224	804cd0b8	LionBindings.cpp
8030f224	804d1dd5	LionLightEffectManager.cpp
8030f224	804d1e13	Lion::LightEffectManager::Emitter::
8030f224	804d1e37	Lion::LightEffectManager::EmitContainers::
8030f4d8	804d2034	LION_LIGHT_DESCRIPTOR
8030f4d8	804d204a	LION_LIGHT_BEHAVIOUR
8030fd2c	804d2187	LionPostProEffect.cpp
8030fd2c	804d219d	Lion::LionPostProEffect::Descriptor::
80310064	804d21c3	LionPostProEffectManager.cpp
80310064	804d21e0	Lion::PostProEffectManage::Effect::
803102d4	804d2410	LION_POSTPRO_DESCRIPTOR
803102d4	804d2428	LION_POSTPRO_BEHAVIOUR
80310d6c	804d266c	LionPostProPlugin_Bloom.cpp
80310d6c	804d2688	Lion::PostProPluginBloom::Beh::
80310f14	805fefd3	BLOOM
803110ec	804d2748	LionPostProPlugin_Bulge.cpp
803110ec	804d2764	Lion::PostProPluginBulge::Beh::
80311230	805fefd9	BULGE
803112c4	804d27ac	LionPostProPlugin_FastTint.cpp
803112c4	804d27cb	Lion::PostProPluginFastTint::Beh::
80311400	804d27ee	FASTTINT
803114e8	804d2978	LionPostProPlugin_FlexibleTint.cpp
803114e8	804d299b	Lion::PostProPluginFlexibleTint::Beh::
80311624	804d29c2	FLEXIBLETINT
80311644	804d2b88	LionPostProPlugin_Gloom.cpp
80311644	804d2ba4	Lion::PostProPluginGloom::Beh::
803117ec	805fefdf	GLOOM
803118ac	804d2bf8	LionPostProPlugin_MotionBlur.cpp
803118ac	804d2c19	Lion::LionPostProPluginMotionBlur::Beh::
803119e8	804d2c42	MOTIONBLUR
80311e9c	804cd0b8	LionBindings.cpp
80311e9c	804d3b34	Gropers.cpp
80311e9c	804d3bc6	Groper::Groper::
80311e9c	804d3bd7	Groper::GroperPass::
8031209c	804d3b34	Gropers.cpp
8031209c	804d3bec	Groper::Materials::
80312230	804cd0b8	LionBindings.cpp
80312230	805ff04d	GROPER
80312230	804d3c4b	GROPER_PASS
80312230	804d3c57	GROPER_UV
80312230	804d3c61	WAVEFORM
803126d8	804d3b34	Gropers.cpp
803126d8	804d3ce3	Groper::WaveForm::
803129c4	804d3b34	Gropers.cpp
803129c4	804d3ce3	Groper::WaveForm::
80312ae8	804d3b34	Gropers.cpp
80312ae8	804d3cf6	Groper::GroperUV::
80312bbc	804d3b34	Gropers.cpp
80312bbc	804d3d09	CT_ARRAY_ADD::
80312d78	804d3b34	Gropers.cpp
80312d78	804d3d18	CT_ARRAY_REMOVE::
80313060	804d3b34	Gropers.cpp
80313060	804d3d09	CT_ARRAY_ADD::
8031331c	804d3b34	Gropers.cpp
8031331c	804d3d18	CT_ARRAY_REMOVE::
803137a8	804d3b34	Gropers.cpp
803137a8	804d3d09	CT_ARRAY_ADD::
80313904	804d3b34	Gropers.cpp
80313904	804d3d18	CT_ARRAY_REMOVE::
80313bb4	804d3b34	Gropers.cpp
80313bb4	804d3d09	CT_ARRAY_ADD::
80313d28	804d3b34	Gropers.cpp
80313d28	804d3d18	CT_ARRAY_REMOVE::
80314450	804cd0b8	LionBindings.cpp
8031505c	804d4324	BossEndGameHandlers
803150fc	804d434e	BossEndGameFSHandlers
803150fc	804d4338	BossEndGameLVHandlers
803150fc	804d4230	EndGame_OnLoad
80315318	804d4230	EndGame_OnLoad
80315318	804d423f	EndGame_OnStickerSelect
80315318	804d4257	EndGame_QuitResponse
80315318	804d426c	EndGame_OnFinished
80315390	804d4230	EndGame_OnLoad
80315390	804d426c	EndGame_OnFinished
80315390	804d4257	EndGame_QuitResponse
80315390	804d423f	EndGame_OnStickerSelect
8031540c	804d427f	iMinigame
8031540c	804d4289	iResponse
803154b8	804d4230	EndGame_OnLoad
80315538	804d4230	EndGame_OnLoad
80315538	804d4293	iLastBeatenMinigame
80315538	804d42a7	aiBeatenMinigames
80315538	804d42b9	iAllGamesFinished
80315538	804d42cb	iQuitButtonEnabled
80315610	804d44ac	ConversationHandlers
803156b0	804d44d8	ConversationLVHandlers
803156b0	804d44c1	ConversationFSHandlers
803156b0	804d438b	ConversationOnButtonNext
80315818	804d4368	data\conversation\conversation.viv
80315818	804d43a4	Conversation_GetName
80315818	804d43b9	Conversation_GetDialogueText
80315818	804d43d6	Conversation_GetResponses
80315818	804d43f0	Conversation_OnPlayerSelect
803158a8	804d4368	data\conversation\conversation.viv
803158a8	804d440c	Conversation_GetNames
803158a8	804d43b9	Conversation_GetDialogueText
803158a8	804d43d6	Conversation_GetResponses
803158a8	804d43f0	Conversation_OnPlayerSelect
8031592c	804d4422	iCharacterName
8031592c	804d4431	iDialogueText
803159f4	804d443f	iResponse
80315a78	804d4449	iIndexSelected
80315a78	804d4458	iHasNextNode
80315ad4	804d438b	ConversationOnButtonNext
80315b84	804d4570	CreditScreenHandlers
80315c1c	804d4585	PaperAirplaneLVHandlers
80315c1c	804d44f0	ScrCreditsInit
80315d30	804d44f0	ScrCreditsInit
80315db0	804d44f0	ScrCreditsInit
80315db0	804d44ff	iCreditIndex
80315db0	804d450c	T_Credits_Header%.2i
80315db0	805ff060	strTask
80315db0	804d4521	astrNames
80315db0	804d452b	T_Credits_%.2i_%.2i
80315db0	804d453f	iAnyMore
80315f7c	804d4648	EndTourneyFSHandlers
80315f7c	804d45a0	EndTourney_OnButtonClick
80315f7c	804d4633	EndTourneyLVHandlers
80315f7c	804d45b9	EndTourney_OnLoad
80316104	804d45a0	EndTourney_OnButtonClick
803161a0	804d45b9	EndTourney_OnLoad
80316220	804d45cb	iWinningPlayerId
80316220	804d45dc	iWinningPlayerAvatarId
803162ac	804d4858	GlobalHandlers
80316344	804d4867	GlobalLVHandlers
80316344	804d4878	GlobalFSHandlers
80316484	804d4660	SetCursorVisibility
80316484	805ff06b	_root
803164f8	804d4674	GetCursorVisibilities
803164f8	805ff06b	_root
80316514	804d4660	SetCursorVisibility
80316514	804d468a	GetStartScreenFromMain
80316514	804d46a1	GetLocale
80316514	804d46ab	GetLocaleFE
80316514	804d46b7	GetAspectRatio
80316514	804d46c6	PG_GetBuildType
803165ac	804d4660	SetCursorVisibility
803165ac	804d468a	GetStartScreenFromMain
803165ac	804d46a1	GetLocale
803165ac	804d46ab	GetLocaleFE
803165ac	804d46b7	GetAspectRatio
803165ac	804d46c6	PG_GetBuildType
80316638	804d4660	SetCursorVisibility
80316638	804d46d6	strFirstScreen
80316638	805ff072	iLocale
80316638	804d46e5	iAspectRatio
80316638	804d46f2	iBuildType
8031675c	804d4660	SetCursorVisibility
8031675c	804d46fd	PlayAEMSsfx
8031675c	804d4709	ActivateRumble
8031675c	804d4718	ScreenReady
8031675c	804d4724	ScreenLeaving
8031675c	804d4732	ReturnCursorVisibility
803167f4	804d4660	SetCursorVisibility
803167f4	804d46fd	PlayAEMSsfx
803167f4	804d4709	ActivateRumble
803167f4	804d4718	ScreenReady
803167f4	804d4724	ScreenLeaving
803167f4	804d4732	ReturnCursorVisibility
80316880	804d4749	nFEsfxID
80316880	805ff07a	strCS
80316880	805ff080	strCO
80316880	805ff086	strCMO
80316880	805ff08d	strCTO
80316994	804d4752	iRumbleDuration
80316994	804d4762	iControllerId
803169f8	804d4660	SetCursorVisibility
803169f8	805ff07a	strCS
803169f8	805ff080	strCO
803169f8	805ff086	strCMO
803169f8	805ff08d	strCTO
803169f8	804d4770	screens/mainmenu/MainMenu
803169f8	804d478a	screens/multiplayer/PlayerSetup
803169f8	804d47aa	screens/multiplayer/RoundSelect
803169f8	804d47ca	screens/multiplayer/GameSelect
803169f8	804d47e9	screens/worldhud/WorldHud
80316b54	804d4803	aiVisibilities
80316b54	804d4660	SetCursorVisibility
80316b54	805ff06b	_root
80316d5c	804d491e	PauseMenuFSHandlers
80316d5c	804d4932	PauseMenuFSHandlers
80316d5c	804d4890	LoadingStartPressed
80316ec4	804d48a4	LoadingGetBtnLabels
80316ec4	804d48b8	LoadingGetStartOrBack
80316f24	804d48a4	LoadingGetBtnLabels
80316f24	804d48b8	LoadingGetStartOrBack
80316fb8	804d4890	LoadingStartPressed
80317038	804d48ce	iStartOrBack
80317110	804d4a28	MainMenuHandlers
803171b0	804d4a39	MainMenuFSHandlers
8031729c	804d4948	MainMenu_OnCrossSellVideoComplete
8031729c	805ff0a8	_root
803172e0	804d4948	MainMenu_OnCrossSellVideoComplete
803172e0	804d496a	MainMenu_OnSelect
803172e0	804d497c	Title_OnNextScreen
803172e0	804d498f	main_menu_nis
803172e0	805ff0ae	general
803172e0	804d499d	camera_main_menu_position
803172e0	804d49b7	camera_main_menu_target
8031738c	804d496a	MainMenu_OnSelect
8031738c	804d497c	Title_OnNextScreen
80317428	804d49cf	iSelectedIndex
80317524	804d49de	data/video/
80317524	804d49ea	BOOG_CG_TRAILER_PG_
80317524	805ff0b6	pal
80317524	805ff0ba	PAL_
80317524	805ff0bf	ntsc
80317524	805ff0c4	NTSC_
80317524	805ff0ca	16x9
80317524	805ff0cf	4x3
80317644	804d50c8	MinigameHandlers
80317880	804d50d9	MinigameLVHandlers
80317880	804d50ec	MinigameFSHandlers
803179c0	804d4a50	GameStartAnim_Play
803179c0	805ff0db	_root
803179dc	804d4a63	GameStartAnim_Reset
803179dc	805ff0db	_root
803179f8	804d4a77	ServeBubble_SetVisible
803179f8	805ff0db	_root
80317a94	804d4a8e	WinLose_SetVisible
80317a94	805ff0db	_root
80317b08	804d4aa1	WinLose_Reset
80317b08	805ff0db	_root
80317b24	804d4aaf	MultiplayerWin_SetVisible
80317b24	805ff0db	_root
80317b98	804d4ac9	TeamWin_SetVisible
80317b98	805ff0db	_root
80317c0c	804d4adc	Round_SetVisible
80317c0c	805ff0db	_root
80317ca8	804d4aed	Timer_SetVisible
80317ca8	805ff0db	_root
80317cf8	804d4b14	LapCounter_SetVisible
80317cf8	805ff0db	_root
80317d6c	804d4b2a	PowerUp_SetValue
80317d6c	805ff0db	_root
80317e08	804d4b3b	FinalLap_ShowAnim
80317e08	805ff0db	_root
80317e58	804d4b4d	T_Hint_RCCars%0.2i
80317e58	804d4b60	RcCars_Hint
80317e58	805ff0db	_root
80317f48	804d4b6c	RcCars_SetDareMode
80317f48	805ff0db	_root
80317f98	804d4a50	GameStartAnim_Play
80317f98	804d4b7f	%d%c%02d%c%02d
80317f98	805ff0e1	%2d
80317f98	804d4b8e	%02d%c%02d
80317f98	804d4b99	TargetTime_SetValue
80317f98	805ff0db	_root
80318078	804d4bad	RcCars_PipOverlaySetVisible
80318078	805ff0db	_root
803180ec	804d4bc9	T_PipMessage_RCCars%0.2i
803180ec	804d4be2	RcCars_PipOverlaySetValue
803180ec	805ff0db	_root
803181c4	804d4a50	GameStartAnim_Play
803181c4	804d4b7f	%d%c%02d%c%02d
803181c4	805ff0e1	%2d
803181c4	804d4b8e	%02d%c%02d
803181c4	804d4bfc	Timer_SetValue
803181c4	805ff0db	_root
803182a4	804d4c0b	Position_SetVisibility
803182a4	805ff0db	_root
80318318	804d4c22	Position_SetValue
80318318	805ff0db	_root
8031838c	805ff0e5	%0.3f
8031838c	804d4c34	Nitro_SetValue
8031838c	805ff0db	_root
80318400	804d4c43	LapCounter_SetValue
80318400	805ff0db	_root
80318468	804d4c57	MegaMeter_SetVisible
80318468	805ff0db	_root
803184dc	804d4c6c	MegaMeter_SetValue
803184dc	805ff0db	_root
80318550	804d4c7f	Scoreboard_SetVisible
80318550	805ff0db	_root
80318604	805ff0eb	%.3f
80318604	804d4c95	MiniMap_SetValue
80318604	805ff0db	_root
803186bc	805ff0eb	%.3f
803186bc	804d4ca6	HealthBar_SetValue
803186bc	805ff0db	_root
80318774	805ff0e5	%0.3f
80318774	804d4cb9	BossHealthBar_SetValue
80318774	805ff0db	_root
803187c0	804d4cd0	BossHealthBar_SetVisible
803187c0	805ff0db	_root
80318810	804d4ce9	PaperAirplanes_SetScoreVisibility
80318810	805ff0db	_root
80318860	804d4d0b	PaperAirplanes_SetScore
80318860	805ff0db	_root
8031891c	804d4d23	PaperAirplanes_SetScoreType
8031891c	805ff0db	_root
8031896c	805ff0f3	+%d
8031896c	804d4d3f	PaperAirplanes_DisplayPoints
8031896c	805ff0db	_root
803189e0	804d4d5c	PaperAirplanes_ShowBoost
803189e0	805ff0db	_root
80318a30	804d4d75	PaperAirPlanes_SetBoost
80318a30	805ff0db	_root
80318aa4	804d4d8d	PaperAirplanes_TimesUp
80318aa4	805ff0db	_root
80318af4	804d4da4	PaperAirplanes_Checkpoint
80318af4	805ff0db	_root
80318b44	804d4dbe	DartShootout_SetScore
80318b44	805ff0db	_root
80318c44	805ff0f9	+%s
80318c44	804d4dd4	Darts_DisplayPoints
80318c44	805ff0db	_root
80318d08	804d4de8	DartShootout_SetLeader
80318d08	805ff0db	_root
80318d58	804d4dff	ReloadDartCounter
80318d58	805ff0db	_root
80318da8	804d4e11	RemoveDart
80318da8	805ff0db	_root
80318e1c	804d4e1c	Reload_SetVisible
80318e1c	805ff0db	_root
80318e90	804d4e2e	BlockDarts_SetVisible
80318e90	805ff0db	_root
80318ee0	804d4e44	ShootDarts_SetVisible
80318ee0	805ff0db	_root
80318f30	804d4e5a	Danger_SetVisible
80318f30	805ff0db	_root
80318f80	804d4e6c	LowBossHealth_SetVisible
80318f80	805ff0db	_root
80318fd0	804d4e85	LevelBoss_ShowMessage
80318fd0	805ff0db	_root
80318fec	804d4e9b	PauseCountDown
80318fec	805ff0db	_root
80319008	804d4eaa	ResumeCountDown
80319008	805ff0db	_root
80319024	804d4eba	Darts_ClearedMessage
80319024	805ff0db	_root
80319074	804d4ecf	GoalAnim_SetVisible
80319074	805ff0db	_root
803190e8	804d4ee3	GoalAnim_Reset
803190e8	805ff0db	_root
80319104	804d4ef2	Scoreboard_Update
80319104	805ff0db	_root
80319178	804d4f04	ScoreboardAnim_Update
80319178	805ff0db	_root
8031922c	804d4f1a	Scoreboard_Reset
8031922c	805ff0db	_root
80319248	804d4f2b	HitCounter_Update
80319248	805ff0db	_root
80319298	804d4f3d	SavesCounter_Update
80319298	805ff0db	_root
803192e8	804d4f51	HitCounter_SetVisible
803192e8	805ff0db	_root
80319338	804d4f67	BallMeter_Update
80319338	805ff0db	_root
80319388	804d4a50	GameStartAnim_Play
80319388	804d4f78	GetNumberOfHuds
80319388	804d4f88	GetGameRules
80319388	804d4f95	PaperAirPlanes_GetCheckPoints
80319388	804d4fb3	Footie_IsSaveDare
80319388	804d4fc5	Counter_GetText
80319420	804d4a50	GameStartAnim_Play
80319420	804d4f78	GetNumberOfHuds
80319420	804d4f88	GetGameRules
80319420	804d4f95	PaperAirPlanes_GetCheckPoints
80319420	804d4fb3	Footie_IsSaveDare
80319420	804d4fc5	Counter_GetText
803194ac	805ff0fd	strText
80319520	804d4fd5	iNumHuds
803195d0	805ff11e	RCCR
8031962c	805ff10a	PAIR
80319688	805ff114	DART
803196e4	804d4fde	iMaxHits
80319750	805ff10f	FOOT
803197ac	804d4fe7	aiCheckPoints
80319824	804d4ff5	iIsSaveDare
80319884	804d5001	GameStartAnim_Complete
80319884	804d5018	Hud_LoadComplete
803198e4	804d5001	GameStartAnim_Complete
803198e4	804d5018	Hud_LoadComplete
80319a54	805ff119	TBLL
80319ab0	805feba8	DBLL
80319b0c	805ff105	WBLL
80319c34	804d588c	MultiPlayerHandlers
80319cd4	804d58b6	MultiPlayerFSHandlers
80319cd4	804d58a0	MultiPlayerLVHandlers
80319e84	805ff14f	_root
80319ed4	804d51d6	MultiPlayer_RegisterController
80319ed4	805ff14f	_root
80319f80	804d51f5	SetNextButtonVisibility
80319f80	805ff14f	_root
8031a058	804d5100	DartShootout
8031a058	804d520d	MultiPlayer_SetNumberPlayers
8031a058	804d522a	MultiPlayer_NumPlayersBack
8031a058	804d5245	MultiPlayer_SetPlayerAvatars
8031a058	804d5262	PlayerSetup_Exit
8031a058	804d5273	PlayerSetup_OnNext
8031a058	804d5286	MultiPlayer_SetGameStyle
8031a058	804d529f	MultiPlayer_SetNumRounds
8031a058	804d52b8	RoundSelect_OnBack
8031a058	804d52cb	MultiPlayer_SetMinigame
8031a058	804d52e3	MultiPlayer_SetRulesType
8031a058	804d52fc	MultiPlayer_SetGameRules
8031a058	804d5315	MultiPlayer_SetTeams
8031a058	804d532a	QuickPlay_SaveScores
8031a170	804d5100	DartShootout
8031a170	804d520d	MultiPlayer_SetNumberPlayers
8031a170	804d522a	MultiPlayer_NumPlayersBack
8031a170	804d5245	MultiPlayer_SetPlayerAvatars
8031a170	804d5262	PlayerSetup_Exit
8031a170	804d5273	PlayerSetup_OnNext
8031a170	804d5286	MultiPlayer_SetGameStyle
8031a170	804d529f	MultiPlayer_SetNumRounds
8031a170	804d52b8	RoundSelect_OnBack
8031a170	804d52cb	MultiPlayer_SetMinigame
8031a170	804d52e3	MultiPlayer_SetRulesType
8031a170	804d52fc	MultiPlayer_SetGameRules
8031a170	804d5315	MultiPlayer_SetTeams
8031a170	804d532a	QuickPlay_SaveScores
8031a23c	804d5100	DartShootout
8031a3a4	805ff155	Profile
8031a3a4	804d51f5	SetNextButtonVisibility
8031a3a4	805ff14f	_root
8031a4dc	804d53b3	RoundSelect
8031a538	804d53bf	iMultiPlayerGameType
8031a584	804d53d4	iMultiPlayerRulesType
8031a610	805ff15d	aiRules
8031a684	804d5100	DartShootout
8031a684	804d53ea	character_select
8031a684	804d53fb	character
8031a684	804d5405	characterlist
8031ab68	804d5100	DartShootout
8031ab68	804d53ea	character_select
8031ab68	804d53fb	character
8031ab68	804d5405	characterlist
8031aef8	804d5100	DartShootout
8031aef8	804d5413	mg_paperairplanes
8031aef8	804d5425	default_rules
8031aef8	804d5433	course_number
8031aef8	804d5441	rules_speed_type
8031aef8	804d5452	plane_type
8031aef8	804d545d	tornado_on
8031aef8	804d5468	mg_rccars
8031aef8	804d5472	location
8031aef8	804d547b	difficulty
8031aef8	804d5486	powerups_on
8031aef8	804d5492	num_laps
8031aef8	804d549b	mg_dartshootout
8031aef8	804d54ab	mega_shot_on
8031aef8	804d54b8	rules_dart_type
8031aef8	804d54c8	rules_shield_type
8031aef8	804d54da	mg_wallball
8031aef8	804d54e6	points_to_win
8031aef8	804d54f4	megahit_on
8031aef8	804d54ff	mg_tetherball
8031aef8	804d550d	rotations_to_win
8031aef8	804d551e	num_rounds
8031aef8	804d5529	mg_footie
8031aef8	804d5533	goals_to_win
8031aef8	804d5540	headergoal_on
8031aef8	804d554e	num_passes
8031aef8	804d5559	mg_dodgeball
8031aef8	804d5566	num_dodgeballs
8031aef8	804d5575	versus_setup
8031b424	805ff17d	iResult
8031b4bc	804d5100	DartShootout
8031b4bc	804d55a9	MultiPlayer_HowManyPlayersOnLoad
8031b4bc	804d55ca	MultiPlayer_SetUpOnLoad
8031b4bc	804d55e2	MultiPlayer_SelectGameOnLoad
8031b4bc	804d55ff	MultiPlayer_GameRulesOnLoad
8031b4bc	804d561b	MultiPlayer_GetGameRule
8031b4bc	804d5633	MultiPlayer_TeamSelectOnLoad
8031b564	804d5100	DartShootout
8031b564	804d55a9	MultiPlayer_HowManyPlayersOnLoad
8031b564	804d55ca	MultiPlayer_SetUpOnLoad
8031b564	804d55e2	MultiPlayer_SelectGameOnLoad
8031b564	804d55ff	MultiPlayer_GameRulesOnLoad
8031b564	804d561b	MultiPlayer_GetGameRule
8031b564	804d5633	MultiPlayer_TeamSelectOnLoad
8031b6a0	804d5650	aiActiveControllers
8031b744	804d5100	DartShootout
8031b744	805ff14f	_root
8031b744	804d51f5	SetNextButtonVisibility
8031b744	804d5664	iNumPlayers
8031b830	804d5100	DartShootout
8031b830	804d5670	iFlowState
8031b830	804d567b	iGameType
8031b830	804d5685	iIsNewHighScore
8031b830	804d5695	aiHideMinigame
8031b830	804d56a4	aiLockedMinigame
8031b974	804d56b5	iNumberRules
8031b9fc	804d5100	DartShootout
8031b9fc	804d56ef	iIsTeamGame
8031b9fc	805ff185	iIsCoop
8031b9fc	804d5664	iNumPlayers
8031baf8	804d5100	DartShootout
8031baf8	804d5705	T_Location
8031baf8	804d56fb	iRuleText
8031baf8	804d5710	iNumberOptions
8031baf8	804d571f	aiOptionsText
8031baf8	804d572d	aiOptionsValue
8031baf8	804d573c	aiLocked
8031bc34	804d5100	DartShootout
8031bc34	804d5705	T_Location
8031bc34	804d56fb	iRuleText
8031bc34	804d5710	iNumberOptions
8031bc34	804d571f	aiOptionsText
8031bc34	804d572d	aiOptionsValue
8031bc34	804d573c	aiLocked
8031bd7c	804d5100	DartShootout
8031bd7c	804d5745	T_Difficulty
8031bd7c	804d56fb	iRuleText
8031bd7c	804d5710	iNumberOptions
8031bd7c	804d571f	aiOptionsText
8031bd7c	804d572d	aiOptionsValue
8031bd7c	804d573c	aiLocked
8031be84	804d5100	DartShootout
8031be84	804d5710	iNumberOptions
8031be84	804d571f	aiOptionsText
8031be84	805ff18d	B_Off
8031be84	805ff193	B_On
8031be84	804d572d	aiOptionsValue
8031be84	804d573c	aiLocked
8031bf7c	804d5100	DartShootout
8031bf7c	804d5710	iNumberOptions
8031bf7c	804d571f	aiOptionsText
8031bf7c	804d572d	aiOptionsValue
8031bf7c	804d573c	aiLocked
8031c064	804d5100	DartShootout
8031c064	804d5752	T_Rounds
8031c064	804d56fb	iRuleText
8031c064	804d5710	iNumberOptions
8031c064	804d571f	aiOptionsText
8031c064	804d572d	aiOptionsValue
8031c064	804d573c	aiLocked
8031c064	804d575b	iDefaultOption
8031c1ec	804d5100	DartShootout
8031c1ec	805ff198	iRule
8031c1ec	804d576a	T_Course
8031c1ec	804d56fb	iRuleText
8031c1ec	804d5710	iNumberOptions
8031c1ec	804d571f	aiOptionsText
8031c1ec	804d572d	aiOptionsValue
8031c1ec	804d573c	aiLocked
8031c1ec	804d5773	B_Course_%s%.2i
8031c1ec	805ff19e	T_Mode
8031c1ec	805ff1a5	T_Speed
8031c1ec	804d5783	T_Planes
8031c1ec	804d578c	T_Tornado
8031c1ec	804d575b	iDefaultOption
8031c644	804d5100	DartShootout
8031c644	805ff198	iRule
8031c644	804d575b	iDefaultOption
8031c644	804d5745	T_Difficulty
8031c644	804d56fb	iRuleText
8031c644	804d5710	iNumberOptions
8031c644	804d571f	aiOptionsText
8031c644	804d572d	aiOptionsValue
8031c644	804d573c	aiLocked
8031c644	804d5796	B_Hardest
8031c644	804d57a0	T_PowerUps
8031c644	805ff1ad	T_Laps
8031c8d8	804d5100	DartShootout
8031c8d8	805ff198	iRule
8031c8d8	804d575b	iDefaultOption
8031c8d8	804d57ab	T_Moves_DartShootout03
8031c8d8	804d56fb	iRuleText
8031c8d8	804d57c2	T_DartType
8031c8d8	804d5710	iNumberOptions
8031c8d8	804d571f	aiOptionsText
8031c8d8	804d572d	aiOptionsValue
8031c8d8	804d573c	aiLocked
8031c8d8	804d57cd	T_ShieldType
8031cc14	804d5100	DartShootout
8031cc14	805ff198	iRule
8031cc14	804d575b	iDefaultOption
8031cc14	804d57da	T_RotationsToWin
8031cc14	804d56fb	iRuleText
8031cc14	804d57eb	T_MegaHit
8031cddc	804d5100	DartShootout
8031cddc	805ff198	iRule
8031cddc	804d575b	iDefaultOption
8031cddc	804d57f5	T_PointsToWin
8031cddc	804d56fb	iRuleText
8031cddc	804d5710	iNumberOptions
8031cddc	804d571f	aiOptionsText
8031cddc	804d572d	aiOptionsValue
8031cddc	804d573c	aiLocked
8031cddc	804d57a0	T_PowerUps
8031cddc	804d5803	T_Rule_WallBall03
8031d064	804d5100	DartShootout
8031d064	805ff198	iRule
8031d064	804d575b	iDefaultOption
8031d064	804d5815	T_GoalsToWin
8031d064	804d56fb	iRuleText
8031d064	804d5710	iNumberOptions
8031d064	804d571f	aiOptionsText
8031d064	804d572d	aiOptionsValue
8031d064	804d573c	aiLocked
8031d064	804d5822	T_HeaderGoal
8031d064	804d582f	T_NumPasses
8031d2f8	804d5100	DartShootout
8031d2f8	805ff198	iRule
8031d2f8	804d575b	iDefaultOption
8031d2f8	804d583b	T_Dodgeballs
8031d2f8	804d56fb	iRuleText
8031d2f8	805ff1b4	T_Setup
8031d2f8	804d5710	iNumberOptions
8031d2f8	804d571f	aiOptionsText
8031d2f8	804d572d	aiOptionsValue
8031d2f8	804d573c	aiLocked
8031d654	804d5972	PaperAirplaneFSHandlers
8031d654	804d58d0	SelectPlane_Exit
8031d654	804d595a	PaperAirplaneLVHandlers
8031d654	804d58e1	SelectPlane_OnLoad
8031d7dc	804d58d0	SelectPlane_Exit
8031d858	804d58f4	iSelectedPlane
8031d858	805ff10a	PAIR
8031d8f0	804d58e1	SelectPlane_OnLoad
8031d970	804d5903	aiAvailablePlanes
8031da50	804d5a00	PauseMenuHandlers
8031dae8	804d5a12	PauseMenuFSHandlers
8031dbd4	804d5990	Pause_OnLoadComplete
8031dbd4	804d59a5	Pause_OnKeepPlaying
8031dbd4	804d59b9	Pause_OnRestart
8031dbd4	804d59c9	Pause_OnQuit
8031dc5c	804d5990	Pause_OnLoadComplete
8031dc5c	804d59a5	Pause_OnKeepPlaying
8031dc5c	804d59b9	Pause_OnRestart
8031dc5c	804d59c9	Pause_OnQuit
8031e038	804d5d1c	PostGameHandlers
8031e0f4	804d5d2d	PostGameLVHandlers
8031e0f4	804d5d40	PostGameFSHandlers
8031e234	804d5a28	PostGame_OnLoad
8031e234	804d5a38	PostGame_GetSPInfo
8031e234	804d5a4b	PostGame_GetStats
8031e234	804d5a5d	PostGame_GetMPInfo
8031e234	804d5a70	PostGame_IsLastTourneyGame
8031e234	804d5a8b	PostGame_IsNextGameLastTourneyGame
8031e234	804d5aae	PostGame_GetPointsWon
8031e234	804d5ac4	PostGame_GetTotalPoints
8031e234	804d5adc	PostGame_GetTeamSetup
8031e234	804d5af2	PostGame_GetGamesWon
8031e234	804d5b07	PostGame_GetTotalGamesWon
8031e364	804d5a28	PostGame_OnLoad
8031e364	804d5a38	PostGame_GetSPInfo
8031e364	804d5a4b	PostGame_GetStats
8031e364	804d5a5d	PostGame_GetMPInfo
8031e364	804d5a70	PostGame_IsLastTourneyGame
8031e364	804d5a8b	PostGame_IsNextGameLastTourneyGame
8031e364	804d5aae	PostGame_GetPointsWon
8031e364	804d5ac4	PostGame_GetTotalPoints
8031e364	804d5adc	PostGame_GetTeamSetup
8031e364	804d5af2	PostGame_GetGamesWon
8031e364	804d5b07	PostGame_GetTotalGamesWon
8031e420	804d5b21	iIsNextGameLastTourneyGame
8031e62c	804d5b76	iGameMode
8031e6a4	804d5a28	PostGame_OnLoad
8031e6a4	805ff1c0	iScore
8031e6a4	804d5b80	iHighScore
8031e6a4	804d5b8b	iUserWon
8031e6a4	804d5b94	iNumPlayers
8031e6a4	804d5ba0	iNumCharactersInGame
8031e6a4	804d5bb5	iAllowReplay
8031e6a4	805ff1c7	aiRank
8031e6a4	804d5bc2	iIsScoreNA
8031e8f4	804d5bcd	iPlayerId
8031e8f4	805ff1ce	aiStats
8031e994	804d5a28	PostGame_OnLoad
8031e994	804d5bd7	iMultiplayerGameType
8031e994	804d5b94	iNumPlayers
8031e994	804d5ba0	iNumCharactersInGame
8031e994	804d5bec	iIsTeamGame
8031e994	804d5bf8	iWinningTeam
8031e994	805ff1c7	aiRank
8031e994	804d5c05	aiTotalRank
8031eb5c	804d5c11	iIsLastTourneyGame
8031eb5c	804d5c24	iWinningPlayerId
8031ebc8	804d5bcd	iPlayerId
8031ebc8	804d5c35	iPointsWon
8031ec5c	804d5bcd	iPlayerId
8031ec5c	804d5c40	iTotalPointsWon
8031ecf0	804d5bcd	iPlayerId
8031ecf0	804d5c50	iGamesWon
8031ed7c	804d5bcd	iPlayerId
8031ed7c	804d5c5a	iTotalGamesWon
8031ee08	804d5c69	aiNumPlayers
8031ee08	805ff1d6	aiTeam1
8031ee08	805ff1de	aiTeam2
8031eef4	804d5a28	PostGame_OnLoad
8031eef4	804d5c76	PostGame_OnReplay
8031eef4	804d5c88	PostGame_OnDone
8031eef4	804d5c98	MultiPlayer_PostGameOnSelect
8031eef4	804d5cb5	PostGame_OnButtonClick
8031ef7c	804d5a28	PostGame_OnLoad
8031ef7c	804d5c76	PostGame_OnReplay
8031ef7c	804d5c88	PostGame_OnDone
8031ef7c	804d5c98	MultiPlayer_PostGameOnSelect
8031ef7c	804d5cb5	PostGame_OnButtonClick
8031f080	804d5ccc	iSelected
8031f11c	805ff1e6	iButton
8031f1fc	804d600c	PreGameHandlers
8031f2bc	804d601c	PreGameLVHandlers
8031f2bc	804d602e	PreGameFSHandlers
8031f2bc	804d5db8	PreGame_OnPlay
8031f424	804d5d58	DartShootout
8031f424	804d5dc7	PreGame_OnLoad
8031f424	804d5dd6	PreGame_GetSinglePlayerInfo
8031f424	804d5df2	PreGame_GetMultiPlayerInfo
8031f424	804d5e0d	PreGame_GetDareText
8031f4d4	804d5d58	DartShootout
8031f4d4	804d5dc7	PreGame_OnLoad
8031f4d4	804d5dd6	PreGame_GetSinglePlayerInfo
8031f4d4	804d5df2	PreGame_GetMultiPlayerInfo
8031f4d4	804d5e0d	PreGame_GetDareText
8031f558	805ff1fd	iIsDare
8031f5f0	804d5e21	aiGestureIsLocked
8031f6c4	804d5e21	aiGestureIsLocked
8031f758	804d5e21	aiGestureIsLocked
8031f7fc	804d5e21	aiGestureIsLocked
8031f8c0	804d5e21	aiGestureIsLocked
8031f9b4	804d5e21	aiGestureIsLocked
8031fab8	804d5e21	aiGestureIsLocked
8031fb6c	804d5d58	DartShootout
8031fb6c	804d5e33	iMiniGameType
8031fb6c	804d5e41	iGameMode
8031fb6c	804d5e4b	iScreenType
8031fb6c	804d5e21	aiGestureIsLocked
8031fd00	804d5d58	DartShootout
8031fd00	804d5e80	iMultiPlayerMode
8031fd00	804d5e33	iMiniGameType
8031fd00	804d5e91	iControllingPlayer
8031fd00	804d5ea4	aiGamesWon
8031fd00	805ff205	aiScore
8031fd00	805ff20d	aiRank
8031fe1c	804d5d58	DartShootout
8031fe1c	804d5eaf	%s%s%.2i
8031fe1c	804d5eb8	strTitle
8031fe1c	805ff214	iText
80320128	804d5db8	PreGame_OnPlay
803201dc	804d6230	ProfileHandlers
80320274	804d6252	ProfileFSHandlers
80320274	804d6240	ProfileLVHandlers
803203bc	804d6040	ProfileSelect_RefreshScreen
803205a0	804d6040	ProfileSelect_RefreshScreen
803205a0	804d605c	ProfileSelect_OnSelect
803205a0	804d6073	ProfileSelect_OnErase
803205a0	804d6089	SelectKid_OnFilterSelect
803205a0	804d60a2	KidConfirm_OnResponse
80320628	804d6040	ProfileSelect_RefreshScreen
80320628	804d605c	ProfileSelect_OnSelect
80320628	804d6073	ProfileSelect_OnErase
80320628	804d6089	SelectKid_OnFilterSelect
80320628	804d60a2	KidConfirm_OnResponse
803206ac	805ff22f	iFilter
8032073c	804d60b8	iSelectedProfileIndex
803207c0	804d6040	ProfileSelect_RefreshScreen
803207c0	804d60b8	iSelectedProfileIndex
803207c0	804d60fa	D_Response_No
803207c0	804d60eb	D_Response_Yes
803207c0	804d60dc	T_EraseConfirm
803207c0	804d60ce	ConfirmDelete
803208e4	804d6108	iResponse
803209a0	804d6040	ProfileSelect_RefreshScreen
803209a0	804d6112	ProfileSelect_OnLoad
803209a0	804d6127	SelectKid_OnLoad
803209a0	804d6138	KidConfirm_GetDialogue
80320a18	804d6040	ProfileSelect_RefreshScreen
80320a18	804d6112	ProfileSelect_OnLoad
80320a18	804d6127	SelectKid_OnLoad
80320a18	804d6138	KidConfirm_GetDialogue
80320a94	805ff22f	iFilter
80320b14	804d6040	ProfileSelect_RefreshScreen
80320b14	804d614f	aiProfileSlots
80320b14	804d615e	aiProfileNames
80320b14	804d616d	aiProfileImageId
80320b14	804d617e	aiProfileGradeId
80320b14	804d619e	B_CorruptProfile
80320b14	804d61af	iCurrentlyLoadedSlot
80320b14	804d61c4	iIsBootFlow
80320f60	804d61d0	T_KidConfirm
80320f60	804d61dd	strDialogue
80320ff4	804d6330	ReportCardHandlers
8032108c	804d6358	ReportCardFSHandlers
8032108c	804d6268	ReportCard_OnClose
8032108c	804d6343	ReportCardLVHandlers
8032108c	804d627b	ReportCard_OnLoad
80321214	804d6268	ReportCard_OnClose
80321290	804d627b	ReportCard_OnLoad
80321310	804d6268	ReportCard_OnClose
80321310	805ff240	iGrade
80321310	804d628d	iCurrentNumMarble
80321310	804d629f	iCurrentNumStickers
80321310	804d62b3	iTotalNumStickers
80321310	804d62c5	T_RC_Title
80321310	804d62d0	strTitle
80321310	804d62d9	aiValues
80321310	804d62e2	aiTotals
80321620	804d68f0	StickerBookHandlers
80321780	804d6904	StickerBookLVHandlers
80321780	804d691a	StickerBookFSHandlers
803218c0	804d6370	DartShootout
803218c0	804d63ee	StickerBook_RewardLoad
803218c0	804d6405	StickerBook_RewardGetStickers
803218c0	804d6423	StickerBook_GetSticker
803218c0	804d643a	StickerBook_LayoutLoad
803218c0	804d6451	StickerBook_GetPlayerName
803218c0	804d646b	StickerBookCover_LoadLayout
803218c0	804d6487	StickerBookCover_IsGameDirty
80321978	804d6370	DartShootout
80321978	804d63ee	StickerBook_RewardLoad
80321978	804d6405	StickerBook_RewardGetStickers
80321978	804d6423	StickerBook_GetSticker
80321978	804d643a	StickerBook_LayoutLoad
80321978	804d6451	StickerBook_GetPlayerName
80321978	804d646b	StickerBookCover_LoadLayout
80321978	804d6487	StickerBookCover_IsGameDirty
80321a14	804d64a4	strPlayerName
80321adc	805ff26c	iReward
80321b30	804d6370	DartShootout
80321b30	804d64de	iSticker1ID
80321b30	804d64ea	iSticker2ID
80321b30	804d64f6	iSticker3ID
80321b30	804d6502	astrStickerNames
80321b30	805ff274	%s%s%i
80321b30	804d6513	astrStickerDesc
80321b30	804d6523	aStrPriceList
80321d3c	804d6370	DartShootout
80321d3c	804d6531	iStickerID
80321d3c	805ff274	%s%s%i
80321d3c	804d653c	strStickerName
80321d3c	804d654b	strStickerDesc
80321d3c	805ff27b	x %d
80321d3c	804d655a	strPrice
80321e1c	804d6370	DartShootout
80321e1c	804d6563	iNumStickers
80321e1c	804d6570	aiStickerID
80321e1c	804d657c	aiStickerPositionX
80321e1c	804d658f	aiStickerPositionY
80321e1c	804d65a2	aiStickerRotation
80321e1c	804d65b4	aiStickerTypes
80321e1c	804d65c3	astrPriceList
80321e1c	804d6502	astrStickerNames
80321e1c	805ff274	%s%s%i
80321e1c	804d6513	astrStickerDesc
80321e1c	805ff280	%i/%i
80321e1c	804d65d1	strNumGameStickers
80321e1c	804d65e4	strNumAbilityStickers
80321e1c	804d65fa	strDaresWon
80321e1c	804d6606	iHighScore
80321e1c	804d6611	iCoverButtonEnabled
803221e8	804d6370	DartShootout
803221e8	804d6625	mg_dartshootout
803221e8	804d6635	mg_dodgeball
803221e8	804d6642	mg_footie
803221e8	804d664c	mg_paperairplanes
803221e8	804d665e	mg_rccars
803221e8	804d6668	mg_tetherball
803221e8	804d6676	mg_wallball
803221e8	804d6682	abilities
803221e8	805ff286	ability
80322340	804d6370	DartShootout
80322340	804d6625	mg_dartshootout
80322340	804d6635	mg_dodgeball
80322340	804d6642	mg_footie
80322340	804d664c	mg_paperairplanes
80322340	804d665e	mg_rccars
80322340	804d6668	mg_tetherball
80322340	804d6676	mg_wallball
80322340	804d6682	abilities
80322340	805ff286	ability
80322498	804d6370	DartShootout
80322498	804d66d8	aiAbilityLocked
80322498	805ff274	%s%s%i
803225e8	804d6370	DartShootout
803225e8	804d671e	T_StickerBookCoverTitle00
803225e8	804d6738	iPlayerName
803225e8	805ff28e	iLayout
803225e8	804d6744	iIsMusicEnabled
803225e8	805ff296	iMarble
803225e8	804d6754	iSticker
803225e8	804d675d	iStickerTotal
803227b4	804d6370	DartShootout
803227b4	804d676b	StickerBook_RewardSelected
803227b4	804d6786	StickerBook_LayoutSave
803227b4	804d679d	StickerBook_LaunchMiniGame
803227b4	804d67b8	StickerBook_Exit
803227b4	804d67c9	StickerBookCover_OnMusic
803227b4	804d67e2	StickerBookCover_OnSave
803227b4	804d67fa	StickerBookCover_OnWorld
803227b4	804d6813	StickerBookCover_OnQuit
803227b4	804d682b	StickerBookCover_OnSelect
8032288c	804d6370	DartShootout
8032288c	804d676b	StickerBook_RewardSelected
8032288c	804d6786	StickerBook_LayoutSave
8032288c	804d679d	StickerBook_LaunchMiniGame
8032288c	804d67b8	StickerBook_Exit
8032288c	804d67c9	StickerBookCover_OnMusic
8032288c	804d67e2	StickerBookCover_OnSave
8032288c	804d67fa	StickerBookCover_OnWorld
8032288c	804d6813	StickerBookCover_OnQuit
8032288c	804d682b	StickerBookCover_OnSelect
80322938	804d6531	iStickerID
803229e4	804d6370	DartShootout
803229e4	804d6563	iNumStickers
803229e4	804d6570	aiStickerID
803229e4	804d657c	aiStickerPositionX
803229e4	804d658f	aiStickerPositionY
80322afc	804d6881	iSelected
80322bb4	805ff2a4	iOption
80322c00	804d688b	iQuitAfterSave
80322cac	804d689a	iSelectedSticker
80322d58	804d6b84	StickerStoreHandlers
80322df0	804d6b99	StickerStoreLVHandlers
80322df0	804d6bb0	StickerStoreFSHandlers
80322f30	804d6930	DartShootout
80322f30	804d6990	StickerStoreCover_OnLoad
80322f30	804d69a9	StickerStorePage_OnLoad
80322f30	804d69c1	PurchaseConfirm_OnLoad
80322fa8	804d6930	DartShootout
80322fa8	804d6990	StickerStoreCover_OnLoad
80322fa8	804d69a9	StickerStorePage_OnLoad
80322fa8	804d69c1	PurchaseConfirm_OnLoad
80323070	804d6930	DartShootout
80323070	804d69d8	iSticker
80323070	804d69e1	iStickerTotal
80323070	804d69ef	aiAvailableGames
8032313c	804d6930	DartShootout
8032313c	804d6a00	iMinigameType
8032313c	804d69e1	iStickerTotal
8032313c	804d69d8	iSticker
8032313c	804d6a0e	iStickerPrice
8032313c	804d6a1c	aiStickerId
8032313c	804d69ef	aiAvailableGames
803232f0	804d6930	DartShootout
803232f0	804d6a28	iCurrentMarble
803232f0	804d6a37	iAfterMarble
803232f0	805ff2cc	iPrice
803232f0	804d6a44	T_StickerName_%s%d
803232f0	804d6a57	M_StickerPurchaseConfirmation
803232f0	804d6a75	strStickerPurchaseText
803233f4	804d6930	DartShootout
803233f4	804d6a8c	StickerStoreCover_OnExit
803233f4	804d6aa5	StickerStoreCover_OnGameSelect
803233f4	804d6ac4	StickerStorePage_OnClick
803233f4	804d6add	StickerStorePage_OnBuy
803233f4	804d6af4	StickerStore_SetMinigame
803233f4	804d6b0d	PurchaseConfirm_Answer
8032349c	804d6930	DartShootout
8032349c	804d6a8c	StickerStoreCover_OnExit
8032349c	804d6aa5	StickerStoreCover_OnGameSelect
8032349c	804d6ac4	StickerStorePage_OnClick
8032349c	804d6add	StickerStorePage_OnBuy
8032349c	804d6af4	StickerStore_SetMinigame
8032349c	804d6b0d	PurchaseConfirm_Answer
80323530	804d6930	DartShootout
803235f4	804d6b34	iSelected
80323648	805ff2d3	iAnswer
80323764	804d6df9	WorldHudLVHandlers
80323764	804d6bc8	InfoDialogue_GetText
80323764	804d6e0c	WorldHudFSHandlers
803238cc	804d6bc8	InfoDialogue_GetText
80323934	804d6bdd	strTitle
80323934	805ff2e0	strText
803239a0	804d6be6	PressA_SetVisible
803239a0	805ff2eb	_root
803239f0	805ff2f1	%d/%d
803239f0	804d6bf8	StickerCounter_SetVisible
803239f0	805ff2eb	_root
80323a94	804d6c12	MarbleCounter_SetVisible
80323a94	805ff2eb	_root
80323b30	804d6c2b	Stickerbook_SetVisible
80323b30	805ff2eb	_root
80323b80	804d6c42	ReportCard_SetVisible
80323b80	805ff2eb	_root
80323bd0	804d6c58	WorldHud_SetMicroGame
80323bd0	805ff2eb	_root
80323c20	804d6c6e	Timer_SetVisible
80323c20	805ff2eb	_root
80323c70	804d6c7f	Timer_SetValue
80323c70	805ff2eb	_root
80323cf4	804d6c8e	Counter_SetVisible
80323cf4	805ff2eb	_root
80323d44	804d6ca1	Counter_SetValue
80323d44	805ff2eb	_root
80323db8	804d6cb2	ShotMeter_SetVisible
80323db8	805ff2eb	_root
80323e54	804d6cc7	ShotMeter_SetLimit
80323e54	805ff2eb	_root
80323ec8	804d6cda	ShotMeter_SetPower
80323ec8	805ff2eb	_root
80323f18	804d6ced	AreaTransition_Show
80323f18	805ff2eb	_root
80323f68	804d6d01	InfoDialogue_SetVisible
80323f68	805ff2eb	_root
80323fb8	804d6d19	WinLose_SetVisible
80323fb8	805ff2eb	_root
8032402c	804d6d2c	DribblingHud_SetVisible
8032402c	805ff2eb	_root
8032407c	804d6d44	DribblingHud_SetValue
8032407c	805ff2eb	_root
803240c8	804d6d5a	DribblingHud_FlashHud
803240c8	805ff2eb	_root
803240e4	804d6d70	DribblingHud_ShowFeedback
803240e4	805ff2eb	_root
80324134	804d6d8a	WorldHud_LoadComplete
80324134	804d6da0	InfoDialogue_OnButtonClick
80324194	804d6d8a	WorldHud_LoadComplete
80324194	804d6da0	InfoDialogue_OnButtonClick
80324248	804d71e6	FEManager
80325198	804d6e90	Multiplayer_EnableInput
803254b8	805ff30e	in_apt
803254b8	804d6e20	data/fe/
803254b8	804d6ea8	gPlatform
803254b8	805ff317	WII
803254b8	804d6eb2	gDebugDefine
803254b8	804d6ebf	gWideScreenDefine
803254b8	805ff320	_xmouse
803254b8	805ff328	_ymouse
803254b8	804d6ed1	_rotation
803254b8	804d6edb	iOSLangId
8032595c	805ff340	aipapt
8032595c	805ff347	AipNew
80325ab4	804d6f10	<< Viewer >> Load Animation Completed:  '%s' '%s'\n
80325f88	804d6e20	data/fe/
80325f88	804d6f43	data\fe\FontTable.txt
80325f88	804d6f59	data\fe\RealFonts.txt
80325f88	804d6f6f	data\fonts\
80325f88	805ff34e	.gfn
80325f88	804d6f7b	FEManager::Locale
80326380	804d6f8d	Multiplayer_DisableInput
80326380	804d6e90	Multiplayer_EnableInput
803264e4	804d6e20	data/fe/
803264e4	805ff35e	Profile
803264e4	804d700a	character_select
803264e4	804d701b	character
803264e4	804d7025	FEManager::Player Indicator Tar Manager
803264e4	804d704d	data/world/world-misc.gsh
803264e4	804d7067	characterlist
803264e4	804d7075	PlayerSetup
803264e4	804d6f8d	Multiplayer_DisableInput
803264e4	804d7081	T_NameKid
803264e4	804d708b	ConfirmKid
803264e4	804d7096	ClearScreenStack
803264e4	804d70a7	MainMenu
803264e4	804d70b0	multi_player
803264e4	804d70bd	positions
803264e4	804d70c7	unlockLinks
803264e4	805ff366	FINAL
803264e4	805ff36c	g_jimmy
803264e4	805ff374	g_raz
803264e4	804d70d3	g_skater
803264e4	805ff37a	g_kalia
80327158	804d713f	OpenOverlay
80327178	804d714b	CloseOverlay
803271b4	804d7096	ClearScreenStack
803271d0	804d6e90	Multiplayer_EnableInput
803271ec	804d6f8d	Multiplayer_DisableInput
80327f98	804d71f0	SelectableCharacter::Player Indicator
8032893c	804d7216	pg_selectkid_celebration
80328ca4	804d722f	select_kid_pl_%d
80328ca4	804d7240	select_kid
80328f78	804d7216	pg_selectkid_celebration
80329290	805ff395	PG_
803294a4	804d7278	%02d%02d%02d%02d%02d
80329a18	804d728d	Screen Shot Buffer
80329a18	804d72a0	%s%s%s_%05d_%03d
80329b28	805ff3a0	%s%s
80329b28	805ff3a5	.tga
8032a258	804d7524	Controller:mTimeSinceLastButtonDown
8032a258	804d7548	Controller:mTimeBetweenLastTwoButtonDowns
8032a258	804d7572	Controller:mEventState
8032a4c0	804d7589	EVENT_PLAYER_MOVE
8032a4c0	804d759b	EVENT_PLAYER_FACEDIRECTION
8032a4c0	804d75b6	EVENT_PLAYER_JUMP
8032a4c0	804d75c8	EVENT_ENTER_MINIGAME
8032a4c0	804d75dd	EVENT_EXIT_MINIGAME
8032a4c0	804d75f1	EVENT_SELECT_BUBBLE
8032a4c0	804d7605	EVENT_INTERACTIVE_OBJECT_USE
8032a4c0	804d7622	EVENT_21_AIM
8032a4c0	804d762f	EVENT_21_SHOOT
8032a4c0	804d763e	EVENT_21_CHARGE
8032a4c0	804d764e	EVENT_21_CANCEL
8032a4c0	804d765e	EVENT_21_INTERFERENCE
8032a4c0	804d7674	EVENT_QUICKDRAW_SHOOT
8032a4c0	804d768a	EVENT_QUICKDRAW_DODGE
8032a4c0	804d76a0	EVENT_RCCARS_ACCELERATE
8032a4c0	804d76b8	EVENT_RCCARS_REVERSE
8032a4c0	804d76cd	EVENT_RCCARS_BOOST
8032a4c0	804d76e0	EVENT_RCCARS_POWERUP
8032a4c0	804d76f5	EVENT_RCCARS_TURN
8032a4c0	804d7707	EVENT_RCCARS_SMOKESCREEN
8032a4c0	804d7720	EVENT_RCCARS_A
8032a4c0	804d772f	EVENT_RCCARS_A_DOUBLEDOWN
8032a4c0	804d7749	EVENT_RCCARS_A_TAP
8032a4c0	804d775c	EVENT_RCCARS_A_HOLD
8032a4c0	804d7770	EVENT_RCCARS_A_PRESSED
8032a4c0	804d7787	EVENT_RCCARS_B
8032a4c0	804d7796	EVENT_RCCARS_B_DOUBLEDOWN
8032a4c0	804d77b0	EVENT_RCCARS_B_TAP
8032a4c0	804d77c3	EVENT_RCCARS_B_HOLD
8032a4c0	804d77d7	EVENT_RCCARS_B_PRESSED
8032a4c0	804d77ee	EVENT_RCCARS_1
8032a4c0	804d77fd	EVENT_RCCARS_1_DOUBLEDOWN
8032a4c0	804d7817	EVENT_RCCARS_1_TAP
8032a4c0	804d782a	EVENT_RCCARS_1_HOLD
8032a4c0	804d783e	EVENT_RCCARS_1_PRESSED
8032a4c0	804d7855	EVENT_RCCARS_2
8032a4c0	804d7864	EVENT_RCCARS_2_DOUBLEDOWN
8032a4c0	804d787e	EVENT_RCCARS_2_TAP
8032a4c0	804d7891	EVENT_RCCARS_2_HOLD
8032a4c0	804d78a5	EVENT_RCCARS_2_PRESSED
8032a4c0	804d78bc	EVENT_RCCARS_Z
8032a4c0	804d78cb	EVENT_RCCARS_Z_DOUBLEDOWN
8032a4c0	804d78e5	EVENT_RCCARS_Z_TAP
8032a4c0	804d78f8	EVENT_RCCARS_Z_HOLD
8032a4c0	804d790c	EVENT_RCCARS_Z_PRESSED
8032a4c0	804d7923	EVENT_RCCARS_C
8032a4c0	804d7932	EVENT_RCCARS_C_DOUBLEDOWN
8032a4c0	804d794c	EVENT_RCCARS_C_TAP
8032a4c0	804d795f	EVENT_RCCARS_C_HOLD
8032a4c0	804d7973	EVENT_RCCARS_C_PRESSED
8032a4c0	804d798a	EVENT_RCCARS_UP
8032a4c0	804d799a	EVENT_RCCARS_UP_DOUBLEDOWN
8032a4c0	804d79b5	EVENT_RCCARS_UP_TAP
8032a4c0	804d79c9	EVENT_RCCARS_UP_HOLD
8032a4c0	804d79de	EVENT_RCCARS_UP_PRESSED
8032a4c0	804d79f6	EVENT_RCCARS_DOWN
8032a4c0	804d7a08	EVENT_RCCARS_DOWN_DOUBLEDOWN
8032a4c0	804d7a25	EVENT_RCCARS_DOWN_TAP
8032a4c0	804d7a3b	EVENT_RCCARS_DOWN_HOLD
8032a4c0	804d7a52	EVENT_RCCARS_DOWN_PRESSED
8032a4c0	804d7a6c	EVENT_RCCARS_LEFT
8032a4c0	804d7a7e	EVENT_RCCARS_LEFT_DOUBLEDOWN
8032a4c0	804d7a9b	EVENT_RCCARS_LEFT_TAP
8032a4c0	804d7ab1	EVENT_RCCARS_LEFT_HOLD
8032a4c0	804d7ac8	EVENT_RCCARS_LEFT_PRESSED
8032a4c0	804d7ae2	EVENT_RCCARS_RIGHT
8032a4c0	804d7af5	EVENT_RCCARS_RIGHT_DOUBLEDOWN
8032a4c0	804d7b13	EVENT_RCCARS_RIGHT_TAP
8032a4c0	804d7b2a	EVENT_RCCARS_RIGHT_HOLD
8032a4c0	804d7b42	EVENT_RCCARS_RIGHT_PRESSED
8032a4c0	804d7b5d	EVENT_TETHERBALL_SERVE
8032a4c0	804d7b74	EVENT_TETHERBALL_HIT
8032a4c0	804d7b89	EVENT_TETHERBALL_POWER_A
8032a4c0	804d7ba2	EVENT_TETHERBALL_POWER_B
8032a4c0	804d7bbb	EVENT_TETHERBALL_HIGH_MOD
8032a4c0	804d7bd5	EVENT_TETHERBALL_OVERHAND
8032a4c0	804d7bef	EVENT_BUGHUNT_SWINGLEFT
8032a4c0	804d7c07	EVENT_BUGHUNT_SWINGRIGHT
8032a4c0	804d7c20	EVENT_DODGEBALL_MOVE
8032a4c0	804d7c35	EVENT_DODGEBALL_DPADMOVE
8032a4c0	804d7c4e	EVENT_DODGEBALL_MODIFIERA
8032a4c0	804d7c68	EVENT_DODGEBALL_MODIFIERB
8032a4c0	804d7c82	EVENT_DODGEBALL_BUTTONA
8032a4c0	804d7c9a	EVENT_DODGEBALL_BUTTONB
8032a4c0	804d7cb2	EVENT_DODGEBALL_TARGETUP
8032a4c0	804d7ccb	EVENT_DODGEBALL_TARGETDOWN
8032a4c0	804d7ce6	EVENT_DODGEBALL_TARGETLEFT
8032a4c0	804d7d01	EVENT_DODGEBALL_TARGETRIGHT
8032a4c0	804d7d1d	EVENT_DODGEBALL_GETREADY
8032a4c0	804d7d36	EVENT_FOOTIE_DPADMOVE
8032a4c0	804d7d4c	EVENT_FOOTIE_MODIFIERA
8032a4c0	804d7d63	EVENT_FOOTIE_MODIFIERB
8032a4c0	804d7d7a	EVENT_FOOTIE_BUTTONA
8032a4c0	804d7d8f	EVENT_FOOTIE_BUTTONB
8032a4c0	804d7da4	EVENT_FOOTIE_SWAP
8032a4c0	804d7db6	EVENT_FOOTIE_POWER
8032a4c0	804d7dc9	EVENT_PA_UP
8032a4c0	804d7dd5	EVENT_PA_DOWN
8032a4c0	804d7de3	EVENT_PA_LEFT
8032a4c0	804d7df1	EVENT_PA_RIGHT
8032a4c0	804d7e00	EVENT_PA_FORWARD
8032a4c0	804d7e11	EVENT_PA_BACKWARD
8032a4c0	804d7e23	EVENT_PA_RESPAWN
8032a4c0	804d7e34	EVENT_PA_DASH
8032a4c0	804d7e42	EVENT_PA_TILT
8032a4c0	804d7e50	EVENT_PA_RESET
8032a4c0	804d7e5f	EVENT_DARTSHOOTOUT_FIRE
8032a4c0	804d7e77	EVENT_DARTSHOOTOUT_FIREPRESSED
8032a4c0	804d7e96	EVENT_DARTSHOOTOUT_DEBUG_POINT_ENABLE
8032a4c0	804d7ebc	EVENT_DARTSHOOTOUT_DEBUG_POINT_DISPLAY
8032a4c0	804d7ee3	EVENT_DARTSHOOTOUT_DISABLE_BULLETTIME
8032a4c0	804d7f09	EVENT_DARTSHOOTOUT_ENABLE_BULLETTIME
8032a4c0	804d7f2e	EVENT_DARTSHOOTOUT_ARM_MEGASHOT
8032a4c0	804d7f4e	EVENT_DARTSHOOTOUT_CHARGE_MEGASHOT
8032a4c0	804d7f71	EVENT_DARTSHOOTOUT_ENABLE_SHIELD
8032a4c0	804d7f92	EVENT_DARTSHOOTOUT_RELOAD_UP
8032a4c0	804d7faf	EVENT_DARTSHOOTOUT_RELOAD_DOWN
8032a4c0	804d7fce	EVENT_DARTSHOOTOUT_RELOAD_LEFT
8032a4c0	804d7fed	EVENT_DARTSHOOTOUT_RELOAD_RIGHT
8032a4c0	804d800d	EVENT_WALLBALL_DPADMOVE
8032a4c0	804d8025	EVENT_WALLBALL_BUTTONA
8032a4c0	804d803c	EVENT_WALLBALL_BUTTONB
8032a4c0	804d8053	EVENT_WALLBALL_GETREADY
8032a4c0	804d806b	EVENT_WALLBALL_MODIFIERA
8032a4c0	804d8084	EVENT_WALLBALL_MODIFIERB
8032a4c0	804d809d	EVENT_FREETHROW_A
8032a4c0	804d80af	EVENT_FREETHROW_B
8032a4c0	804d80c1	EVENT_FREETHROW_MOD_A
8032a4c0	804d80d7	EVENT_FREETHROW_MOD_B
8032a4c0	804d80ed	EVENT_CAMERA_REORIENT
8032a4c0	804d8103	EVENT_CAMERA_RESET
8032a4c0	804d8116	EVENT_CAMERA_MOVE
8032a4c0	804d8128	EVENT_CAMERA_ON
8032a4c0	804d8138	EVENT_CAMERA_OFF
8032a4c0	804d8149	EVENT_CAMERA_ZOOMIN
8032a4c0	804d815d	EVENT_CAMERA_ZOOMOUT
8032a4c0	804d8172	EVENT_FREECAM_MOVE
8032a4c0	804d8185	EVENT_FREECAM_TILTUP
8032a4c0	804d819a	EVENT_FREECAM_TILTDOWN
8032a4c0	804d81b1	EVENT_FREECAM_TILTLEFT
8032a4c0	804d81c8	EVENT_FREECAM_TILTRIGHT
8032a4c0	804d81e0	EVENT_FREECAM_ON
8032a4c0	804d81f1	EVENT_FREECAM_OFF
8032a4c0	804d8203	EVENT_FREECAM_UP
8032a4c0	804d8214	EVENT_FREECAM_DOWN
8032a4c0	804d8227	EVENT_FREECAM_ZOOMIN
8032a4c0	804d823c	EVENT_FREECAM_ZOOMOUT
8032a4c0	804d8252	EVENT_FREECAM_RESET
8032a4c0	804d8266	EVENT_PAUSE_ON
8032a4c0	804d8275	EVENT_PAUSE_OFF
8032a4c0	804d8285	EVENT_REPORTCARD
8032a4c0	804d8296	EVENT_DEBUGMENU_ON
8032a4c0	804d82a9	EVENT_DEBUGMENU_OFF
8032a4c0	804d82bd	EVENT_DEBUGMENU_UP
8032a4c0	804d82d0	EVENT_DEBUGMENU_DOWN
8032a4c0	804d82e5	EVENT_DEBUGMENU_LEFT
8032a4c0	804d82fa	EVENT_DEBUGMENU_RIGHT
8032a4c0	804d8310	EVENT_DEBUGMENU_BACK
8032a4c0	804d8325	EVENT_DEBUGMENU_ACCEPT
8032a4c0	804d833c	EVENT_DEBUGMENU_LEFTREPEAT
8032a4c0	804d8357	EVENT_DEBUGMENU_RIGHTREPEAT
8032a4c0	804d8373	EVENT_POITUNING_MOVE
8032a4c0	804d8388	EVENT_POITUNING_ROTATELEFT
8032a4c0	804d83a3	EVENT_POITUNING_ROTATERIGHT
8032a4c0	804d83bf	EVENT_POITUNING_ENABLEROTATION
8032a4c0	804d83de	EVENT_POITUNING_DISABLEROTATION
8032a4c0	804d83fe	EVENT_POITUNING_FASTMODIFIER
8032a4c0	804d841b	EVENT_POITUNING_EDIT
8032a4c0	804d8430	EVENT_POITUNING_NEXT
8032a4c0	804d8445	EVENT_POITUNING_PREV
8032a4c0	804d845a	EVENT_POITUNING_NEXTREPEAT
8032a4c0	804d8475	EVENT_POITUNING_PREVREPEAT
8032a4c0	804d8490	EVENT_POITUNING_NEXTTAGPOINT
8032a4c0	804d84ad	EVENT_POITUNING_PREVTAGPOINT
8032a4c0	804d84ca	EVENT_POITUNING_NEXTTAGPOINTREPEAT
8032a4c0	804d84ed	EVENT_POITUNING_PREVTAGPOINTREPEAT
8032a4c0	804d8510	EVENT_PLAYER_MOVE_LEFT
8032a4c0	804d8527	EVENT_PLAYER_MOVE_RIGHT
8032a4c0	804d853f	EVENT_PLAYER_MOVE_FORWARD
8032a4c0	804d8559	EVENT_PLAYER_MOVE_BACKWARD
8032a4c0	804d8574	EVENT_CONVERSATION_START
8032a4c0	804d858d	EVENT_TEMP_MULTIPLAYER_LEFT
8032a4c0	804d85a9	EVENT_TEMP_MULTIPLAYER_RIGHT
8032a4c0	804d85c6	EVENT_TEMP_MULTIPLAYER_UP
8032a4c0	804d85e0	EVENT_TEMP_MULTIPLAYER_DOWN
8032a4c0	804d85fc	EVENT_TEMP_MULTIPLAYER_START
8032a4c0	804d8619	EVENT_SELECTKID_SELECT
8032a4c0	804d8630	EVENT_SELECTKID_CANCEL
8032bc74	804d8647	STATE_WANDER
8032bc74	804d8654	STATE_COMBAT
8032bc74	804d8661	STATE_MINIGAME
8032bc74	804d8670	STATE_RANGED
8032bc74	804d867d	STATE_CAMERA
8032bc74	804d868a	STATE_FREECAM
8032bc74	804d8698	STATE_PAUSE
8032bc74	804d86a4	STATE_DEBUGMENU
8032bc74	804d86b4	STATE_CONVERSATION
8032bc74	804d86c7	STATE_POITUNING
8032bc74	804d86d7	STATE_21_WAITING
8032bc74	804d86e8	STATE_21_FREEBALL
8032bc74	804d86fa	STATE_21_INTERFERENCE
8032bc74	804d8710	STATE_21_SHOOTING
8032bc74	804d8722	STATE_QD_HOLSTERED
8032bc74	804d8735	STATE_QD_SHOOTING
8032bc74	804d8747	STATE_TB_SERVING
8032bc74	804d8758	STATE_TB_HITTING
8032bc74	804d8769	STATE_TB_WAITING
8032bc74	804d877a	STATE_DODGEBALL
8032bc74	804d878a	STATE_FOOTIE
8032bc74	804d8797	STATE_PA
8032bc74	804d87a0	STATE_MULTIPLAYER
8032bc74	804d87b2	STATE_FE
8032bc74	804d87bb	STATE_WALLBALL
8032bc74	804d87ca	STATE_FREETHROW
8032bc74	804d87da	STATE_DRIBBLING
8032bc74	804d87ea	STATE_RETURN
8032bc74	804d87f7	STATE_ANY
8032c048	804d8801	BUTTON_UP
8032c048	804d880b	BUTTON_DOWN
8032c048	804d8817	BUTTON_DOUBLEDOWN
8032c048	804d8829	BUTTON_PRESSED
8032c048	804d8838	BUTTON_SECOND
8032c048	804d8846	BUTTON_TAP
8032c048	804d8851	BUTTON_HOLD
8032c048	804d885d	BUTTON_HOLDPRESSED
8032c17c	805ff3cf	DOWN
8032c17c	805ff3d4	LEFT
8032c17c	805ff3d9	RIGHT
8032c17c	805ff3e7	ONE
8032c17c	805ff3eb	TWO
8032c17c	805ff3ef	HOME
8032c17c	805ff3f4	PLUS
8032c17c	805ff3f9	MINUS
8032c17c	805ff3ff	ANALOG
8032c17c	805ff406	~UP
8032c17c	805ff40a	~DOWN
8032c17c	805ff410	~LEFT
8032c17c	805ff416	~RIGHT
8032c17c	805ff429	~ONE
8032c17c	805ff42e	~TWO
8032c17c	805ff433	~HOME
8032c17c	805ff439	~PLUS
8032c17c	805ff43f	~MINUS
8032c17c	805ff446	~ANALOG
8032c520	804d8870	Controller
8032c6c4	804d887b	ACTION_EVENT
8032c6c4	804d8888	CONTROLLER_STATE
8032c6c4	804d8899	CONTROLLER_STATE_TRANSITION
8032c6c4	804d88b5	CONTROLLER_EVENT
8032c6c4	805ff44e	MOD1
8032c6c4	805ff454	MOD2
8032c6c4	805ff459	BUTTON
8032e3cc	804d88dd	DEFAULT_MACHINE
8032e5a0	804d88ed	PGCongaAlloc
8032f168	804d89c0	pg_bughunt_caughtbug
8032f168	804d89d5	microgame_bughunt
8032f168	804d89e7	nature_area
8032f168	804d89f3	icon_position
8032f168	804d8a01	game_time_limit
8032f168	804d8a11	bug_positions
8032f168	804d8a1f	bugs_for_win
8032f168	804d8a2c	fountain_area
8032f2c4	804d89c0	pg_bughunt_caughtbug
8032f2c4	804d8a3a	MicroBugHuntManager::MicroBugManager
8032f2c4	804d8a5f	BG_SwipeRegular
8032f2c4	804d8a6f	BG_SwipeRegularReverse
8032f654	804d89c0	pg_bughunt_caughtbug
8032f654	804d89d5	microgame_bughunt
8032f654	804d89e7	nature_area
8032f654	804d8a2c	fountain_area
8032f654	804d8a01	game_time_limit
8032f654	804d8a86	max_flight_time
8032f654	804d8a96	wander_radius
8032f654	804d8aa4	marbles_won
8032f654	804d8ab0	bug_size
8032f750	804d89c0	pg_bughunt_caughtbug
8032f750	804d89d5	microgame_bughunt
8032f750	804d89e7	nature_area
8032f750	804d8a2c	fountain_area
8032f750	804d8a11	bug_positions
8032f83c	805ff478	.gsh
8032f83c	805ff47d	net.o
8032f83c	804d8af1	Microgame::MicroBugNetShadowRenderEntity
8032f83c	804cc724	Ren::CachedModel
80330c78	804d8ab9	pg_starburst
80330d70	804d8ac6	PauseMenu
80331260	804cc724	Ren::CachedModel
80331364	804d8b2d	MicroBugManager::MicroBugHuntBug
80331628	804d8b50	basketball
80331628	805ff490	.gsh
80331628	804d8b5b	basketball.o
80331628	804d8b68	basketball_shadow.o
80331628	804d8b7c	Microgame::DribblingBallModel
80331628	804d8b9a	Microgame::DribblingBallShadowModel
80331628	804d8bbe	Microgame::DribblingBallShadowRenderEntity
80331628	804d8be9	dribble_ball
80331628	804d8bf6	dribble_ring
80331a8c	804d8c03	FreeThrowToss
80331ea4	804d8b50	basketball
80332ae4	804d8b50	basketball
80332ae4	804d8c11	microgame_dribbling
80332ae4	804d8c25	nature_area
80332ae4	804d8c31	ball_position
80332ae4	804d8c3f	marbles_won
80332ae4	804d8c4b	beat_speed
80332ae4	804d8c56	time_limit
80332ae4	804d8c61	dribbles_required
80332ae4	804d8c73	park_area
80332ae4	804d8c7d	school_area
80332ae4	804d8c89	stadium_area
80332d88	804d8c96	pg_starburst
80332e80	804d8ca3	PauseMenu
8033314c	804d8d21	Microgame::FreeThrowBallCollisionListener
8033314c	804d8ccb	basketball.o
8033314c	804d8cd8	basketball_shadow.o
8033314c	804cc724	Ren::CachedModel
8033314c	804d8d4b	FreeThrowBallShadowRenderEntity
8033314c	804d8cec	pg_freethrow_trail
80334d04	804d8dd0	mg_freethrow_school
803373a4	805ff4c0	base
803373a4	804d8f48	microgame_highfives
803373a4	804d8f5c	marbles_won
8033740c	804d8f68	HF_HighFive
803378b0	804d8f74	pg_highfive_impact
80338cdc	804d907f	DartShootoutRunStopShootCompulsion
80338cfc	804d90a2	DartShootoutShootCompulsion
80338d1c	804d90be	DartShootoutMegashotCompulsion
80338d3c	804d90dd	DartShootoutIntroCompulsion
8033931c	804d91a7	DSShadowRenderEntity
8033931c	804d91bc	Darts: DartCollisionListener
8033a2d8	805ff4d0	.gsh
8033a2d8	804d916e	data\minigames\dartshootout\
8033a2d8	805ff4d8	.viv
8033a2d8	804cc724	Ren::CachedModel
8033a2d8	804d918b	ds_dart_v0
8033a2d8	805ff4dd	ds_dart
8033a2d8	805ff4e5	_v%d
8033abf8	804d9223	pg_ds_dartdartimpact
8033b9f8	804d9258	pg_ds_reticule_crosshair
8033b9f8	804d9271	pg_ds_reticule%d
8033c138	804d9282	pg_ds_megashotgun
8033d758	804d92a4	pg_ds_megameter%d%d
8033d9d8	804d92b8	ds_dartgun_high
8033d9d8	804d92c8	data\minigames\dartshootout\
8033d9d8	805ff4fc	.viv
8033d9d8	804cc724	Ren::CachedModel
8033db60	804d9258	pg_ds_reticule_crosshair
8033db60	804d92e5	ds_largeshield
8033db60	804d92f4	ds_shield
8033db60	804d92c8	data\minigames\dartshootout\
8033db60	805ff4fc	.viv
8033db60	804cc724	Ren::CachedModel
8033f19c	805ff508	----
8033f240	805ff508	----
8033fa90	804d9310	mg_dartshootout
8033fa90	804d9384	EncounterPostShowCleared
8033fa90	804d939d	EncounterPostHealthBonusChance
8033fa90	804d93bc	EncounterPostFullAutoBonusChance
8033fa90	804d93dd	%senc%02d
8033fa90	804d9320	EncounterCameraPos
8033fa90	804d9333	EncounterCameraTarget
8033fa90	804d9349	EncounterTimeout
8033fa90	804d935a	CameraTransitionDuration
8033fa90	804d9373	EncounterWeapons
8033fa90	804d93e7	SpawnPoints
8033fa90	805ff510	----
8033fa90	805ff515	/ ,
8033fa90	804d93f3	TargetDefs
803411d8	804d941f	data\minigames\dartshootout\
803411d8	805ff530	.viv
803411d8	804cc724	Ren::CachedModel
803415e0	805ff114	DART
803415e0	804d9440	ds_%s_propset
803415e0	804d944e	data\minigames\dartshootout\
803415e0	805ff53f	.viv
80341b54	805ff548	ds_
80341b54	805ff114	DART
80341b54	804d9470	_propset
80341b54	805ff54c	.gsh
80341b54	804d9479	data\minigames\dartshootout\
80341b54	805ff554	.viv
80341b54	804cc724	Ren::CachedModel
80344bbc	804d9596	g_dart_minion_school
80345168	804d95ab	ds_dartgun_low
80345168	805ff56c	.gsh
80345168	804d95ba	data\minigames\dartshootout\
80345168	805ff574	.viv
80345168	804cc724	Ren::CachedModel
80345370	804d95d7	DS_START_ROLL
80345370	804d95e5	DS_START_FADE
80345ea8	804d9632	mg_dartshootout
80345ea8	805ff580	targets
80345ea8	804d9642	TargetType
80345ea8	805ff114	DART
80345ea8	804d964d	TargetID
80345ea8	805ff588	----
80345ea8	804d9656	EnterStartOffset
80345ea8	804d9667	EnterEndOffset
80345ea8	804d9676	EnterSpeed
80345ea8	804d9681	ActiveEndOffset
80345ea8	804d9691	ActiveSpeed
80345ea8	804d969d	ActiveLoop
80345ea8	804d96a8	LeaveEndOffset
80345ea8	804d96b7	LeaveSpeed
80345ea8	805ff58d	Health
80345ea8	804d96c2	Lifetime
80345ea8	804d96cb	LifetimeVariance
80345ea8	804d96dc	CharacterEnterExitType
8034626c	804d91a7	DSShadowRenderEntity
8034740c	804d96f8	ds_target_pinup_innocent
8034740c	805ff598	.gsh
8034740c	804d984a	data\minigames\dartshootout\
8034740c	805ff5a0	.viv
8034740c	804cc724	Ren::CachedModel
80347f00	804d9b32	DartShootout: DSDartGun
80347f00	804d9b16	DartShootout: DSDartManager
80347f00	804d9aa9	DSPropSet
80347f00	804d9b4a	DartShootout: DSTargetManager
80347f00	804d9af5	DartShootout: DSEncounterManager
80347f00	804d9ab3	DartShootout: DSObjectManager
80347f00	804d9ad1	DartShootout: DSFullScreenFxManager
80347f00	804d98e1	DS_Reload
803488dc	805ff5a8	DartHud
80348c84	804d9b32	DartShootout: DSDartGun
80348c84	804d9b16	DartShootout: DSDartManager
80348c84	804d9b4a	DartShootout: DSTargetManager
80348c84	804d9af5	DartShootout: DSEncounterManager
80348c84	804d9ab3	DartShootout: DSObjectManager
80348c84	804d9ad1	DartShootout: DSFullScreenFxManager
80349d44	804d994e	bestiary
80349d44	805ff5b0	gender
8034b8ac	804d98a8	mg_ds_talia
8034b8ac	804d9957	mg_dartshootout
8034b8ac	805ff5b7	dares
8034b8ac	804d9967	dare_health
8034b8ac	804d9973	dare_points
8034b8ac	804d997f	dare_time
8034bbb0	804d98a8	mg_ds_talia
8034bbb0	804d9957	mg_dartshootout
8034bbb0	804d9989	diff_level_easy
8034bbb0	804d9999	diff_level_normal
8034bbb0	804d99ab	diff_level_hard
8034bbb0	804d99bb	diff_level_stickerking
8034bbb0	804d99d2	target_scores
8034bbb0	804d99e0	points_megashot
8034bbb0	804d99f0	points_shielded_dart
8034bbb0	804d9a05	big_dart_score_multiplier
8034bbb0	804d9a1f	bullet_time_hit_score
8034bd6c	804d9957	mg_dartshootout
8034bd6c	804d9a35	TimeLimit
8034c03c	804d9b68	mg_dodgeball
8034c03c	804d9b75	ai_movement_multiplier
8034c03c	804d9b8c	ai_normal_catch_percentage
8034c03c	804d9ba7	ai_power_catch_percentage
8034c03c	804d9bc1	ai_power_upgrade_catch_percentage
8034c03c	804d9be3	ai_mega_catch_percentage
8034c03c	804d9bfc	ai_bobble_catch_percentage
8034c03c	804d9c17	ai_bobble_catch_drop_percentage
8034c03c	804d9c37	ai_normal_block_percentage
8034c03c	804d9c52	ai_power_block_percentage
8034c03c	804d9c6c	ai_power_upgrade_block_percentage
8034c03c	804d9c8e	ai_mega_block_percentage
8034c03c	804d9ca7	ai_normal_dodge_percentage
8034c03c	804d9cc2	ai_power_dodge_percentage
8034c03c	804d9cdc	ai_power_upgrade_dodge_percentage
8034c03c	804d9cfe	ai_mega_dodge_percentage
8034c03c	804d9d17	ai_fake_throw_percentage
8034c03c	804d9d30	ai_power_throw_percentage
8034c03c	804d9d4a	ai_power_upgrade_throw_percentage
8034c03c	804d9d6c	ai_mega_throw_percentage
8034c03c	804d9d85	ai_target_percentage
8034c03c	804d9d9a	ai_throw_min_wait
8034c03c	804d9dac	ai_throw_max_wait
8034c03c	804d9dbe	ai_boost_attempt_percentage
8034c03c	804d9dda	ai_good_boost_percentage
8034c03c	804d9df3	ai_react_to_fake_percentage
8034c03c	804d9e0f	ai_fake_detection_radius
8034e0e8	804d9f08	DodgeballReactToFakeCompulsion
8034e114	804d9f27	DodgeballBoostCompulsion
8034e140	804d9f40	DodgeballThrowCompulsion
8034e160	804d9f59	DodgeballReactCompulsion
8034e2fc	804d9f82	_shadow.o
8034e2fc	805ff5c7	.gsh
8034e2fc	804cc724	Ren::CachedModel
8034e2fc	804d9ff1	Minigame::DodgeballShadowRenderEntity
8034f020	804d9f8c	pg_dodgeball_megatrail_%d
8034f0b0	804d9fa6	pg_dodgeball_trail_%d
8034f0b0	804d9f8c	pg_dodgeball_megatrail_%d
80350768	804da1e2	Minigame::DodgeballPowerMeter
80350768	804da053	pg_dodgeball_mega_-1
803528f4	804da0c5	dodgeball_mega_%d%d
803528f4	804da0d9	pg_dodgeball_boosttrail_%d
8035399c	804da0f4	pg_dodgeball_ready
80355bc0	804da16d	pg_dodgeball_positive
80355c5c	804da183	pg_dodgeball_negative
80356464	805feba8	DBLL
80357434	804da5b2	Minigame::Dodgeball
80357434	804da599	Minigame::DodgeballCourt
80357434	804da2a0	MGDodgeball::mTarManager
803577f4	804da2b9	data/minigames/dodgeball/mgdodgeball.viv
803577f4	804da2e2	dodgeballindicators.gsh
8035a470	804da359	ai_mega_throw_percentage
8035a4ec	804da372	ai_power_throw_percentage
8035b204	804da38c	DodgeballHud
8035b504	804da2a0	MGDodgeball::mTarManager
8035b504	804da399	hit_points
8035b504	804da3a4	dodge_points
8035b504	804da3b1	catch_points
8035b504	804da3be	block_points
8035b504	804da3cb	powerhit_points
8035bb9c	804da2a0	MGDodgeball::mTarManager
8035bb9c	804da3db	DB_Throw
8035bb9c	804da3e4	DB_DodgeLeft
8035bb9c	804da3f1	DB_DodgeRight
8035bb9c	804da3ff	DB_Boost
8035be04	804da2a0	MGDodgeball::mTarManager
8035be04	804da408	tunables
8035be04	804da411	endurance_dares
8035be04	804da421	team_flurry_dares
8035be04	804da433	dodge_dares
8035be80	804da2a0	MGDodgeball::mTarManager
8035be80	804da43f	game_play_type
8035be80	804da44e	game_play_win_value
8035be80	804da462	instant_opponent_revive
8035be80	804da47a	num_characters_player_team
8035be80	804da495	num_characters_ai_team
8035be80	804da4ac	number_balls
8035be80	804da4b9	user_can_catch
8035be80	804da4c8	revive_on_catch
8035be80	804da4d8	user_eliminated_on_catch
8035be80	804da4f1	balls_on_ai_side_always
8035be80	804da509	dodgeball_max_inactive_time
8035c4bc	804da5c8	mg_footie
8035c4bc	804da5d2	ai_save_weak_shot_percentage
8035c4bc	804da5ef	ai_save_normal_shot_percentage
8035c4bc	804da60e	ai_save_strong_shot_percentage
8035c4bc	804da62d	ai_save_mega_shot_percentage
8035c4bc	804da64a	ai_save_block_shot_percentage
8035c4bc	804da668	ai_save_fall_for_jump_juggle_percentage
8035c4bc	804da690	ai_save_wrong_direction_percentage
8035c4bc	804da6b3	ai_save_too_early_percentage
8035c4bc	804da6d0	ai_block_attempt_percentage
8035c4bc	804da6ec	ai_block_shot_attempt_percentage
8035c4bc	804da70d	ai_serve_min_wait_time
8035c4bc	804da724	ai_serve_max_wait_time
8035c4bc	804da73b	ai_perfect_juggle_percentage
8035c4bc	804da758	ai_good_juggle_percentage
8035c4bc	804da772	ai_bad_juggle_percentage
8035c4bc	804da78b	ai_perfect_shot_percentage
8035c4bc	804da7a6	ai_good_shot_percentage
8035c4bc	804da7be	ai_bad_shot_percentage
8035c4bc	804da7d5	ai_first_hit_juggle_percentage
8035c4bc	804da7f4	ai_first_hit_shot_percentage
8035c4bc	804da811	ai_first_hit_jump_juggle_percentage
8035c4bc	804da835	ai_second_hit_juggle_percentage
8035c4bc	804da855	ai_second_hit_shot_percentage
8035c4bc	804da873	ai_second_hit_jump_juggle_percentage
8035c4bc	804da898	ai_third_hit_juggle_percentage
8035c4bc	804da8b7	ai_third_hit_shot_percentage
8035c4bc	804da8d4	ai_third_hit_jump_juggle_percentage
8035c4bc	804da8f8	ai_slow_shot_percentage
8035c4bc	804da910	ai_normal_shot_percentage
8035c4bc	804da92a	ai_fast_shot_percentage
8035e804	804daa99	FootieJumpCompulsion
8035e830	804daaae	FootieServeCompulsion
8035e85c	804daac4	FootieJuggleCompulsion
8035e888	804daadb	FootieBlockShotCompulsion
8035e8b4	804daaf5	FootieBlockCompulsion
8035e8e0	804dab0b	FootieDiveSaveCompulsion
8035e90c	804dab24	FootiePositionCompulsion
8035eae0	804dab40	footieball
8035eae0	804dab4b	_shadow.o
8035eae0	805ff5e7	.gsh
8035eae0	804dab55	Minigame::FootieBallModel
8035eae0	804dab6f	Minigame::FootieBallShadowModel
8035eae0	804dab8f	Minigame::FootieBallShadowRenderEntity
8035eae0	804dabb6	Minigame::FootieBallCollisionListener
8035f9d0	804dab40	footieball
8035f9d0	804dabdc	pg_dodgeball_megatrail_%d
8035fb08	804dac22	pg_footie_glow
8035fbf8	804dac31	pg_footie_goal
80360538	805ff10f	FOOT
803616b4	804dacb6	Minigame::FootiePowerMeter
803618d0	804dacd1	Minigame::FootieCharacterCollisionListener
80362524	80606554	?O\)@@
80363040	80606554	?O\)@@
80363d0c	804dad4a	pg_footie_impact
80363e94	804dad4a	pg_footie_impact
803644d0	804dad4a	pg_footie_impact
80365fac	805ff10f	FOOT
80366124	804daef0	Minigame::FootieNetListener
803680f0	805ff10f	FOOT
803684dc	805ff10f	FOOT
80368830	804daf78	footie_world
80368830	804daf85	Minigame::FootieBall
80368830	804daf9a	Minigame::FootieField
80368830	804dafb0	Minigame::FootieCharacter
80368830	804dafca	Minigame::FootieTarManager
80368b98	804daf78	footie_world
80368b98	804dafe5	Minigame::PhysicsWorld
80368b98	804daffc	data/minigames/footie/mgfootie.viv
80368b98	804db01f	footieindicators.gsh
80368b98	804db034	SC_Serve
80368b98	804db03d	SC_Juggle
80368b98	804db047	SC_DiveLeft
80368b98	804db053	SC_DiveRight
8036973c	804daf78	footie_world
8036973c	804db102	dare_tweakables
8036973c	804db112	shutout_easy_goals_to_win
8036973c	804db12c	normal_max_vollys
8036973c	804db13e	shutout_med_goals_to_win
8036973c	804db157	shutout_hard_goals_to_win
8036973c	804db171	keeper_challenge_easy_saves
8036973c	804db18d	keeper_challenge_med_saves
8036973c	804db1a8	keeper_challenge_hard_saves
8036973c	804db1c4	normal_goals_to_win
80369ab8	804daf78	footie_world
80369ab8	804db1d8	level_easy
80369ab8	804db1e3	level_medium
80369ab8	804db1f0	level_hard
80369ab8	804db1fb	level_stickerkid
8036ab24	804db20c	pg_footie_impact
8036c5cc	804daf78	footie_world
8036c5cc	804db2cd	ai_enable_mega_shot2
8036c5cc	804db2e2	ai_enable_block_shot
8036d89c	804db2f7	FootieHud
8036df2c	804daf78	footie_world
8036df2c	805ff624	scoring
8036df2c	804db301	score_block
8036df2c	804db30d	score_regular_goal
8036df2c	804db320	score_mega_goal
8036df2c	804db330	score_block_shot
8036df2c	804db341	score_save
8036df2c	804db34c	score_winner_team_multiplier
8036e39c	805ff630	%02d
8036e39c	804db3ce	pa_world
8036e39c	804db67b	Physics::PhysicsManager
8036e39c	804db3d7	data/minigames/paperairplane/mgpaperairplane.viv
8036e39c	804db645	Minigame::PaperAirplaneCourse
8036e39c	804db693	PaperAirplanes: PAPowerupManager
8036e39c	804db663	Minigame::PaperAirplane
8036e39c	804db408	PA_Throw
8036e39c	804db411	PA_Boost
8036f48c	805ff630	%02d
8037163c	804db4c9	SelectPlane
80371d20	805ff630	%02d
80371d20	804db4d5	mg_paperairplanes
80371d20	804db4e7	dare_points
80371d20	804db4f3	dare_points_reverse
80371e9c	804db507	rings_red
80371e9c	804db511	dare_red_rings
80371e9c	804db520	dare_red_rings_reverse
80371e9c	804db537	rings_blue
80371e9c	804db542	dare_blue_rings
80371e9c	804db552	dare_blue_rings_reverse
80371e9c	804db56a	rings_green
80371e9c	804db576	dare_green_rings
80371e9c	804db587	dare_green_rings_reverse
80372098	804db4d5	mg_paperairplanes
80372098	804db5a0	max_duration
80372098	804db5ad	bonus_treshold
80372098	804db5bc	treshold_increment
803724f8	804db6b8	pg_pa_sprinkler
8037312c	804cc724	Ren::CachedModel
80373448	804db735	mg_paperairplanes
80373448	804db747	obstacles
80373b0c	804db758	pa_plane
80373b0c	804db761	pa_plane_glider
80373b0c	804db771	pa_plane_red
80373b0c	804db77e	pa_plane_stealth
80373b0c	804db78f	pa_plane_fighter
80373b0c	805ff658	.gsh
80373b0c	804db7a0	_shadow.o
80373b0c	804cc724	Ren::CachedModel
80373b0c	804db889	PaperAirplaneShadowRenderEntity
80373b0c	804db8a9	Minigame::PaperAirplaneCollisionListener
80373b0c	805ff660	pg_wind
80373b0c	804db7aa	pg_pa_lockon
80373b0c	804db7b7	pg_pa_indicator_%d
80374244	804db758	pa_plane
80374244	804db761	pa_plane_glider
80374244	804db771	pa_plane_red
80374244	804db77e	pa_plane_stealth
80374244	804db78f	pa_plane_fighter
80374244	805ff658	.gsh
80374244	804db7a0	_shadow.o
80374244	804cc724	Ren::CachedModel
80374244	804db889	PaperAirplaneShadowRenderEntity
80374244	804db8a9	Minigame::PaperAirplaneCollisionListener
80376478	804db758	pa_plane
80376c98	804db7aa	pg_pa_lockon
80377a44	804db818	pg_pa_impact
803780c0	804db825	pg_pa_ready
803780c0	804db831	pg_pa_locka
803792d8	805ff668	.gsh
803792d8	805ff670	.viv
803792d8	804cc724	Ren::CachedModel
803792d8	805ff675	_shadow
803792d8	804db926	data\physics\
803792d8	805ff67d	.hkx
803792d8	805ff682	pa_wall
803792d8	804db934	pa_course_new00
803792d8	805ff68a	pa_ceil
80379d08	804db944	mg_paperairplanes
80379d08	805ff692	length
80379d08	804db956	checkpoints
80379d08	804db962	respawn_points
80379d08	804db971	start_time
80379d08	804db97c	start_time_reverse
8037ad18	804db9c0	mg_paperairplanes
8037ad18	804db9d2	red_points
8037ad18	804db9dd	blue_points
8037ad18	804db9e9	green_points
8037ad18	805ff6a0	length
8037ad18	804db9f6	powerups
8037ad18	805ff6a7	rings
8037ad18	804db9ff	rings_red
8037ad18	804dba09	rings_blue
8037ad18	804dba14	rings_green
8037ad18	804dba20	pg_pa_endtarget
8037b5fc	804db9c0	mg_paperairplanes
8037b5fc	804dba56	pg_pa_tornato2
8037b5fc	805ff6ad	red_100
8037b5fc	804dba65	blue_100
8037b5fc	804dba6e	green_100
8037b5fc	804dba78	pg_vacuum_power_up
8037b5fc	804dba8b	pg_pa_boost_icon
8037bf0c	805ff6b8	%s_%s
8037bf0c	804dbc1c	mg_rccars
8037c00c	804dbc1c	mg_rccars
8037c00c	805ff6b8	%s_%s
8037c0d8	804dbc1c	mg_rccars
8037c0d8	804dbc26	%s_slowdown_chevron_avoidance
8037c0d8	804dbc44	%s_speedup_chevron_awareness
8037c1b0	804dbc1c	mg_rccars
8037c1b0	804dbc61	state_durations
8037c1b0	804dbc71	%s_duration
8037cd30	805ff6be	RCCR
8037e190	804db67b	Physics::PhysicsManager
8037e190	804dc569	RcCars: RcTrack
8037e190	804dbeec	data/minigames/rccars/tracks/rccartrack%2d.viv
8037e190	804dbf1b	data/minigames/rccars/tracks/rccartrack%2d_shadow.viv
8037e190	804dbf51	data/minigames/rccars/rccars.viv
8037e190	804dc54f	RcCars: RcObstacleManager
8037e190	804dc538	RcCars: RcPatchManager
8037e190	804dbf72	rccarindicators.gsh
8037e190	804dbf86	MGRcCars::mTarManager
8037e190	804dc5a3	RcCars: RcPowerupManager
8037e190	804dc593	RcShadowManager
8037e190	804dbf9c	rccars_icon
8037e190	804dbfa8	bestiary
8037e190	804dbfb1	asset_name
8037e190	804dc579	RcCars: RcInterestManager
8037e190	804dbfbc	RC_SwitchLeftFromRest
8037e190	804dbfd2	RC_SwitchRightFromRest
8037e190	804dbfe9	RC_SwitchLeftAgain
8037e190	804dbffc	RC_SwitchRightAgain
8037e190	804dc010	DB_Boost
8037e190	804dc019	rccars_track%d
8037e190	804dc028	mg_rccars
8037e190	804dc032	camera_full_poshorizdist
8037e190	804dc04b	camera_full_posvertdist
8037e190	804dc063	camera_full_targetvertdist
8037e190	804dc07e	camera_full_lookahead
8037e190	804dc094	camera_full_laneskew
8037e190	804dc0a9	camera_half_poshorizdist
8037e190	804dc0c2	camera_half_posvertdist
8037e190	804dc0da	camera_half_targetvertdist
8037e190	804dc0f5	camera_half_lookahead
8037e190	804dc10b	camera_half_laneskew
8037e190	804dc120	camera_quarter_poshorizdist
8037e190	804dc13c	camera_quarter_posvertdist
8037e190	804dc157	camera_quarter_targetvertdist
8037e190	804dc175	camera_quarter_lookahead
8037e190	804dc18e	camera_quarter_laneskew
8037e190	804dc1a6	camera_safe_lane%d_full_poshorizdist
8037e190	804dc1cb	camera_safe_lane%d_full_posvertdist
8037e190	804dc1ef	camera_safe_lane%d_full_targetvertdist
8037e190	804dc216	camera_safe_lane%d_half_poshorizdist
8037e190	804dc23b	camera_safe_lane%d_half_posvertdist
8037e190	804dc25f	camera_safe_lane%d_half_targetvertdist
8037e190	804dc286	camera_safe_lane%d_quarter_poshorizdist
8037e190	804dc2ae	camera_safe_lane%d_quarter_posvertdist
8037e190	804dc2d5	camera_safe_lane%d_quarter_targetvertdist
8037e190	804dc2ff	camera_target_heightweight
8037e190	804dc31a	camera_pos_heightweight
8037ef38	804dc028	mg_rccars
8037ef38	804dc332	tunables
8037ef38	804dc33b	pre_go_boost_window
8037ef38	804dc34f	post_go_boost_window
8037ef38	804dc364	boost_ability
8037ef38	804dc372	zap_upgrade
8037ef38	804dc37e	top_speed_upgrade
8037ef38	804dc390	nitro_upgrade
8037f480	804dc028	mg_rccars
8037f480	804dc332	tunables
8037f480	804dc39e	sprint_laptime_level1
8037f480	804dc3b4	sprint_laptime_level2
8037f480	804dc3ca	sprint_laptime_level3
8037f480	804dc3e0	sprint_laptime_level4
803803a0	805ff72a	RcCar
803805b8	805ff72a	RcCar
80380800	804dc3f6	RcRacerHud
80380c10	805ff71c	T_Lap
80381520	804dc444	pg_rccar_ready
80381520	804dc453	pg_rccar_ready_arrow_ai_%d
803834d8	804dc028	mg_rccars
803834d8	805ff722	scoring
803834d8	804dc479	score_attack_points
803834d8	804dc48d	score_first_place_points
803834d8	804dc4a6	score_pickup_points
803834d8	804dc4ba	score_bump_points
8038384c	804dc5c0	rc_buggy
8038384c	804dc5f8	spoiler_stockShape
8038384c	804dc60b	spoiler_upgradeShape
8038384c	804dc620	rc_carbody
8038384c	804dc62b	pg_rccar_dust
8038384c	804dc639	pg_rccar_accel
8038384c	804dc648	pg_rccar_decel
8038384c	804dc657	pg_rccar_zapped
8038384c	804dc667	pg_rccar_nitrous
8038384c	804dc678	pg_rccar_powerup_shield
8038384c	804dc690	pg_rccar_trail%d
803841dc	804dc781	RcCars: RcCarCollisionListener
80384f58	804dc6a1	pg_rccar_zap_%d
80385230	804dc6b1	pg_rccar_zaplaunch_%d
803852f0	804dc6b1	pg_rccar_zaplaunch_%d
80385528	804dc6c7	pg_rccar_firecracker1
80386348	804dc6dd	pg_sparks_side_hit
80386348	804dc6f0	pg_sparks_back_hit
80389be8	804dc5c0	rc_buggy
80389be8	805ff752	.gsh
80389be8	805ff757	body.o
80389be8	804dc74a	body_shadow.o
80389be8	804cc724	Ren::CachedModel
80389be8	805ff75e	_v%d
80389be8	804dc758	spoiler_blue
80389be8	804dc765	rc_spoiler
80389be8	805ff763	wheel
8038a094	804dc5f8	spoiler_stockShape
8038a094	804dc60b	spoiler_upgradeShape
8038aafc	80606c78	@#33@
8038aafc	80606c18	?fffDz
8038aafc	80606c20	?333?
8038d9fc	804cc724	Ren::CachedModel
8038dee0	804dc808	pg_pa_tornado
8038ecb8	804dc90c	rccartrack%02d
8038ecb8	805ff780	.mkr
8038f154	804dc91b	rccars_track%d
8038f154	804dc92a	mg_rccars
8038f154	805ff785	Markers
8038f50c	804dc934	pg_rccar_powerup
8038fa84	804dc945	pg_rccar_fireworkfuse
803906d8	805ff78d	.gsh
803906d8	804cc724	Ren::CachedModel
803908f4	805ff11e	RCCR
803908f4	804dc960	rccarblob
8039141c	804dc970	rccartrack%02d
8039141c	805ff798	.gsh
8039141c	804dc97f	powerups.o
8039141c	804dc98a	data/world/world.gsh
8039141c	804cc724	Ren::CachedModel
8039141c	804dc99f	_shadow.gsh
8039141c	804dc9ab	_shadow.o
803917e0	804dc970	rccartrack%02d
803917e0	805ff7a0	.mkr
803917e0	804dc9b5	strip.mkr
803931b0	804dc970	rccartrack%02d
803931b0	805ff7a5	.cpt
803931b0	805ff7a0	.mkr
803931b0	804dc9bf	lanes.mkr
803932b4	804dc970	rccartrack%02d
803932b4	804dc9bf	lanes.mkr
80395168	804dc9c9	powerupShape%d
803951f4	804dc9c9	powerupShape%d
80395354	804dc9f0	mg_tetherball
80395354	804dc9fe	ai_toofastchance
80395354	804dca0f	ai_tooslowchance
80395354	804dca20	ai_wrongheightchance
80395354	804dca35	ai_powerhitchance
80395354	804dca47	ai_megahitchance
80395354	804dca58	ai_powermessupfactor
80395354	804dca6d	ai_megamessupfactor
803958d8	805ff7b0	TBLL
80395d84	804dc9f0	mg_tetherball
80395d84	804dcb10	hit_returnanglepostdelta
80395d84	804dcb29	hit_accelanglepredelta
80395d84	804dcb40	hit_accelanglepostdelta
80396394	804dcbcc	TetherballMoveCompulsion
803966c4	804dcbe8	tetherball_pole_school
803966c4	804dcbff	tetherball_pole_school_w_ball
803966c4	804dcc1d	tetherball_pole_stadium
803966c4	804dcc35	tetherball_pole_stadium_w_ball
803966c4	804dcc54	tetherball_pole_forest
803966c4	804dcc6b	tetherball_pole_forest_w_ball
803966c4	804dcc89	pg_tetherball_normimpact_plr1
803966c4	804dcca7	pg_tetherball_normimpact_plr2
803966c4	804dccc5	pg_tetherball_powerimpact_plr1
803966c4	804dcce4	pg_tetherball_powerimpact_plr2
803966c4	804dcd03	data/minigames/tetherball/mgtetherball.viv
803966c4	804dcd2e	TB_RegularStrike
803966c4	804dcd3f	TB_RegularStrikeReverse
803966c4	804dcd57	TB_OverhandStrike
803966c4	804dcd69	TB_ServeToss
803966c4	804dcd76	pg_tetherball_poleglow
803966c4	804dcd8d	mg_tetherball
803966c4	804dcd9b	tunables
803966c4	804dcda4	ball_basehitspeed
803966c4	804dcdb6	ball_acceleratemodifier
803966c4	804dcdce	ball_powermodifier
803966c4	804dcde1	ball_megamodifier
803966c4	804dcdf3	hit_returnanglepredelta
803966c4	804dce0b	hit_returnanglepostdelta
803966c4	804dce24	hit_accelanglepredelta
803966c4	804dce3b	hit_accelanglepostdelta
803994f4	804dcbe8	tetherball_pole_school
803994f4	804dcd8d	mg_tetherball
803994f4	804dcd9b	tunables
803994f4	804dcda4	ball_basehitspeed
803994f4	804dcdb6	ball_acceleratemodifier
803994f4	804dcdce	ball_powermodifier
803994f4	804dcde1	ball_megamodifier
8039a94c	804dd00d	pg_tetherball_point_red
8039c220	804dcbe8	tetherball_pole_school
8039c220	804dd0d6	pg_tetherball_x2
8039c220	804dd0e7	pg_tetherball_x3
8039c220	804dd0f8	pg_tetherball_x4
8039c220	804dd109	pg_tetherball_x5
8039c220	804dcf60	pg_generic_positive
8039cbd0	804dcbe8	tetherball_pole_school
8039cbd0	805ff7b8	scoring
8039cbd0	804dcd8d	mg_tetherball
8039cbd0	804dd12d	accuracy_points
8039cbd0	804dd13d	powerhit_points
8039cbd0	804dd14d	megahit_points
8039ce38	804dcbe8	tetherball_pole_school
8039ce38	804dcd9b	tunables
8039ce38	804dd15c	dares_speed_rounds
8039ce38	804dd16f	dares_time
8039ce38	804dd17a	dares_endurance
8039cf90	804dcbe8	tetherball_pole_school
8039cf90	804dcd8d	mg_tetherball
8039cf90	804dd18a	game_play_type
8039cf90	804dd199	single_player_num_rounds
8039cf90	804dd1b2	distance_from_pole
8039cf90	804dd1c5	handicap
8039cf90	804dd1ce	single_player_rotations_to_win
8039cf90	804dd1ed	game_duration
8039d3d8	804dd268	teatherball
8039d3d8	805ff7c0	.gsh
8039d3d8	804dd274	teatherball.o
8039d3d8	804dd282	teatherball_shadow.o
8039d3d8	804cc724	Ren::CachedModel
8039d3d8	804dd297	teatherball_rope
8039d3d8	804dd2a8	teatherball_rope.o
8039d3d8	804dd2bb	teatherball_rope_shadow.o
8039d3d8	804dd3c9	TetherballShadowRenderEntity
8039d3d8	804dd2d5	mg_tetherball
8039d3d8	804dd2e3	tunables
8039d3d8	804dd2ec	ball_basehitspeed
8039d3d8	804dd2fe	ball_acceleratemodifier
8039d3d8	804dd316	ball_powermodifier
8039d3d8	804dd329	ball_megamodifier
8039d904	804dd268	teatherball
8039e8c0	805ff119	TBLL
8039ec0c	804dd3e8	level_easy
8039ec0c	804dd3f3	level_medium
8039ec0c	804dd400	level_hard
8039ec0c	804dd40b	level_stickerking
8039ec0c	804dd41d	mg_wallball
8039ec0c	804dd429	ai_super_serve_percentage
8039ec0c	804dd443	ai_power_hit_percentage
8039ec0c	804dd45b	ai_mega_hit_percentage
8039ec0c	804dd472	ai_lob_hit_percentage
8039ec0c	804dd488	ai_hit_percentage
8039ec0c	804dd49a	ai_dive_hit_percentage
8039f85c	804dd54b	WallballHitBallCompulsion
8039f888	804dd565	WallballServeCompulsion
8039f954	804dd580	MGWallball::mTarManager
8039f954	804dda00	Minigame::WallballCourt
8039f954	804dda18	Minigame::Wallball
8039fc80	804dd580	MGWallball::mTarManager
803a03d4	804dd580	MGWallball::mTarManager
803a03d4	804dd617	level_easy
803a03d4	804dd622	level_medium
803a03d4	804dd62f	level_hard
803a03d4	804dd63a	level_stickerking
803a03d4	804dd64c	mg_wallball
803a03d4	804dd658	rallys_per_speed_level
803a03d4	804dd66f	ball_speed_levels
803a03d4	804dd681	character_speed_levels
803a2814	804dd580	MGWallball::mTarManager
803a2814	804dd64c	mg_wallball
803a2814	804dd6f4	dare_tweakables
803a2814	804dd704	powerdown_easy_num_rounds
803a2814	804dd71e	powerdown_med_num_rounds
803a2814	804dd737	solo_easy_rally_count
803a2814	804dd74d	solo_easy_rallys_per_speed_level_override
803a2814	804dd777	solo_med_rally_count
803a2814	804dd78c	solo_med_rallys_per_speed_level_override
803a2814	804dd7b5	normal_powerup_max_spawn_time
803a2814	804dd7d3	normal_powerup_min_spawn_time
803a2814	804dd7f1	normal_powerup_max_wallhits
803a2814	804dd80d	normal_powerup_min_wallhits
803a2814	804dd829	solo_hard_rally_count
803a2814	804dd83f	solo_hard_rallys_per_speed_level_override
803a2814	804dd869	warp_challenge_num_rounds
803a2814	804dd883	increased_powerup_max_spawn_time
803a2814	804dd8a4	increased_powerup_min_spawn_time
803a2814	804dd8c5	increased_powerup_max_wallhits
803a2814	804dd8e4	increased_powerup_min_wallhits
803a2814	804dd903	speed_challenge_num_rounds
803a2814	804dd91e	warpspeed_challenge_num_rounds
803a2814	804dd93d	normal_play_num_rounds
803a2d60	804dd580	MGWallball::mTarManager
803a2d60	805ff7c8	scoring
803a2d60	804dd64c	mg_wallball
803a2d60	804dd954	score_megahit
803a2d60	804dd962	score_warp
803a2d60	804dd96d	score_superball
803a2d60	804dd97d	score_ingame_point
803a308c	804dda39	_shadow.o
803a308c	805ff7db	.gsh
803a308c	804cc724	Ren::CachedModel
803a308c	804ddb15	Minigame::WallballShadowRenderEntity
803a3ca8	805ff105	WBLL
803a4a9c	804dda30	wallball
803a5554	804ddb87	WallballCharacter::mAlphaBlend
803a6fb0	804ddc1b	pg_wallball_positive
803a835c	804ddc48	wallball_mega_%d%d
803a9c18	804ddcf0	wallball_powerup_megahit
803a9c18	804ddd09	wallball_powerup_superball
803a9c18	804ddd24	wallball_powerup_warpball
803a9c18	804ddd3e	wallball_powerup_warpballspinner
803aae00	804ddd5f	pg_wallball_megaboost_pu_hit
803aaf28	804ddd7c	pg_wallball_superball_pu_hit
803ab294	805ff7f8	NONE
803ab580	804ddda0	PreGameInstructions
803ab6fc	804dddb4	PostGame
803abac4	804ddda0	PreGameInstructions
803abf40	804e8840	data/csvs.viv
803ac1f0	804e884e	PartFxManager
803ad02c	804e8840	data/csvs.viv
803ad02c	805ff845	pal
803ad02c	805ff849	ntsc
803ad02c	805ff84e	16x9_
803ad02c	805ff854	4x3_
803ad02c	805ff859	english
803ad02c	805ff861	Loading
803ad51c	804e8840	data/csvs.viv
803ad910	804e8986	GameSelect
803ae660	804e8998	%s%s.loc
803ae660	804e89a1	string.idx
803ae9fc	804e89b0	disc.ini
803aee08	804e89b0	disc.ini
803aee08	804e89b9	productcode
803aee08	804e89c5	parentallock
803aee08	804e89d2	RET000000
803af0cc	804e89e0	MultiplayerMode
803af7b0	804e8a13	Loaded Character Profile
803af7b0	804e8a2c	Character Profile
803afc34	805ff8e0	EMPTY
803afec0	804e89f0	data\conversation\conversation.viv
803afec0	804e8a3e	bestiary
803afec0	804e8a47	minigame
803afec0	804e8a50	minigames
803afec0	804e8a5a	Sticker1
803afec0	804e8a63	Sticker2
803afec0	804e8a6c	Sticker3
803afec0	804e8a75	marbles_won_game
803afec0	804e8a86	marbles_won_dares
803afec0	804e8a98	minigame_id
803b0424	804e89f0	data\conversation\conversation.viv
803b0424	805ff8e0	EMPTY
803b0424	804e8a3e	bestiary
803b0424	805ff8e6	base
803b0424	804e8a47	minigame
803b0424	804e8b03	highfiveable
803b0424	804e8b10	area_conversations
803b0424	805ff8eb	marbles
803b0424	804e8b23	positions
803b0424	804e8b2d	high_scores
803b0424	805ff8f6	scores
803b0424	805ff8fd	score
803b0d60	804e89f0	data\conversation\conversation.viv
803b0d60	804e8a50	minigames
803b0d60	805ff8e6	base
803b0d60	804e8b39	minigame_dare_1
803b0d60	804e8b49	minigame_dare_2
803b0d60	804e8b59	minigame_dare_3
803b0fd0	804e8b69	StickerBookGame
803b1040	804e8b79	StickerStoreGame
803b10cc	804e8b8a	StickerBookCover
803b1158	804e8b9b	ReportCard
803b1234	804e8b8a	StickerBookCover
803b12c0	804e8ba6	StickerStoreCover
803b1424	804e89f0	data\conversation\conversation.viv
803b1424	804e8bb8	mg_dartshootout_stickerking
803b1704	804e89f0	data\conversation\conversation.viv
803b1704	804e8c97	mg_dartshootout
803b1704	804e8ca7	mg_dodgeball
803b1704	804e8cb4	mg_footie
803b1704	804e8cbe	mg_paperairplanes
803b1704	804e8cd0	mg_rccars
803b1704	804e8cda	mg_tetherball
803b1704	804e8ce8	mg_wallball
803b1704	804e8cf4	abilities
803b1704	805ff903	ability
803b1704	804e8b69	StickerBookGame
803b1aa8	804e8d25	%s,%d,%s,%d
803b1c64	804e89f0	data\conversation\conversation.viv
803b1c64	804e8a3e	bestiary
803b1c64	804e8a47	minigame
803b1c64	804e8d31	mg_tetherball_easy
803b1e5c	804e89f0	data\conversation\conversation.viv
803b1e5c	804e8c97	mg_dartshootout
803b1e5c	804e8ca7	mg_dodgeball
803b1e5c	804e8cb4	mg_footie
803b1e5c	804e8cbe	mg_paperairplanes
803b1e5c	804e8cd0	mg_rccars
803b1e5c	804e8cda	mg_tetherball
803b1e5c	804e8ce8	mg_wallball
803b1e5c	804e8cf4	abilities
803b1e5c	805ff903	ability
803b347c	804e8d78	StrapWarningScreen
803b34f8	804e8d78	StrapWarningScreen
803b34f8	804e8d8b	StrapScreenRender
803b34f8	804e8d9d	data/boot/strapwarn_
803b34f8	805ff910	wide_
803b34f8	804e8db2	standard_
803b34f8	804e8dbc	english.gsh
803b34f8	804e8dc8	french.gsh
803b34f8	804e8dd3	german.gsh
803b34f8	804e8dde	spanish_eu.gsh
803b34f8	804e8ded	italian.gsh
803b34f8	804e8df9	dutch.gsh
803b34f8	804e8e03	Strap Warning file
803b34f8	804e8e16	strapA_screen
803b3988	804e8e28	Unknown TRC alloc
803b399c	804e8e28	Unknown TRC alloc
803b3afc	804e8e3a	CloseOverlay
803b3afc	804e8e47	MainMenu
803b3d74	804e8e28	Unknown TRC alloc
803b3d74	804e8ea8	P_ControllerDisconnectResponse_Yes
803b3d74	804e8e86	P_ControllerDisconnectResponse_No
803b3d74	804e8e68	P_ControllerDisconnectMessage
803b3d74	804e8e50	Controller Disconnected
803b40ec	804e8e28	Unknown TRC alloc
803b40ec	804e8ecb	T_Comp_Profile
803b40ec	804e8eda	T_Comp_MainMenu
803b40ec	804e8f08	data\locale\trc
803b40ec	804e8f18	data/saveicons/icon0.tpl
803b40ec	804e8f31	/data/saveicons/banner.tpl
803b40ec	804e8fa0	data\keyboard
803b439c	804e8fae	data/home
803b4414	805ff926	main
803b4414	805ff92b	_level0
803b444c	804e8fb8	<<test>> BootcheckDone %d\n
803b448c	804e8fd3	<<test>> DeleteDone result %d\n
803b4508	804e8ecb	T_Comp_Profile
803b4508	804e8ff2	<<test>> GetDataSave\nsize: %d\nfilename: %s\ndescription: %s\n
803b459c	804e902e	<<test>> GetFileTypeName - %s\n
803b459c	805ff93e	profile
803b466c	805ff946	RPXP
803b466c	805ff94b	RPXE
803b486c	804e9088	<<test>> SaveResults %d %d\n
803b4904	804e90a4	<<test>> SetAutoEnabled %d\n
803b4918	804e90c0	<<test>> SetLanguage %d\n
803b492c	804e90d9	<<test>> SetDataLoad size %d\n
803b498c	804e90f7	<<test>> StartAnimation\n
803b499c	804e9110	<<test>> StopAnimation\n
803b49ac	804e9128	<<test>> AutocheckDone\n
803b49bc	804e9140	<<test>> GetFileType %d\n
803b4a08	804e9159	<<test>> UtilStart type %d\n
803b4a1c	804e9175	<<test>> UtilStop type %d\n
803b4a30	804e8e28	Unknown TRC alloc
803b4a30	804e9190	<<test>> FileListResults \n
803b4a30	804e91ab	files found %3d\n
803b4a30	804e91bc	%3d filehandle %3d filename %s\n
803b4a30	804e91dc	year %04d  month %02d  day %02d  hour %2d  minute %02d  second %02d\n
803b4b94	805ff958	TRC_NO
803b4b94	805ff950	TRC_YES
803b4b94	804e922d	TRC_OVERWRITE_CONFIRM
803b4b94	804e9221	ConfirmSave
803b4c94	804e9243	SaveOverConfirmResults %d\n
803b4d28	804e925e	KeyboardResults %d\n
803b4dd0	804e9272	KeyboardFilter\n
803b4e4c	804e9282	Open Keyboard\n
803b5c00	804e92e8	PhysicsCharacterListener::InternalListener
803b6c38	804e93bf	PhysicsAlloc
803b7674	804e941a	Physics::PhysicsPhantomListener
803b7674	804e943a	Physics::PhysicsPhantom
803b8560	804e93cc	data/physics/
803b8560	804e93da	paper_airplane_pieces_
803b9060	804e9458	PhysicsStack
803be790	804e974e	Camera::Camera
803beed0	804e97fe	Ren::Engine
803bf080	804e97d7	AlphaScaleValue
803bf080	804e97e7	CullEnabled
803bf348	804e97f3	Ren::Scene
803c0f2c	804e98a7	Freecam Zoom: Small
803c0f2c	804e98bb	Freecam Zoom: Normal
803c0f2c	804e98d0	Freecam Zoom: Large
803c0f2c	804e98e4	Freecam Zoom: Largest
803c1e54	804e9928	FullScreenEffectsManager::sFSEffectInstance
803c2650	806076b4	@fffA(
803c2f34	804e9a50	Ren::LightManager
803c4504	804e9ad8	Ren::FrustumTest
803c5150	804e9af0	Ren::ShadowManager::mShadowFrameBufferShape
803c5150	804e9b1c	shadowtexture
803c5150	804e9b2a	shadowprojection
803c5150	804e9b3b	shadowview
803c5150	804e9b46	shadowcolour
803c6578	804e9b78	skybox.gsh
803c6578	804e9b83	data\placeables\skybox.viv
803c6578	804e9b9e	skybox.o
803c6578	804e9ba7	skybox_clouds.gsh
803c6578	804e9bb9	data\placeables\skybox_clouds.viv
803c6578	804e9bdb	skybox_clouds.o
803c6578	804e9beb	skybox_mountain_city_ring.gsh
803c6578	804e9c09	data\placeables\skybox_mountain_city_ring.viv
803c6578	804e9c37	skybox_mountain_city_ring.o
803c7510	804e9df9	Ren::WorldLightManager
803c7624	804e9d91	data/world/world-misc.gsh
803c7624	805ffa78	specmap
803c7624	804e9dab	characterfacespecmap
803c7624	804e9dc0	purplespecmap
803c7624	804e9dce	redspecmap
803c7624	804e9dd9	SpecularMap
803c7624	804e9de5	CharFaceSpecularMap
803c7a7c	804e9e10	_anims.anm
803c7a7c	804e9e52	AnimationAssets
803c7a7c	804e9e1b	animation_states
803c7a7c	804e9e2c	AnimationManager::AnimationStateGraph
803c7a7c	805ffa80	.csv
803c7c18	804e9e52	AnimationAssets
803c7c18	805ffa80	.csv
803c7c18	804e9e2c	AnimationManager::AnimationStateGraph
803c7fa0	804e9e68	AnimationState::mPoseBuffer
803c7fa0	804e9e84	AnimationState::mBoneMatrixBuffer
803c92d8	804e9ef0	ANIM_IDLE
803c92d8	804eb52c	ANIM_STATE
803c92d8	804eb537	ANIM_ASSET
803c92d8	804eb542	ANIM_LOOPING
803c92d8	804eb54f	ANIM_BLEND_TIME
803c92d8	804eb55f	ANIM_NEXT_STATE
803c92d8	804eb56f	START_TIME
803c92d8	804eb57a	TRUNCATE_TIME
803c92d8	804eb588	ANIM_REVERSE
803c92d8	804eb595	RANDOM_START_TIME
803c92d8	804eb5a7	USE_FRAMETIME
803c92d8	804eb50b	CS_R_PROP_BONE
803c92d8	804eb51a	CS_BODY_PROP_BONE
803c92d8	804eb5b5	EVENT_NAME%d
803c92d8	804eb5c2	EVENT_TIME%d
803c97b4	804e9ef0	ANIM_IDLE
803c97b4	804eb5cf	anim_state_%d
803c97b4	804eb5dd	anim_asset_%d
803c97b4	804eb5eb	anim_looping_%d
803c97b4	804eb5fb	anim_blendtime_%d
803c97b4	804eb60d	anim_next_state_%d
803c97b4	804eb620	start_time_%d
803c97b4	804eb62e	truncate_time_%d
803c97b4	804eb63f	anim_reverse_%d
803ca320	804eb650	AssetManager
803cb29c	804eb65d	AssetManger::BFList::%s
803cb29c	805ffa9a	%s|%s
803cc8ac	805ffaa3	.gsh
803cc8ac	805ffaa8	.ske
803cc8ac	805ffaad	.anm
803cc8ac	805ffab2	.mkr
803cc8ac	805ffab7	.cpt
803cc8ac	805ffabc	.csv
803cdc78	804eb728	Debug Menu
803cdc78	804eb733	Debug SubmenuWidget
803ce654	805ffac8	yes
803ce830	805ffacf	[%s]
803cf0e4	804eb7db	IniFile::GetParamValue
803cf20c	804eb7f8	IniFileManager
803cf32c	804eb807	IniFileManager::LoadIniFile
803cf6a8	804eb9fc	new (Unknown)
803cf6bc	804eba0a	new[] (Unknown)
803d0320	804eba20	mg_dodgeball_easy
803d0374	804eba32	mg_dodgeball_medium
803d03c8	804eba46	mg_dodgeball_hard
803d041c	804eba20	mg_dodgeball_easy
803d0470	804eba32	mg_dodgeball_medium
803d04c4	804eba46	mg_dodgeball_hard
803d0518	804eba20	mg_dodgeball_easy
803d056c	804eba32	mg_dodgeball_medium
803d05c0	804eba46	mg_dodgeball_hard
803d0614	804eba58	mg_tetherball_easy
803d0668	804eba6b	mg_tetherball_medium
803d06bc	804eba80	mg_tetherball_hard
803d0710	804eba58	mg_tetherball_easy
803d0764	804eba6b	mg_tetherball_medium
803d07b8	804eba80	mg_tetherball_hard
803d080c	804eba58	mg_tetherball_easy
803d0860	804eba6b	mg_tetherball_medium
803d08b4	804eba80	mg_tetherball_hard
803d0908	804eba93	mg_rccars_level1
803d095c	804ebaa4	mg_rccars_level2
803d09b0	804ebab5	mg_rccars_level3
803d0a04	804ebac6	mg_rccars_level4
803d0a58	804eba93	mg_rccars_level1
803d0aac	804ebaa4	mg_rccars_level2
803d0b00	804ebab5	mg_rccars_level3
803d0b54	804ebac6	mg_rccars_level4
803d0ba8	804eba93	mg_rccars_level1
803d0bfc	804ebaa4	mg_rccars_level2
803d0c50	804ebab5	mg_rccars_level3
803d0ca4	804ebac6	mg_rccars_level4
803d0cf8	804ebad7	mg_dartshootout_easy
803d0d4c	804ebaec	mg_dartshootout_medium
803d0da0	804ebb03	mg_dartshootout_hard
803d0df4	804ebad7	mg_dartshootout_easy
803d0e48	804ebaec	mg_dartshootout_medium
803d0e9c	804ebb03	mg_dartshootout_hard
803d0ef0	804ebad7	mg_dartshootout_easy
803d0f44	804ebaec	mg_dartshootout_medium
803d0f98	804ebb03	mg_dartshootout_hard
803d0fec	804ebb18	mg_footie_easy
803d1040	804ebb27	mg_footie_medium
803d1094	804ebb38	mg_footie_hard
803d10e8	804ebb18	mg_footie_easy
803d113c	804ebb27	mg_footie_medium
803d1190	804ebb38	mg_footie_hard
803d11e4	804ebb47	mg_paperairplanes_level1
803d1238	804ebb60	mg_paperairplanes_level2
803d128c	804ebb79	mg_paperairplanes_level4
803d12e0	804ebb47	mg_paperairplanes_level1
803d1334	804ebb92	mg_paperairplanes_level3
803d1388	804ebb47	mg_paperairplanes_level1
803d13dc	804ebb60	mg_paperairplanes_level2
803d1430	804ebb92	mg_paperairplanes_level3
803d1484	804ebb79	mg_paperairplanes_level4
803d14d8	804ebb60	mg_paperairplanes_level2
803d152c	804ebb92	mg_paperairplanes_level3
803d1580	804ebb79	mg_paperairplanes_level4
803d15d4	804ebbab	mg_wallball_easy
803d1628	804ebbbc	mg_wallball_medium
803d167c	804ebbab	mg_wallball_easy
803d16d0	804ebbbc	mg_wallball_medium
803d1724	804ebbcf	mg_wallball_hard
803d1778	804ebbab	mg_wallball_easy
803d17cc	804ebbbc	mg_wallball_medium
803d1820	804ebbcf	mg_wallball_hard
803d1874	804ebbe0	DebugMenu Renderer
803d1874	804ebbf3	RootMenu
803d1874	805ffb30	Cheats
803d1874	804ebbfc	DebugMenu::BoolWidget
803d1874	804ebc12	Enable AI
803d1874	804ebc1c	DebugMenu::ActionWidget
803d1874	804ebc34	Exit and Win Current MiniGame
803d1874	804ebc52	Unlock All Gates
803d1874	804ebc63	Unlock All Mini Games
803d1874	804ebc79	Win all games and dares except 1
803d1874	804ebc9a	Force Gauntlet Unlocked
803d1874	804ebcb2	Win all gauntlet games except 1
803d1874	804ebcd2	Add 50 Marbles
803d1874	804ebce1	Abilities
803d1874	804ebceb	Unlock All Abilities
803d1874	804ebd00	Lock All Abilities
803d1874	804ebd13	Dart Shootout
803d1874	804ebd21	Health Upgrade
803d1874	804ebd30	Damage Upgrade
803d1874	804ebd3f	Larger Shield
803d1874	804ebd4d	Mega Shot
803d1874	804ebd57	Dodgeball
803d1874	804ebd61	Power Throw
803d1874	804ebd6d	Boost Offline
803d1874	804ebd7b	Mega Throw
803d1874	805ffb37	Footie
803d1874	804ebd86	Power Kick
803d1874	804ebd91	Power Block
803d1874	804ebd9d	Mega Kick
803d1874	804ebda7	Paper Airplanes
803d1874	804ebdb7	Glider Plane
803d1874	804ebdc4	Stealth Plane
803d1874	804ebdd2	Red Barron Plane
803d1874	804ebde3	Fighter Jet
803d1874	805ffb3e	Rc Cars
803d1874	804ebdef	Top Speed Boost
803d1874	804ebdff	Nitro Upgrade
803d1874	804ebe0d	Zap Upgrade
803d1874	804ebe19	Tetherball
803d1874	804ebe24	Mega Serve
803d1874	804ebe2f	Mega Punch Upgrade
803d1874	804ebe42	Power Glove
803d1874	804ebe4e	Wallball
803d1874	804ebe57	Mega Hit
803d1874	804ebe60	Power Hand
803d1874	804ebe6b	Disable Effects
803d1874	804ebe7b	Start Dare
803d1874	804ebe86	Endurance Easy
803d1874	804ebe95	Endurance Normal
803d1874	804ebea6	Endurance Hard
803d1874	804ebeb5	Team Flurry Easy
803d1874	804ebec6	Team Flurry Normal
803d1874	804ebed9	Team Flurry Hard
803d1874	804ebeea	Dodge Challenge Easy
803d1874	804ebeff	Dodge Challenge Normal
803d1874	804ebf16	Dodge Challenge Hard
803d1874	804ebf2b	Speed Rounds Easy
803d1874	804ebf3d	Speed Rounds Normal
803d1874	804ebf51	Speed Rounds Hard
803d1874	804ebf63	Time Challenge Easy
803d1874	804ebf77	Time Challenge Normal
803d1874	804ebf8d	Time Challenge Hard
803d1874	804ebfa1	Wall Ball
803d1874	804ebfab	Power Down Easy
803d1874	804ebfbb	Power Down Normal
803d1874	804ebfcd	Solo Easy
803d1874	804ebfd7	Solo Normal
803d1874	804ebfe3	Solo Hard
803d1874	804ebfed	Warp Speed Easy
803d1874	804ebffd	Warp Speed Normal
803d1874	804ec00f	Warp Speed Hard
803d1874	804ec01f	Red Rings Level 1
803d1874	804ec031	Red Rings Level 2
803d1874	804ec043	Red Rings Level 4
803d1874	804ec055	Green Rings Level 1
803d1874	804ec069	Green Rings Level 3
803d1874	804ec07d	Points Level 1
803d1874	804ec08c	Points Level 2
803d1874	804ec09b	Points Level 3
803d1874	804ec0aa	Points Level 4
803d1874	804ec0b9	Blue Rings Level 2
803d1874	804ec0cc	Blue Rings Level 3
803d1874	804ec0df	Blue Rings Level 4
803d1874	805ffb46	Kicks
803d1874	804ec0f2	Shootout Easy
803d1874	804ec100	Shootout Normal
803d1874	804ec110	Shootout Hard
803d1874	804ec11e	Keeper Easy
803d1874	804ec12a	Keeper Normal
803d1874	804ec138	Keeper Hard
803d1874	804ec144	Dart Tag
803d1874	804ec14d	Health Easy
803d1874	804ec159	Health Normal
803d1874	804ec167	Health Hard
803d1874	804ec173	Time Easy
803d1874	804ec17d	Time Normal
803d1874	804ec189	Time Hard
803d1874	804ec193	Points Easy
803d1874	804ec19f	Points Normal
803d1874	804ec1ad	Points Hard
803d1874	804ec1b9	Slot Racer
803d1874	804ec1c4	Sprint Easy
803d1874	804ec1d0	Sprint Normal
803d1874	804ec1de	Sprint Hard
803d1874	804ec1ea	Sprint Hardest
803d1874	804ec1f9	Knockout Easy
803d1874	804ec207	Knockout Normal
803d1874	804ec217	Knockout Hard
803d1874	804ec225	Knockout Hardest
803d1874	804ec236	Speed Easy
803d1874	804ec241	Speed Normal
803d1874	804ec24e	Speed Hard
803d1874	804ec259	Speed Hardest
803d1874	804ec267	Unlock all MP Characters
803d1874	804ec280	High Resolution Screen Capture
803d1874	804ec29f	Take a snapshot
803d1874	805ffb4c	Locale
803d1874	804ec2af	  Toggle String ID
803d48c0	805ffb59	pgIO
803d4d38	804ec318	PGMoviePlayer::Create
803d4f70	805ffb60	%s\%s%s
803d4f70	805ffb68	.vp6
803d4f70	804ec32e	MoviePlayer
803d5520	804ec340	RenderTextureUtil::mScene
803d5760	804ec370	Utils::SlotPool::Unnamed
803d5a68	804ec3ae	AccessibilityManager
803d5c7c	805ffb70	base
803d5c7c	805ffb75	popups
803d5e68	804ec3c8	world-low-all
803d5e68	804ec3d6	area_type
803d5e68	804ec3e0	area_name
803d5e68	805ffb86	-high
803d5fe4	804ec3c8	world-low-all
803d5fe4	804ec3ea	-alpha.o
803d5fe4	805ffb8f	-fade.o
803d5fe4	804ec3f3	-fade-bbox.csv
803d5fe4	804ec402	AreaDrawManager::mGeometryStates
803d5fe4	804ec423	CENTER_X
803d5fe4	804ec42c	CENTER_Y
803d5fe4	804ec435	CENTER_Z
803d5fe4	804ec43e	AXIS_X_X
803d5fe4	804ec447	AXIS_X_Y
803d5fe4	804ec450	AXIS_X_Z
803d5fe4	804ec459	AXIS_Y_X
803d5fe4	804ec462	AXIS_Y_Y
803d5fe4	804ec46b	AXIS_Y_Z
803d5fe4	804ec474	AXIS_Z_X
803d5fe4	804ec47d	AXIS_Z_Y
803d5fe4	804ec486	AXIS_Z_Z
803d5fe4	804ec48f	EXTENT_X
803d5fe4	804ec498	EXTENT_Y
803d5fe4	804ec4a1	EXTENT_Z
803d5fe4	804ec4aa	-alphafade.o
803d5fe4	804ec4b7	-alphafade-bbox.csv
803d7604	804ec4e0	data/world/world.gsh
803d7604	804ec4f5	data/world/world.big
803d7604	804ec50a	world.csv
803d7604	805ffb98	RADIUS
803d8004	804ec538	SFX_ANIM
803d8758	804ec538	SFX_ANIM
803d8758	804ec541	placeables
803d8758	805ffba0	base
803d8758	804ec709	PlaceableManager::PlaceableAsset
803d8758	804ec6ed	PlaceableManager::Placeable
803d8758	804ec5a9	has_collisions
803d8758	804ec5b8	asset_name
803d8758	804ec54c	position
803d8758	804ec555	orientation
803d8758	804ec561	default_visible
803d8758	804ec571	is_fadeable
803d8758	804ec57d	has_animtriggeredaudio
803d8758	804ec5c3	audio_range
803d8758	804ec594	active_areas_enabled
803d8758	804ec5cf	active_areas
803d8758	805ffba8	.mkr
803d8758	804ec5dc	data/placeables/
803d8758	805ffbad	.viv
803d8758	805ffbb5	.gsh
803d8758	804ec5ed	_skel.ske
803d8758	804ec5f7	_anims.anm
803d8758	804ec602	_shadow.o
803d8758	804ec60c	data/physics/
803d8758	805ffbba	.hkx
803d8758	804cc724	Ren::CachedModel
803d8758	805ffbbf	_blend
803d8758	805ffbc6	_shad
803d8758	805ffbcc	_add
803d8758	805ffbd1	godrays
803d8758	804ec61a	_groundadd
803d8758	805ffbd9	_ground
803d8758	804ec6c3	Ren::CachedAnimatedModel
803d8758	804ec6b4	AnimationState
803d8758	804ec625	Placeable::mTextureMatrices
803d965c	804ec538	SFX_ANIM
803d965c	804ec641	_tanim.csv
803d965c	804ec64c	PlaceableAsset::TextureAnimData
803d965c	804ec66c	PALETTE_INDEX
803da20c	804ec730	area_transition
803da20c	804ec740	warpto_position
803da27c	804ec730	area_transition
803da27c	804ec750	warpto_direction
803da2ec	804ec730	area_transition
803da2ec	804ec761	stickerkid_enter_position
803da35c	804ec730	area_transition
803da35c	804ec77b	stickerkid_conversation_position
803da3cc	804ec730	area_transition
803da3cc	804ec79c	stickerkid_exit_position
803da43c	804ec730	area_transition
803da43c	804ec7b5	area_start
803da43c	805ffbf0	gate
803da43c	805ffbf5	gates
803da43c	804ec7c0	unlockable
803da43c	804ec7cb	gate_right
803da43c	804ec7d6	gate_left
803da43c	804ec7e0	placeables
803da43c	804ec7eb	position
803da43c	804ec7f4	orientation
803da43c	804ec800	physics_name
803da778	804ec730	area_transition
803da778	804ec80d	area_end
803da7e8	804ec730	area_transition
803da7e8	805ffbf5	gates
803da7e8	804ec7cb	gate_right
803da7e8	804ec7d6	gate_left
803da7e8	804ec7e0	placeables
803daa10	804ec730	area_transition
803daa10	805ffbf5	gates
803daa10	804ec7cb	gate_right
803daa10	804ec7d6	gate_left
803daa10	804ec7e0	placeables
803dac2c	805ffbf5	gates
803dac2c	804ec816	fade_color
803dad34	805ffbf5	gates
803dad34	804ec821	stickers_required
803dadd8	804ec730	area_transition
803dadd8	805ffbf5	gates
803dadd8	804ec833	landmark_camera_initial_target
803dadd8	804ec852	landmark_camera_initial_position
803dadd8	804ec873	landmark_camera_final_target
803dadd8	804ec890	landmark_camera_final_position
803dadd8	804ec8af	landmark_pan_milliseconds
803dadd8	804ec8c9	landmark_pan_final_pause
803dafbc	804ec730	area_transition
803dafbc	805ffbf5	gates
803dafbc	804ec8e2	nis_camera_target
803dafbc	804ec8f4	nis_camera_position
803dafbc	804ec908	nis_particle_effect_location
803dafbc	804ec925	pg_gate_open
803dafbc	804ec7cb	gate_right
803dafbc	804ec7d6	gate_left
803dafbc	804ec7e0	placeables
803db5d8	804ec730	area_transition
803db5d8	804ec965	trigger_radius
803dbc5c	804ec978	data\conversation\conversation.viv
803dbc5c	804ec99b	character_info
803dbc5c	805ffc00	player
803dbc5c	804ec9aa	start_location
803dbc5c	804ec9b9	start_direction
803dbd48	804db67b	Physics::PhysicsManager
803dbd48	804ec9c9	playground
803dbd48	804ece42	World::AreaManager
803dbd48	804ece22	WorldEffectManager
803dbd48	804ece55	CharacterManager
803dbd48	804ece35	SpawnManager
803dbd48	804ec9d4	area_transition
803dbd48	804ecdfd	MicroBugHuntManager
803dbd48	804ecded	HighFiveManager
803dc030	804ec978	data\conversation\conversation.viv
803dc030	804ec9e4	character_select
803dc030	804ec9f5	character
803dc030	804ec9ff	characterlist
803dc030	804eca0d	pg_starburst
803dc030	804eca1a	WorldHud
803dc698	804eca1a	WorldHud
803dc77c	804eca0d	pg_starburst
803dc9a0	804eca23	pg_marble_icon
803dcb3c	804ec978	data\conversation\conversation.viv
803dcb3c	804eca32	g_sticker_kid_school
803dcc24	804ec978	data\conversation\conversation.viv
803dcc24	805ffc07	gates
803dcc24	804ecabd	school_entrance
803dcc24	805ffc0d	nis
803dcc24	804ecacd	cam_start_pos
803dcc24	804ecadb	cam_end_pos
803dcc24	804ecae7	cam_start_target
803dcc24	804ecaf8	cam_end_target
803dcc24	804ecb07	player_start_pos
803dcc24	804ecb18	player_end_pos
803dcc24	804ecb27	cam_pan_milliseconds
803dcc24	804ecb3c	player_start_dir
803de0a0	804ecbd2	pg_marbles_aquired
803de658	804ec978	data\conversation\conversation.viv
803de658	804ecbe5	school_marbles
803de658	804ecbf4	stadium_marbles
803de658	804ecc04	nature_marbles
803de658	804ecc13	fountain_marbles
803de794	805ffc11	marbles
803de794	804ecc24	positions
803de794	805ffc19	value
803de940	804ec978	data\conversation\conversation.viv
803de940	804ecc2e	data\microgames\microgames.viv
803de940	804ecc4d	ds_object_can
803de940	805ffc1f	.gsh
803de940	804cc724	Ren::CachedModel
803de940	804ecc5b	basketball_shadow.o
803de940	804ecc6f	PlaygroundWorld::mMarbleShadowRenderEntity
803deaf8	804ecc9a	data\worldprops\worldprops.viv
803df138	804ec978	data\conversation\conversation.viv
803df138	804eccb9	fountain_entrance_postapoc
803df138	805ffc0d	nis
803df138	804ecb3c	player_start_dir
803df138	804ecb07	player_start_pos
803df4e8	804ec978	data\conversation\conversation.viv
803df4e8	804eccd4	fountain_endgame
803df4e8	805ffc0d	nis
803df4e8	804ecb3c	player_start_dir
803df4e8	804ecb07	player_start_pos
803df4e8	804ecacd	cam_start_pos
803df4e8	804ecadb	cam_end_pos
803df4e8	804ecae7	cam_start_target
803df4e8	804ecaf8	cam_end_target
803df4e8	804ecb27	cam_pan_milliseconds
803df4e8	804ecce5	cam_pause_start
803df4e8	804eccf5	cam_pause_end
803df4e8	804ecd03	sticker_kid_end_pos
803dfde8	804ec978	data\conversation\conversation.viv
803dfde8	804ecd17	playground_stadium
803dfde8	804ecd2a	playground_nature
803dfde8	804ecd3c	playground_park
803dfde8	804ecd4c	playground_camera
803dfde8	804ecd5e	playground_nature_camera
803dfde8	804ecd77	playground_park_camera
803dfde8	804ecd8e	playground_stadium_camera
803dff7c	804ec978	data\conversation\conversation.viv
803dff7c	804ecd17	playground_stadium
803dff7c	804ecd8e	playground_stadium_camera
803dff7c	804ecd2a	playground_nature
803dff7c	804ecd5e	playground_nature_camera
803dff7c	804ecd3c	playground_park
803dff7c	804ecd77	playground_park_camera
803e04b8	804ece80	spawn_regions
803e04b8	805ffc28	base
803e04b8	805ffc2d	area
803e04b8	804ece8e	vertices
803e0b44	804eceb6	active_state
803e0b44	804ecec3	bestiary
803e0b44	804ececc	kid%d_id
803e0b44	804eced5	kid%d_count
803e0b44	804ecee1	start_direction
803e0b44	804ecef1	variation
803e0b44	804ecefb	personal_space
803e0b44	804ecf0a	default_pois
803e1790	804ecf40	data\conversation\conversation.viv
803e1790	804ecf63	minigames
803e1790	804ecf6d	minigame_id
803e1790	804ecf79	minigame_level
803e1790	804ecf88	minigame_difficulty
803e1790	804ecf9c	ai_bosscharacterindex
803e1790	804ecfb2	ai_teammates
803e1790	804ecfbf	character_select
803e1790	804ecfd0	character
803e1790	804ecfda	characterlist
803e1790	804ecfe8	ai_opponents
803e1b2c	804ed0b0	DartShootout: MGDartShootout
803e1b2c	804ed09f	RcCars: MGRcCars
803e1b2c	804ed092	MGTetherball
803e1b2c	804ed086	MGDodgeball
803e1b2c	804ed07d	MGFootie
803e1b2c	804ed06c	MGPaperAirplanes
803e1b2c	804ed061	MGWallball
803e1b2c	804ed055	MGFreeThrow
803e27dc	805ffc41	RCCR
803e27dc	805ffc46	TBLL
803e27dc	805ffc4b	DBLL
803e27dc	805ffc50	FOOT
803e27dc	805ffc55	PAIR
803e27dc	805ffc5a	WBLL
803e27dc	805ffc5f	HURD
803e27dc	805ffc64	FRTH
803e3630	805ffc80	%.4s
803e37c4	804ed140	EAGL::ViewPort::gpProjectionMatrix
803e37c4	804ed164	EAGL::ViewPort::gpViewMatrix
803e37c4	804ed184	EAGL::ViewPort::gpModelMatrix
803e37c4	804ed1a4	EAGL::ViewPort::gpModelViewMatrix
803e37c4	804ed1c8	EAGL::ViewPort::gpViewProjectionMatrix
803e37c4	804ed1f0	EAGL::ViewPort::gpViewProjectionGuardbandMatrix
803e37c4	804ed220	EAGL::ViewPort::gpModelViewProjectionMatrix
803e37c4	804ed24c	EAGL::ViewPort::gpIdentity
803e37c4	804ed268	EAGL::Model::gpScaleMatrix
803e387c	805ffc90	Model
803e387c	804ed288	EAGL::GeoPrimState
803e387c	804ed29c	EAGL::TAR
803e396c	804ed288	EAGL::GeoPrimState
803e396c	804ed29c	EAGL::TAR
803e396c	805ffc90	Model
803e396c	804ed2a8	EAGL::ViewPort::gpProjectionMatrix
803e396c	804ed2cc	EAGL::ViewPort::gpViewMatrix
803e396c	804ed2ec	EAGL::ViewPort::gpModelMatrix
803e396c	804ed30c	EAGL::ViewPort::gpModelViewMatrix
803e396c	804ed330	EAGL::ViewPort::gpViewProjectionMatrix
803e396c	804ed358	EAGL::ViewPort::gpModelViewProjectionMatrix
803e3d74	80607a08	\t\t\t\n\t\t\t
803e4370	804ed388	FrameBuffer
803e4370	804ed410	EAGL::VolatileBuffer
803e62d0	804ed404	Wait for GP
803e6930	804ed428	Poly Submission
803e6930	804ed438	State Changes
803e6930	804ed448	Skinning
803e6930	804ed454	Use Texture
803e6930	804ed460	Draw Setup
803e6930	804ed46c	Mem Copies
803e7570	805ffcd4	0x%x
803e8c48	80442bb0	shape_
803e8c48	805ffcd4	0x%x
803e8c48	80607a40	shape_
803edae4	804ed5bc	PROFILER
803edae4	804ed5c8	UNPROFILED
803ee0c0	804ed670	FONT::GCHW_FONT_STATES
803ee62c	804ed688	Start Font Draw
803ee62c	804ed698	Draw Char
803ee62c	804ed6a8	Draw Char Array
803ee62c	804ed6b8	End Font Draw
803f0c14	805ffcd4	0x%x
803f1480	805ffcd4	0x%x
